2026-04-02 21:59:31 | INFO | bridge_app | Bridge starting — repo: C:\Users\winss\Documents\Projects\shorts-uploader-engine
2026-04-02 21:59:31 | INFO | bridge_app | Bridge running in MANUAL-SUPERVISOR mode — review requests will be written to bridge_progress/manual_supervisor/ and no external AI CLI will be invoked.
2026-04-02 22:04:59 | INFO | bridge_app | Bridge starting — repo: C:\Users\winss\Documents\Projects\shorts-uploader-engine
2026-04-02 22:04:59 | INFO | bridge_app | Bridge running in MANUAL-SUPERVISOR mode — review requests will be written to bridge_progress/manual_supervisor/ and no external AI CLI will be invoked.
2026-04-02 22:05:00 | INFO | bridge_app | Git readiness — repo=yes, head=yes, branch=codex/react_electorn_ui, clean=no, staged=0, unstaged=88, untracked=5, next=continue
2026-04-02 22:05:00 | INFO | bridge_app | Added 7 bridge entries to C:\Users\winss\Documents\Projects\shorts-uploader-engine\.gitignore: ['taskJsons/', '.aider.tags.cache.v4/', 'bridge_progress/', 'logs.meta', '.aider.input.history', '.aider.chat.history.md', 'bridge_progress.meta']
2026-04-02 22:05:00 | INFO | bridge_app | Git readiness — repo=yes, head=yes, branch=codex/react_electorn_ui, clean=no, staged=0, unstaged=89, untracked=5, next=continue
2026-04-02 22:05:00 | INFO | bridge_app | Pre-flight checks passed.
2026-04-02 22:05:00 | INFO | bridge_app | Rollback point: 987e526d9523dae7dbe928a44705533f409a5da6
2026-04-02 22:05:00 | INFO | bridge_app | If this run fails, undo all changes with:  git reset --hard 987e526d9523dae7dbe928a44705533f409a5da6
2026-04-02 22:05:00 | INFO | bridge_app | Project type (from saved knowledge): script-driven media upload automation with Electron desktop UI
2026-04-02 22:05:01 | INFO | bridge_app | Project understanding ready: 8 docs, 16 files, confirmed=True
2026-04-02 22:05:01 | INFO | bridge_app | Project knowledge loaded: 16 files registered, 3 features done
2026-04-02 22:05:06 | INFO | bridge_app | Validator: project type set from knowledge: 'script-driven media upload automation with Electron desktop UI' → 'unknown'
2026-04-02 22:05:06 | INFO | bridge_app | Loaded 43 task(s) from plan file
2026-04-02 22:05:08 | INFO | bridge_app | Task 1 — attempt 1/3 — files: missingFeatures/FEATURE_STATUS.md
2026-04-02 22:10:10 | ERROR | bridge_app | Bridge run failed after 309.5s: Task 1: Aider could not start. Aider timed out after 300s
Traceback (most recent call last):
  File "C:\Users\winss\Documents\Projects\codex-aider-bridge-app\main.py", line 1910, in main
    task_diff = execute_task_with_review(
                ^^^^^^^^^^^^^^^^^^^^^^^^^
  File "C:\Users\winss\Documents\Projects\codex-aider-bridge-app\main.py", line 847, in execute_task_with_review
    raise RuntimeError(
RuntimeError: Task 1: Aider could not start. Aider timed out after 300s
2026-04-02 22:10:10 | WARNING | bridge_app | To undo all changes made during this run:  git reset --hard 987e526d9523dae7dbe928a44705533f409a5da6
2026-04-02 22:11:47 | INFO | bridge_app | Bridge starting — repo: C:\Users\winss\Documents\Projects\shorts-uploader-engine
2026-04-02 22:11:47 | INFO | bridge_app | Bridge running in MANUAL-SUPERVISOR mode — review requests will be written to bridge_progress/manual_supervisor/ and no external AI CLI will be invoked.
2026-04-02 22:11:47 | INFO | bridge_app | Git readiness — repo=yes, head=yes, branch=codex/react_electorn_ui, clean=no, staged=0, unstaged=91, untracked=10, next=continue
2026-04-02 22:11:47 | INFO | bridge_app | Added 7 bridge entries to C:\Users\winss\Documents\Projects\shorts-uploader-engine\.gitignore: ['taskJsons/', '.aider.tags.cache.v4/', 'bridge_progress/', 'logs.meta', '.aider.input.history', '.aider.chat.history.md', 'bridge_progress.meta']
2026-04-02 22:11:48 | INFO | bridge_app | Git readiness — repo=yes, head=yes, branch=codex/react_electorn_ui, clean=no, staged=0, unstaged=91, untracked=10, next=continue
2026-04-02 22:11:48 | INFO | bridge_app | Pre-flight checks passed.
2026-04-02 22:11:48 | INFO | bridge_app | Rollback point: 987e526d9523dae7dbe928a44705533f409a5da6
2026-04-02 22:11:48 | INFO | bridge_app | If this run fails, undo all changes with:  git reset --hard 987e526d9523dae7dbe928a44705533f409a5da6
2026-04-02 22:11:48 | INFO | bridge_app | Project type (from saved knowledge): script-driven media upload automation with Electron desktop UI
2026-04-02 22:11:48 | INFO | bridge_app | Project understanding ready: 8 docs, 16 files, confirmed=True
2026-04-02 22:11:48 | INFO | bridge_app | Project knowledge loaded: 16 files registered, 3 features done
2026-04-02 22:11:50 | INFO | bridge_app | Validator: project type set from knowledge: 'script-driven media upload automation with Electron desktop UI' → 'unknown'
2026-04-02 22:11:50 | INFO | bridge_app | Loaded 43 task(s) from plan file
2026-04-02 22:11:52 | INFO | bridge_app | Task 1 — attempt 1/3 — files: missingFeatures/FEATURE_STATUS.md
2026-04-02 22:16:04 | WARNING | bridge_app | Task 1: model edited 91 out-of-scope file(s) — reverting: .gitignore, .metadata_history.json, .youtube_upload_state.json, __pycache__/metaBatchReelsUpload.cpython-313.pyc, __pycache__/youtubeBatchUpload.cpython-313.pyc, bridge_progress/project_knowledge.json, bridge_progress/project_snapshot.json, generated_metadata/VALORANT 01-01-2026 22-23-50-114.metadata.json, generated_metadata/VALORANT 01-01-2026 22-27-44-486.metadata.json, generated_metadata/VALORANT 01-01-2026 22-30-00-065.metadata.json, generated_metadata/VALORANT 01-01-2026 22-44-24-319.metadata.json, generated_metadata/VALORANT 01-01-2026 22-50-27-907.metadata.json, generated_metadata/VALORANT 01-01-2026 22-53-03-725.metadata.json, generated_metadata/VALORANT 01-01-2026 22-58-00-769.metadata.json, generated_metadata/VALORANT 01-03-2026 16-07-35-572.metadata.json, generated_metadata/VALORANT 01-03-2026 16-14-57-271.metadata.json, generated_metadata/VALORANT 01-03-2026 16-16-46-604.metadata.json, generated_metadata/VALORANT 01-03-2026 16-17-56-113.metadata.json, generated_metadata/VALORANT 01-03-2026 16-18-26-465.metadata.json, generated_metadata/VALORANT 01-03-2026 16-21-54-521.metadata.json, generated_metadata/VALORANT 01-03-2026 16-22-46-066.metadata.json, generated_metadata/VALORANT 01-03-2026 16-38-38-337.metadata.json, generated_metadata/VALORANT 01-03-2026 16-39-33-381.metadata.json, generated_metadata/VALORANT 01-03-2026 16-40-54-988.metadata.json, generated_metadata/VALORANT 01-03-2026 16-42-09-922.metadata.json, generated_metadata/VALORANT 01-03-2026 16-43-00-791.metadata.json, generated_metadata/VALORANT 01-04-2026 0-57-57-840.metadata.json, generated_metadata/VALORANT 01-04-2026 1-06-37-837.metadata.json, generated_metadata/VALORANT 01-04-2026 1-08-03-392.metadata.json, generated_metadata/VALORANT 01-04-2026 1-09-17-161.metadata.json, generated_metadata/VALORANT 01-04-2026 1-14-55-788.metadata.json, generated_metadata/VALORANT 01-04-2026 1-18-07-927.metadata.json, generated_metadata/VALORANT 01-04-2026 1-22-34-870.metadata.json, generated_metadata/VALORANT 01-04-2026 1-27-36-355.metadata.json, generated_metadata/VALORANT 01-04-2026 1-30-00-414.metadata.json, generated_metadata/VALORANT 01-04-2026 1-34-23-807.metadata.json, generated_metadata/VALORANT 01-04-2026 1-42-08-070.metadata.json, generated_metadata/VALORANT 01-04-2026 2-24-19-689.metadata.json, generated_metadata/VALORANT 01-04-2026 2-27-29-476.metadata.json, generated_metadata/VALORANT 01-04-2026 2-33-15-879.metadata.json, generated_metadata/VALORANT 01-04-2026 2-35-53-342.metadata.json, generated_metadata/VALORANT 01-04-2026 2-42-35-890.metadata.json, generated_metadata/VALORANT 01-04-2026 2-42-57-892.metadata.json, generated_metadata/VALORANT 01-04-2026 2-45-04-051.metadata.json, generated_metadata/VALORANT 01-04-2026 2-47-17-535.metadata.json, generated_metadata/VALORANT 01-04-2026 2-47-50-718.metadata.json, generated_metadata/VALORANT 01-04-2026 2-49-35-029.metadata.json, generated_metadata/VALORANT 01-04-2026 2-50-26-703.metadata.json, generated_metadata/VALORANT 01-04-2026 2-53-38-842.metadata.json, generated_metadata/VALORANT 01-12-2026 22-06-49-225.metadata.json, generated_metadata/VALORANT 01-12-2026 22-09-51-404.metadata.json, generated_metadata/VALORANT 01-12-2026 22-12-09-913.metadata.json, generated_metadata/VALORANT 01-12-2026 22-15-30-591.metadata.json, generated_metadata/VALORANT 01-12-2026 22-17-01-939.metadata.json, generated_metadata/VALORANT 01-12-2026 22-21-16-079.metadata.json, generated_metadata/VALORANT 01-12-2026 22-25-49-179.metadata.json, generated_metadata/VALORANT 01-12-2026 22-27-26-406.metadata.json, generated_metadata/VALORANT 01-12-2026 22-28-29-340.metadata.json, generated_metadata/VALORANT 01-12-2026 22-29-44-056.metadata.json, generated_metadata/VALORANT 01-12-2026 22-30-19-773.metadata.json, generated_metadata/VALORANT 01-12-2026 22-40-29-242.metadata.json, generated_metadata/VALORANT 01-12-2026 22-40-52-146.metadata.json, generated_metadata/VALORANT 01-12-2026 22-46-38-864.metadata.json, generated_metadata/VALORANT 01-12-2026 22-47-44-126.metadata.json, generated_metadata/VALORANT 01-12-2026 22-50-18-154.metadata.json, generated_metadata/VALORANT 01-12-2026 22-52-14-813.metadata.json, generated_metadata/VALORANT 01-12-2026 22-53-55-626.metadata.json, generated_metadata/VALORANT 01-12-2026 22-55-19-056.metadata.json, generated_metadata/VALORANT 01-12-2026 22-56-42-578.metadata.json, generated_metadata/VALORANT 01-12-2026 23-03-52-209.metadata.json, generated_metadata/VALORANT 01-12-2026 23-08-40-409.metadata.json, generated_metadata/VALORANT 01-12-2026 23-10-09-422.metadata.json, generated_metadata/VALORANT 01-12-2026 23-11-24-562.metadata.json, generated_metadata/VALORANT 01-12-2026 23-12-32-966.metadata.json, generated_metadata/VALORANT 01-12-2026 23-14-43-634.metadata.json, generated_metadata/VALORANT 01-12-2026 23-26-48-316.metadata.json, generated_metadata/VALORANT 01-12-2026 23-28-07-631.metadata.json, generated_metadata/VALORANT 01-12-2026 23-29-52-495.metadata.json, generated_metadata/VALORANT 01-12-2026 23-34-19-295.metadata.json, generated_metadata/VALORANT 01-12-2026 23-34-52-546.metadata.json, generated_metadata/VALORANT 01-12-2026 23-36-04-859.metadata.json, generated_metadata/VALORANT 01-12-2026 23-37-03-798.metadata.json, generated_metadata/VALORANT 01-12-2026 23-41-32-090.metadata.json, generated_metadata/VALORANT 01-12-2026 23-44-55-153.metadata.json, generated_metadata/VALORANT 01-12-2026 23-50-25-385.metadata.json, generated_metadata/VALORANT 01-13-2026 0-15-28-881.metadata.json, generated_metadata/VALORANT 01-13-2026 0-20-41-966.metadata.json, generated_metadata/VALORANT 01-13-2026 0-22-55-038.metadata.json, generated_metadata/VALORANT 01-13-2026 0-27-51-787.metadata.json, generated_metadata/VALORANT 01-13-2026 0-29-18-115.metadata.json, generated_metadata/VALORANT 01-19-2026 23-50-14-085.metadata.json
2026-04-02 22:16:12 | WARNING | bridge_app | Task 1: Aider exited 0 but these file(s) are unchanged: FEATURE_STATUS.md
2026-04-02 22:16:12 | WARNING | bridge_app | Task 1: Aider exited with code 0
2026-04-02 22:16:14 | INFO | bridge_app | Manual supervisor review requested: C:\Users\winss\Documents\Projects\shorts-uploader-engine\bridge_progress\manual_supervisor\requests\task_0001_request.json
2026-04-02 22:16:14 | INFO | bridge_app | Waiting for manual supervisor decision: C:\Users\winss\Documents\Projects\shorts-uploader-engine\bridge_progress\manual_supervisor\decisions\task_0001_decision.json
2026-04-02 22:18:45 | INFO | bridge_app | Bridge starting — repo: C:\Users\winss\Documents\Projects\shorts-uploader-engine
2026-04-02 22:18:45 | INFO | bridge_app | Bridge running in MANUAL-SUPERVISOR mode — review requests will be written to bridge_progress/manual_supervisor/ and no external AI CLI will be invoked.
2026-04-02 22:18:45 | INFO | bridge_app | Git readiness — repo=yes, head=yes, branch=codex/react_electorn_ui, clean=no, staged=0, unstaged=0, untracked=18, next=continue
2026-04-02 22:18:45 | INFO | bridge_app | Added 7 bridge entries to C:\Users\winss\Documents\Projects\shorts-uploader-engine\.gitignore: ['taskJsons/', '.aider.tags.cache.v4/', 'bridge_progress/', 'logs.meta', '.aider.input.history', '.aider.chat.history.md', 'bridge_progress.meta']
2026-04-02 22:18:45 | INFO | bridge_app | Git readiness — repo=yes, head=yes, branch=codex/react_electorn_ui, clean=no, staged=0, unstaged=1, untracked=18, next=continue
2026-04-02 22:18:45 | INFO | bridge_app | Pre-flight checks passed.
2026-04-02 22:18:46 | INFO | bridge_app | Rollback point: 987e526d9523dae7dbe928a44705533f409a5da6
2026-04-02 22:18:46 | INFO | bridge_app | If this run fails, undo all changes with:  git reset --hard 987e526d9523dae7dbe928a44705533f409a5da6
2026-04-02 22:18:46 | INFO | bridge_app | Project type (from saved knowledge): script-driven media upload automation with Electron desktop UI
2026-04-02 22:18:46 | INFO | bridge_app | Project understanding ready: 8 docs, 16 files, confirmed=True
2026-04-02 22:18:46 | INFO | bridge_app | Project knowledge loaded: 16 files registered, 3 features done
2026-04-02 22:18:48 | INFO | bridge_app | Validator: project type set from knowledge: 'script-driven media upload automation with Electron desktop UI' → 'unknown'
2026-04-02 22:18:48 | INFO | bridge_app | Loaded 42 task(s) from plan file
2026-04-02 22:18:50 | INFO | bridge_app | Task 2 — attempt 1/3 — files: app/electron/preload.js
2026-04-02 22:20:59 | WARNING | bridge_app | Task 2: model edited 2 out-of-scope file(s) — reverting: .gitignore, bridge_progress/project_knowledge.json
2026-04-02 22:21:02 | INFO | bridge_app | Manual supervisor review requested: C:\Users\winss\Documents\Projects\shorts-uploader-engine\bridge_progress\manual_supervisor\requests\task_0002_request.json
2026-04-02 22:21:02 | INFO | bridge_app | Waiting for manual supervisor decision: C:\Users\winss\Documents\Projects\shorts-uploader-engine\bridge_progress\manual_supervisor\decisions\task_0002_decision.json
2026-04-02 22:22:42 | ERROR | bridge_app | Bridge run failed after 236.2s: Could not read manual supervisor decision for task 2: Unexpected UTF-8 BOM (decode using utf-8-sig): line 1 column 1 (char 0)
Traceback (most recent call last):
  File "C:\Users\winss\Documents\Projects\codex-aider-bridge-app\utils\manual_supervisor.py", line 194, in wait_for_decision
    payload = json.loads(raw)
              ^^^^^^^^^^^^^^^
  File "C:\Users\winss\AppData\Local\Programs\Python\Python311\Lib\json\__init__.py", line 335, in loads
    raise JSONDecodeError("Unexpected UTF-8 BOM (decode using utf-8-sig)",
json.decoder.JSONDecodeError: Unexpected UTF-8 BOM (decode using utf-8-sig): line 1 column 1 (char 0)

The above exception was the direct cause of the following exception:

Traceback (most recent call last):
  File "C:\Users\winss\Documents\Projects\codex-aider-bridge-app\main.py", line 1910, in main
    task_diff = execute_task_with_review(
                ^^^^^^^^^^^^^^^^^^^^^^^^^
  File "C:\Users\winss\Documents\Projects\codex-aider-bridge-app\main.py", line 1041, in execute_task_with_review
    review = manual_supervisor.wait_for_decision(current_task.id)
             ^^^^^^^^^^^^^^^^^^^^^^^^^^^^^^^^^^^^^^^^^^^^^^^^^^^^
  File "C:\Users\winss\Documents\Projects\codex-aider-bridge-app\utils\manual_supervisor.py", line 196, in wait_for_decision
    raise ManualSupervisorError(
utils.manual_supervisor.ManualSupervisorError: Could not read manual supervisor decision for task 2: Unexpected UTF-8 BOM (decode using utf-8-sig): line 1 column 1 (char 0)
2026-04-02 22:22:42 | WARNING | bridge_app | To undo all changes made during this run:  git reset --hard 987e526d9523dae7dbe928a44705533f409a5da6
2026-04-02 22:23:51 | INFO | bridge_app | Bridge starting — repo: C:\Users\winss\Documents\Projects\shorts-uploader-engine
2026-04-02 22:23:51 | INFO | bridge_app | Bridge running in MANUAL-SUPERVISOR mode — review requests will be written to bridge_progress/manual_supervisor/ and no external AI CLI will be invoked.
2026-04-02 22:23:52 | INFO | bridge_app | Git readiness — repo=yes, head=yes, branch=codex/react_electorn_ui, clean=no, staged=0, unstaged=3, untracked=20, next=continue
2026-04-02 22:23:52 | INFO | bridge_app | Added 7 bridge entries to C:\Users\winss\Documents\Projects\shorts-uploader-engine\.gitignore: ['taskJsons/', '.aider.tags.cache.v4/', 'bridge_progress/', 'logs.meta', '.aider.input.history', '.aider.chat.history.md', 'bridge_progress.meta']
2026-04-02 22:23:52 | INFO | bridge_app | Git readiness — repo=yes, head=yes, branch=codex/react_electorn_ui, clean=no, staged=0, unstaged=4, untracked=20, next=continue
2026-04-02 22:23:52 | INFO | bridge_app | Pre-flight checks passed.
2026-04-02 22:23:52 | INFO | bridge_app | Rollback point: 987e526d9523dae7dbe928a44705533f409a5da6
2026-04-02 22:23:52 | INFO | bridge_app | If this run fails, undo all changes with:  git reset --hard 987e526d9523dae7dbe928a44705533f409a5da6
2026-04-02 22:23:52 | INFO | bridge_app | Project type (from saved knowledge): script-driven media upload automation with Electron desktop UI
2026-04-02 22:23:52 | INFO | bridge_app | Project understanding ready: 8 docs, 16 files, confirmed=True
2026-04-02 22:23:52 | INFO | bridge_app | Project knowledge loaded: 16 files registered, 3 features done
2026-04-02 22:23:54 | INFO | bridge_app | Validator: project type set from knowledge: 'script-driven media upload automation with Electron desktop UI' → 'unknown'
2026-04-02 22:23:54 | INFO | bridge_app | Loaded 42 task(s) from plan file
2026-04-02 22:23:56 | INFO | bridge_app | Task 2 — attempt 1/3 — files: app/electron/preload.js
2026-04-02 22:23:56 | INFO | bridge_app | Recovered existing manual decision for task 2 without waiting.
2026-04-02 22:23:56 | INFO | bridge_app | Task 2: reused existing manual REWORK decision on rerun
2026-04-02 22:23:59 | INFO | bridge_app | Task 2 — attempt 2/3 — files: app/electron/preload.js
2026-04-02 22:24:49 | WARNING | bridge_app | Task 2: model edited 3 out-of-scope file(s) — reverting: .gitignore, bridge_progress/project_knowledge.json, bridge_progress/project_snapshot.json
2026-04-02 22:24:51 | INFO | bridge_app | Manual supervisor review requested: C:\Users\winss\Documents\Projects\shorts-uploader-engine\bridge_progress\manual_supervisor\requests\task_0002_request.json
2026-04-02 22:24:51 | INFO | bridge_app | Waiting for manual supervisor decision: C:\Users\winss\Documents\Projects\shorts-uploader-engine\bridge_progress\manual_supervisor\decisions\task_0002_decision.json
2026-04-02 22:26:21 | WARNING | bridge_app | Task 2: manual supervisor requested rework (attempt 2): Preserve the existing preload contract instead of replacing it. Keep exposing window.api with the current methods runUpload, stopUpload, getVideoList, getUploadStatus, streamLog, and onLog unchanged in behavior. Add settings persistence methods on the same window.api object using safe ipcRenderer.invoke calls, for example loadWorkflowSettings and saveWorkflowSettings, but do not rename or remove any existing methods. Do not expose Node modules or require electron-store in preload. Edit only app/electron/preload.js.
2026-04-02 22:26:25 | INFO | bridge_app | Task 2 — attempt 3/3 — files: app/electron/preload.js
2026-04-02 22:27:36 | INFO | bridge_app | Manual supervisor review requested: C:\Users\winss\Documents\Projects\shorts-uploader-engine\bridge_progress\manual_supervisor\requests\task_0002_request.json
2026-04-02 22:27:36 | INFO | bridge_app | Waiting for manual supervisor decision: C:\Users\winss\Documents\Projects\shorts-uploader-engine\bridge_progress\manual_supervisor\decisions\task_0002_decision.json
2026-04-02 22:29:40 | WARNING | bridge_app | Task 2: manual supervisor requested rework (attempt 3): This still breaks the existing preload contract. Keep window.api and preserve exact existing behavior for runUpload, stopUpload, getVideoList, getUploadStatus, streamLog, and onLog. In particular, streamLog must keep its original behavior instead of becoming an event subscription, and onLog must continue subscribing to the app:log channel and return an unsubscribe function that removes the listener. Add only the new settings methods on the same window.api object using ipcRenderer.invoke, such as loadWorkflowSettings and saveWorkflowSettings. Edit only app/electron/preload.js.
2026-04-02 22:29:40 | ERROR | bridge_app | Bridge run failed after 348.5s: Task 2 exhausted rework retries after manual supervisor feedback.
Traceback (most recent call last):
  File "C:\Users\winss\Documents\Projects\codex-aider-bridge-app\main.py", line 1910, in main
    task_diff = execute_task_with_review(
                ^^^^^^^^^^^^^^^^^^^^^^^^^
  File "C:\Users\winss\Documents\Projects\codex-aider-bridge-app\main.py", line 1078, in execute_task_with_review
    raise RuntimeError(
RuntimeError: Task 2 exhausted rework retries after manual supervisor feedback.
2026-04-02 22:29:40 | WARNING | bridge_app | To undo all changes made during this run:  git reset --hard 987e526d9523dae7dbe928a44705533f409a5da6
2026-04-02 22:31:08 | INFO | bridge_app | Bridge starting — repo: C:\Users\winss\Documents\Projects\shorts-uploader-engine
2026-04-02 22:31:08 | INFO | bridge_app | Bridge running in MANUAL-SUPERVISOR mode — review requests will be written to bridge_progress/manual_supervisor/ and no external AI CLI will be invoked.
2026-04-02 22:31:08 | INFO | bridge_app | Git readiness — repo=yes, head=yes, branch=codex/react_electorn_ui, clean=no, staged=0, unstaged=2, untracked=22, next=continue
2026-04-02 22:31:08 | INFO | bridge_app | Added 7 bridge entries to C:\Users\winss\Documents\Projects\shorts-uploader-engine\.gitignore: ['taskJsons/', '.aider.tags.cache.v4/', 'bridge_progress/', 'logs.meta', '.aider.input.history', '.aider.chat.history.md', 'bridge_progress.meta']
2026-04-02 22:31:08 | INFO | bridge_app | Git readiness — repo=yes, head=yes, branch=codex/react_electorn_ui, clean=no, staged=0, unstaged=3, untracked=22, next=continue
2026-04-02 22:31:08 | INFO | bridge_app | Pre-flight checks passed.
2026-04-02 22:31:08 | INFO | bridge_app | Rollback point: 987e526d9523dae7dbe928a44705533f409a5da6
2026-04-02 22:31:08 | INFO | bridge_app | If this run fails, undo all changes with:  git reset --hard 987e526d9523dae7dbe928a44705533f409a5da6
2026-04-02 22:31:08 | INFO | bridge_app | Project type (from saved knowledge): script-driven media upload automation with Electron desktop UI
2026-04-02 22:31:09 | INFO | bridge_app | Project understanding ready: 8 docs, 16 files, confirmed=True
2026-04-02 22:31:09 | INFO | bridge_app | Project knowledge loaded: 16 files registered, 3 features done
2026-04-02 22:31:11 | INFO | bridge_app | Validator: project type set from knowledge: 'script-driven media upload automation with Electron desktop UI' → 'unknown'
2026-04-02 22:31:11 | INFO | bridge_app | Loaded 42 task(s) from plan file
2026-04-02 22:31:12 | INFO | bridge_app | Task 2 — attempt 1/3 — files: app/electron/preload.js
2026-04-02 22:32:49 | WARNING | bridge_app | Task 2: model edited 3 out-of-scope file(s) — reverting: .gitignore, bridge_progress/project_knowledge.json, bridge_progress/project_snapshot.json
2026-04-02 22:32:52 | INFO | bridge_app | Manual supervisor review requested: C:\Users\winss\Documents\Projects\shorts-uploader-engine\bridge_progress\manual_supervisor\requests\task_0002_request.json
2026-04-02 22:32:52 | INFO | bridge_app | Waiting for manual supervisor decision: C:\Users\winss\Documents\Projects\shorts-uploader-engine\bridge_progress\manual_supervisor\decisions\task_0002_decision.json
2026-04-02 22:33:58 | INFO | bridge_app | Task 2: manual supervisor approved
2026-04-02 22:33:58 | INFO | bridge_app | Task 2: auto-committed 1 file(s) at 23f6ccd
2026-04-02 22:34:01 | INFO | bridge_app | Task 3 — attempt 1/3 — files: app/electron/ipc/systemHandlers.js
2026-04-02 22:35:10 | WARNING | bridge_app | Task 3: model edited 2 out-of-scope file(s) — reverting: bridge_progress/project_knowledge.json, bridge_progress/project_snapshot.json
2026-04-02 22:35:12 | INFO | bridge_app | Manual supervisor review requested: C:\Users\winss\Documents\Projects\shorts-uploader-engine\bridge_progress\manual_supervisor\requests\task_0003_request.json
2026-04-02 22:35:12 | INFO | bridge_app | Waiting for manual supervisor decision: C:\Users\winss\Documents\Projects\shorts-uploader-engine\bridge_progress\manual_supervisor\decisions\task_0003_decision.json
2026-04-02 22:37:42 | INFO | bridge_app | Task 3: manual supervisor approved
2026-04-02 22:37:43 | INFO | bridge_app | Task 3: auto-committed 1 file(s) at 026e6a7
2026-04-02 22:37:46 | INFO | bridge_app | Task 4 — attempt 1/3 — files: app/electron/services/pathService.js
2026-04-02 22:39:54 | WARNING | bridge_app | Task 4: model edited 2 out-of-scope file(s) — reverting: bridge_progress/project_knowledge.json, bridge_progress/project_snapshot.json
2026-04-02 22:39:56 | INFO | bridge_app | Manual supervisor review requested: C:\Users\winss\Documents\Projects\shorts-uploader-engine\bridge_progress\manual_supervisor\requests\task_0004_request.json
2026-04-02 22:39:56 | INFO | bridge_app | Waiting for manual supervisor decision: C:\Users\winss\Documents\Projects\shorts-uploader-engine\bridge_progress\manual_supervisor\decisions\task_0004_decision.json
2026-04-02 22:50:14 | INFO | bridge_app | Task 4: manual supervisor approved
2026-04-02 22:50:14 | INFO | bridge_app | Task 4: auto-committed 1 file(s) at 065839b
2026-04-02 22:50:18 | INFO | bridge_app | Task 5 — attempt 1/3 — files: app/useAppStore.js
2026-04-02 23:05:19 | ERROR | bridge_app | Bridge run failed after 2051.2s: Task 5: Aider could not start. Aider timed out after 900s
Traceback (most recent call last):
  File "C:\Users\winss\Documents\Projects\codex-aider-bridge-app\main.py", line 1910, in main
    task_diff = execute_task_with_review(
                ^^^^^^^^^^^^^^^^^^^^^^^^^
  File "C:\Users\winss\Documents\Projects\codex-aider-bridge-app\main.py", line 847, in execute_task_with_review
    raise RuntimeError(
RuntimeError: Task 5: Aider could not start. Aider timed out after 900s
2026-04-02 23:05:20 | WARNING | bridge_app | To undo all changes made during this run:  git reset --hard 987e526d9523dae7dbe928a44705533f409a5da6
2026-04-03 22:00:32 | INFO | bridge_app | Bridge starting — repo: C:\Users\winss\Documents\Projects\shorts-uploader-engine
2026-04-03 22:00:32 | INFO | bridge_app | Bridge running in MANUAL-SUPERVISOR mode — review requests will be written to bridge_progress/manual_supervisor/ and no external AI CLI will be invoked.
2026-04-03 22:00:35 | INFO | bridge_app | Git readiness — repo=yes, head=yes, branch=codex/react_electorn_ui, clean=no, staged=1, unstaged=48, untracked=23, next=continue
2026-04-03 22:00:35 | INFO | bridge_app | Added 7 bridge entries to C:\Users\winss\Documents\Projects\shorts-uploader-engine\.gitignore: ['taskJsons/', '.aider.tags.cache.v4/', 'bridge_progress/', 'logs.meta', '.aider.input.history', '.aider.chat.history.md', 'bridge_progress.meta']
2026-04-03 22:00:38 | INFO | bridge_app | Git readiness — repo=yes, head=yes, branch=codex/react_electorn_ui, clean=no, staged=1, unstaged=49, untracked=23, next=continue
2026-04-03 22:00:38 | INFO | bridge_app | Pre-flight checks passed.
2026-04-03 22:00:38 | INFO | bridge_app | Rollback point: 065839b6a77b15f20b1a071161953f27d6d2cd2c
2026-04-03 22:00:38 | INFO | bridge_app | If this run fails, undo all changes with:  git reset --hard 065839b6a77b15f20b1a071161953f27d6d2cd2c
2026-04-03 22:00:39 | INFO | bridge_app | Project type (from saved knowledge): script-driven media upload automation with Electron desktop UI
2026-04-03 22:00:39 | INFO | bridge_app | Project understanding ready: 8 docs, 17 files, confirmed=True
2026-04-03 22:00:39 | INFO | bridge_app | Project knowledge loaded: 17 files registered, 6 features done
2026-04-03 22:00:41 | INFO | bridge_app | Validator: project type set from knowledge: 'script-driven media upload automation with Electron desktop UI' → 'unknown'
2026-04-03 22:00:41 | INFO | bridge_app | Loaded 1 task(s) from plan file
2026-04-03 22:00:42 | INFO | bridge_app | Task 1 — attempt 1/3 — files: missingFeatures/FEATURE_STATUS.md
2026-04-03 22:00:42 | INFO | bridge_app | Archived stale manual review artefacts for task 1 because the task payload changed.
2026-04-03 22:06:40 | INFO | bridge_app | Bridge starting — repo: C:\Users\winss\Documents\Projects\shorts-uploader-engine
2026-04-03 22:06:40 | INFO | bridge_app | Bridge running in MANUAL-SUPERVISOR mode — review requests will be written to bridge_progress/manual_supervisor/ and no external AI CLI will be invoked.
2026-04-03 22:06:42 | INFO | bridge_app | Git readiness — repo=yes, head=yes, branch=codex/react_electorn_ui, clean=no, staged=1, unstaged=49, untracked=23, next=continue
2026-04-03 22:06:43 | INFO | bridge_app | Added 7 bridge entries to C:\Users\winss\Documents\Projects\shorts-uploader-engine\.gitignore: ['taskJsons/', '.aider.tags.cache.v4/', 'bridge_progress/', 'logs.meta', '.aider.input.history', '.aider.chat.history.md', 'bridge_progress.meta']
2026-04-03 22:06:46 | INFO | bridge_app | Git readiness — repo=yes, head=yes, branch=codex/react_electorn_ui, clean=no, staged=1, unstaged=49, untracked=23, next=continue
2026-04-03 22:06:46 | INFO | bridge_app | Pre-flight checks passed.
2026-04-03 22:06:46 | INFO | bridge_app | Rollback point: 065839b6a77b15f20b1a071161953f27d6d2cd2c
2026-04-03 22:06:46 | INFO | bridge_app | If this run fails, undo all changes with:  git reset --hard 065839b6a77b15f20b1a071161953f27d6d2cd2c
2026-04-03 22:06:46 | INFO | bridge_app | Project type (from saved knowledge): script-driven media upload automation with Electron desktop UI
2026-04-03 22:06:46 | INFO | bridge_app | Project understanding ready: 8 docs, 17 files, confirmed=True
2026-04-03 22:06:46 | INFO | bridge_app | Project knowledge loaded: 17 files registered, 6 features done
2026-04-03 22:06:47 | INFO | bridge_app | Validator: project type set from knowledge: 'script-driven media upload automation with Electron desktop UI' → 'unknown'
2026-04-03 22:06:47 | INFO | bridge_app | Loaded 1 task(s) from plan file
2026-04-03 22:06:48 | INFO | bridge_app | Task 1 — attempt 1/3 — files: missingFeatures/FEATURE_STATUS.md
2026-04-03 22:49:30 | INFO | bridge_app | Bridge starting — repo: C:\Users\winss\Documents\Projects\shorts-uploader-engine
2026-04-03 22:49:30 | INFO | bridge_app | Bridge running in MANUAL-SUPERVISOR mode — review requests will be written to bridge_progress/manual_supervisor/ and no external AI CLI will be invoked.
2026-04-03 22:49:30 | INFO | bridge_app | Git readiness — repo=yes, head=yes, branch=codex/react_electorn_ui, clean=no, staged=1, unstaged=49, untracked=23, next=continue
2026-04-03 22:49:30 | INFO | bridge_app | Added 7 bridge entries to C:\Users\winss\Documents\Projects\shorts-uploader-engine\.gitignore: ['taskJsons/', '.aider.tags.cache.v4/', 'bridge_progress/', 'logs.meta', '.aider.input.history', '.aider.chat.history.md', 'bridge_progress.meta']
2026-04-03 22:49:31 | INFO | bridge_app | Git readiness — repo=yes, head=yes, branch=codex/react_electorn_ui, clean=no, staged=1, unstaged=49, untracked=23, next=continue
2026-04-03 22:49:31 | INFO | bridge_app | Pre-flight checks passed.
2026-04-03 22:49:31 | INFO | bridge_app | Rollback point: 065839b6a77b15f20b1a071161953f27d6d2cd2c
2026-04-03 22:49:31 | INFO | bridge_app | If this run fails, undo all changes with:  git reset --hard 065839b6a77b15f20b1a071161953f27d6d2cd2c
2026-04-03 22:49:31 | INFO | bridge_app | Project type (from saved knowledge): script-driven media upload automation with Electron desktop UI
2026-04-03 22:49:31 | INFO | bridge_app | Project understanding ready: 8 docs, 17 files, confirmed=True
2026-04-03 22:49:31 | INFO | bridge_app | Project knowledge loaded: 17 files registered, 6 features done
2026-04-03 22:49:33 | INFO | bridge_app | Validator: project type set from knowledge: 'script-driven media upload automation with Electron desktop UI' → 'unknown'
2026-04-03 22:49:33 | INFO | bridge_app | Loaded 1 task(s) from plan file
2026-04-03 22:49:34 | INFO | bridge_app | Task 1 — attempt 1/3 — files: missingFeatures/FEATURE_STATUS.md
2026-04-03 22:59:34 | INFO | bridge_app | Bridge starting — repo: C:\Users\winss\Documents\Projects\shorts-uploader-engine
2026-04-03 22:59:34 | INFO | bridge_app | Bridge running in MANUAL-SUPERVISOR mode — review requests will be written to bridge_progress/manual_supervisor/ and no external AI CLI will be invoked.
2026-04-03 22:59:35 | INFO | bridge_app | Git readiness — repo=yes, head=yes, branch=codex/react_electorn_ui, clean=no, staged=1, unstaged=49, untracked=23, next=continue
2026-04-03 22:59:35 | INFO | bridge_app | Added 7 bridge entries to C:\Users\winss\Documents\Projects\shorts-uploader-engine\.gitignore: ['taskJsons/', '.aider.tags.cache.v4/', 'bridge_progress/', 'logs.meta', '.aider.input.history', '.aider.chat.history.md', 'bridge_progress.meta']
2026-04-03 22:59:35 | INFO | bridge_app | Git readiness — repo=yes, head=yes, branch=codex/react_electorn_ui, clean=no, staged=1, unstaged=49, untracked=23, next=continue
2026-04-03 22:59:35 | INFO | bridge_app | Pre-flight checks passed.
2026-04-03 22:59:35 | INFO | bridge_app | Rollback point: 065839b6a77b15f20b1a071161953f27d6d2cd2c
2026-04-03 22:59:35 | INFO | bridge_app | If this run fails, undo all changes with:  git reset --hard 065839b6a77b15f20b1a071161953f27d6d2cd2c
2026-04-03 22:59:35 | INFO | bridge_app | Project type (from saved knowledge): script-driven media upload automation with Electron desktop UI
2026-04-03 22:59:36 | INFO | bridge_app | Project understanding ready: 8 docs, 17 files, confirmed=True
2026-04-03 22:59:36 | INFO | bridge_app | Project knowledge loaded: 17 files registered, 6 features done
2026-04-03 22:59:38 | INFO | bridge_app | Validator: project type set from knowledge: 'script-driven media upload automation with Electron desktop UI' → 'unknown'
2026-04-03 22:59:38 | INFO | bridge_app | Loaded 1 task(s) from plan file
2026-04-03 22:59:39 | INFO | bridge_app | Task 1 — attempt 1/3 — files: missingFeatures/FEATURE_STATUS.md
2026-04-03 23:04:40 | ERROR | bridge_app | Bridge run failed after 305.3s: Task 1: Aider could not start. Aider timed out after 300s
Traceback (most recent call last):
  File "main.py", line 1978, in main
  File "main.py", line 857, in execute_task_with_review
RuntimeError: Task 1: Aider could not start. Aider timed out after 300s
2026-04-03 23:04:40 | WARNING | bridge_app | To undo all changes made during this run:  git reset --hard 065839b6a77b15f20b1a071161953f27d6d2cd2c
2026-04-03 23:51:21 | INFO | bridge_app | Bridge starting — repo: C:\Users\winss\Documents\Projects\shorts-uploader-engine
2026-04-03 23:51:21 | INFO | bridge_app | Bridge running in MANUAL-SUPERVISOR mode — review requests will be written to bridge_progress/manual_supervisor/ and no external AI CLI will be invoked.
2026-04-03 23:51:21 | INFO | bridge_app | Git readiness — repo=yes, head=yes, branch=codex/react_electorn_ui, clean=no, staged=1, unstaged=49, untracked=25, next=continue
2026-04-03 23:51:21 | INFO | bridge_app | Added 7 bridge entries to C:\Users\winss\Documents\Projects\shorts-uploader-engine\.gitignore: ['taskJsons/', '.aider.tags.cache.v4/', 'bridge_progress/', 'logs.meta', '.aider.input.history', '.aider.chat.history.md', 'bridge_progress.meta']
2026-04-03 23:51:22 | INFO | bridge_app | Git readiness — repo=yes, head=yes, branch=codex/react_electorn_ui, clean=no, staged=1, unstaged=49, untracked=25, next=continue
2026-04-03 23:51:22 | INFO | bridge_app | Pre-flight checks passed.
2026-04-03 23:51:22 | INFO | bridge_app | Rollback point: 065839b6a77b15f20b1a071161953f27d6d2cd2c
2026-04-03 23:51:22 | INFO | bridge_app | If this run fails, undo all changes with:  git reset --hard 065839b6a77b15f20b1a071161953f27d6d2cd2c
2026-04-03 23:51:22 | INFO | bridge_app | Project type (from saved knowledge): script-driven media upload automation with Electron desktop UI
2026-04-03 23:51:22 | INFO | bridge_app | Project understanding ready: 8 docs, 17 files, confirmed=True
2026-04-03 23:51:22 | INFO | bridge_app | Project knowledge loaded: 17 files registered, 6 features done
2026-04-03 23:51:23 | INFO | bridge_app | Validator: project type set from knowledge: 'script-driven media upload automation with Electron desktop UI' → 'unknown'
2026-04-03 23:51:23 | INFO | bridge_app | Loaded 1 task(s) from plan file
2026-04-03 23:51:23 | INFO | bridge_app | Task 1 — attempt 1/3 — files: missingFeatures/FEATURE_STATUS.md
2026-04-03 23:56:24 | ERROR | bridge_app | Bridge run failed after 302.9s: Task 1: Aider could not start. Aider timed out after 300s
Traceback (most recent call last):
  File "main.py", line 2087, in main
  File "main.py", line 966, in execute_task_with_review
RuntimeError: Task 1: Aider could not start. Aider timed out after 300s
2026-04-03 23:56:24 | WARNING | bridge_app | To undo all changes made during this run:  git reset --hard 065839b6a77b15f20b1a071161953f27d6d2cd2c
2026-04-04 00:00:02 | INFO | bridge_app | Bridge starting — repo: C:\Users\winss\Documents\Projects\shorts-uploader-engine
2026-04-04 00:00:02 | INFO | bridge_app | Bridge running in MANUAL-SUPERVISOR mode — review requests will be written to bridge_progress/manual_supervisor/ and no external AI CLI will be invoked.
2026-04-04 00:00:03 | INFO | bridge_app | Git readiness — repo=yes, head=yes, branch=codex/react_electorn_ui, clean=no, staged=1, unstaged=49, untracked=25, next=continue
2026-04-04 00:00:03 | INFO | bridge_app | Added 7 bridge entries to C:\Users\winss\Documents\Projects\shorts-uploader-engine\.gitignore: ['taskJsons/', '.aider.tags.cache.v4/', 'bridge_progress/', 'logs.meta', '.aider.input.history', '.aider.chat.history.md', 'bridge_progress.meta']
2026-04-04 00:00:03 | INFO | bridge_app | Git readiness — repo=yes, head=yes, branch=codex/react_electorn_ui, clean=no, staged=1, unstaged=49, untracked=25, next=continue
2026-04-04 00:00:03 | INFO | bridge_app | Pre-flight checks passed.
2026-04-04 00:00:03 | INFO | bridge_app | Rollback point: 065839b6a77b15f20b1a071161953f27d6d2cd2c
2026-04-04 00:00:03 | INFO | bridge_app | If this run fails, undo all changes with:  git reset --hard 065839b6a77b15f20b1a071161953f27d6d2cd2c
2026-04-04 00:00:03 | INFO | bridge_app | Project type (from saved knowledge): script-driven media upload automation with Electron desktop UI
2026-04-04 00:00:03 | INFO | bridge_app | Project understanding ready: 8 docs, 17 files, confirmed=True
2026-04-04 00:00:03 | INFO | bridge_app | Project knowledge loaded: 17 files registered, 6 features done
2026-04-04 00:16:31 | INFO | bridge_app | Bridge starting — repo: C:\Users\winss\Documents\Projects\shorts-uploader-engine
2026-04-04 00:16:31 | INFO | bridge_app | Bridge running in MANUAL-SUPERVISOR mode — review requests will be written to bridge_progress/manual_supervisor/ and no external AI CLI will be invoked.
2026-04-04 00:16:31 | INFO | bridge_app | Git readiness — repo=yes, head=yes, branch=codex/react_electorn_ui, clean=no, staged=1, unstaged=49, untracked=25, next=continue
2026-04-04 00:16:31 | INFO | bridge_app | Added 7 bridge entries to C:\Users\winss\Documents\Projects\shorts-uploader-engine\.gitignore: ['taskJsons/', '.aider.tags.cache.v4/', 'bridge_progress/', 'logs.meta', '.aider.input.history', '.aider.chat.history.md', 'bridge_progress.meta']
2026-04-04 00:16:31 | INFO | bridge_app | Git readiness — repo=yes, head=yes, branch=codex/react_electorn_ui, clean=no, staged=1, unstaged=49, untracked=25, next=continue
2026-04-04 00:16:31 | INFO | bridge_app | Pre-flight checks passed.
2026-04-04 00:16:32 | INFO | bridge_app | Rollback point: 065839b6a77b15f20b1a071161953f27d6d2cd2c
2026-04-04 00:16:32 | INFO | bridge_app | If this run fails, undo all changes with:  git reset --hard 065839b6a77b15f20b1a071161953f27d6d2cd2c
2026-04-04 00:16:32 | INFO | bridge_app | Project type (from saved knowledge): script-driven media upload automation with Electron desktop UI
2026-04-04 00:16:32 | INFO | bridge_app | Project understanding ready: 8 docs, 17 files, confirmed=True
2026-04-04 00:16:32 | INFO | bridge_app | Project knowledge loaded: 17 files registered, 6 features done
2026-04-04 00:16:35 | INFO | bridge_app | Validator: project type set from knowledge: 'script-driven media upload automation with Electron desktop UI' → 'unknown'
2026-04-04 00:16:35 | INFO | bridge_app | Loaded 1 task(s) from plan file
2026-04-04 00:16:37 | INFO | bridge_app | Task 1 — attempt 1/3 — files: missingFeatures/FEATURE_STATUS.md
2026-04-04 00:21:38 | ERROR | bridge_app | Bridge run failed after 306.1s: Task 1: Aider could not start. Aider timed out after 300s
Traceback (most recent call last):
  File "C:\Users\winss\Documents\Projects\codex-aider-bridge-app\main.py", line 2087, in main
    task_diff = execute_task_with_review(
                ^^^^^^^^^^^^^^^^^^^^^^^^^
  File "C:\Users\winss\Documents\Projects\codex-aider-bridge-app\main.py", line 966, in execute_task_with_review
    raise RuntimeError(
RuntimeError: Task 1: Aider could not start. Aider timed out after 300s
2026-04-04 00:21:38 | WARNING | bridge_app | To undo all changes made during this run:  git reset --hard 065839b6a77b15f20b1a071161953f27d6d2cd2c
2026-04-04 00:39:22 | INFO | bridge_app | Bridge starting — repo: C:\Users\winss\Documents\Projects\shorts-uploader-engine
2026-04-04 00:39:22 | INFO | bridge_app | Bridge running in MANUAL-SUPERVISOR mode — review requests will be written to bridge_progress/manual_supervisor/ and no external AI CLI will be invoked.
2026-04-04 00:39:22 | INFO | bridge_app | Git readiness — repo=yes, head=yes, branch=codex/react_electorn_ui, clean=no, staged=1, unstaged=49, untracked=25, next=continue
2026-04-04 00:39:22 | INFO | bridge_app | Added 7 bridge entries to C:\Users\winss\Documents\Projects\shorts-uploader-engine\.gitignore: ['taskJsons/', '.aider.tags.cache.v4/', 'bridge_progress/', 'logs.meta', '.aider.input.history', '.aider.chat.history.md', 'bridge_progress.meta']
2026-04-04 00:39:22 | INFO | bridge_app | Git readiness — repo=yes, head=yes, branch=codex/react_electorn_ui, clean=no, staged=1, unstaged=49, untracked=25, next=continue
2026-04-04 00:39:22 | INFO | bridge_app | Pre-flight checks passed.
2026-04-04 00:39:22 | INFO | bridge_app | Rollback point: 065839b6a77b15f20b1a071161953f27d6d2cd2c
2026-04-04 00:39:22 | INFO | bridge_app | If this run fails, undo all changes with:  git reset --hard 065839b6a77b15f20b1a071161953f27d6d2cd2c
2026-04-04 00:39:23 | INFO | bridge_app | Project type (from saved knowledge): script-driven media upload automation with Electron desktop UI
2026-04-04 00:39:23 | INFO | bridge_app | Project understanding ready: 8 docs, 17 files, confirmed=True
2026-04-04 00:39:23 | INFO | bridge_app | Project knowledge loaded: 17 files registered, 6 features done
2026-04-04 00:39:24 | INFO | bridge_app | Validator: project type set from knowledge: 'script-driven media upload automation with Electron desktop UI' → 'unknown'
2026-04-04 00:39:24 | ERROR | bridge_app | Bridge run failed after 1.7s: Manual-supervisor mode requires --plan-file. Generate the plan in-session and pass it explicitly.
Traceback (most recent call last):
  File "C:\Users\winss\Documents\Projects\codex-aider-bridge-app\main.py", line 2031, in main
    raise RuntimeError(
RuntimeError: Manual-supervisor mode requires --plan-file. Generate the plan in-session and pass it explicitly.
2026-04-04 00:39:24 | WARNING | bridge_app | To undo all changes made during this run:  git reset --hard 065839b6a77b15f20b1a071161953f27d6d2cd2c
2026-04-04 00:48:56 | INFO | bridge_app | Bridge starting — repo: C:\Users\winss\Documents\Projects\shorts-uploader-engine
2026-04-04 00:48:56 | INFO | bridge_app | Bridge running in MANUAL-SUPERVISOR mode — review requests will be written to bridge_progress/manual_supervisor/ and the UI proxy thread handles supervisor dispatch.
2026-04-04 00:48:56 | INFO | bridge_app | Git readiness — repo=yes, head=yes, branch=codex/react_electorn_ui, clean=no, staged=1, unstaged=49, untracked=25, next=continue
2026-04-04 00:48:56 | INFO | bridge_app | Added 7 bridge entries to C:\Users\winss\Documents\Projects\shorts-uploader-engine\.gitignore: ['taskJsons/', '.aider.tags.cache.v4/', 'bridge_progress/', 'logs.meta', '.aider.input.history', '.aider.chat.history.md', 'bridge_progress.meta']
2026-04-04 00:48:57 | INFO | bridge_app | Git readiness — repo=yes, head=yes, branch=codex/react_electorn_ui, clean=no, staged=1, unstaged=49, untracked=25, next=continue
2026-04-04 00:48:57 | INFO | bridge_app | Pre-flight checks passed.
2026-04-04 00:48:57 | INFO | bridge_app | Rollback point: 065839b6a77b15f20b1a071161953f27d6d2cd2c
2026-04-04 00:48:57 | INFO | bridge_app | If this run fails, undo all changes with:  git reset --hard 065839b6a77b15f20b1a071161953f27d6d2cd2c
2026-04-04 00:48:57 | INFO | bridge_app | Project type (from saved knowledge): script-driven media upload automation with Electron desktop UI
2026-04-04 00:48:57 | INFO | bridge_app | Project understanding ready: 8 docs, 17 files, confirmed=True
2026-04-04 00:48:57 | INFO | bridge_app | Project knowledge loaded: 17 files registered, 6 features done
2026-04-04 00:48:58 | INFO | bridge_app | Validator: project type set from knowledge: 'script-driven media upload automation with Electron desktop UI' → 'unknown'
2026-04-04 00:48:58 | ERROR | bridge_app | Bridge run failed after 1.2s: Manual-supervisor mode requires --plan-file. Generate the plan in-session and pass it explicitly.
Traceback (most recent call last):
  File "main.py", line 2031, in main
RuntimeError: Manual-supervisor mode requires --plan-file. Generate the plan in-session and pass it explicitly.
2026-04-04 00:48:58 | WARNING | bridge_app | To undo all changes made during this run:  git reset --hard 065839b6a77b15f20b1a071161953f27d6d2cd2c
2026-04-04 00:51:45 | INFO | bridge_app | Bridge starting — repo: C:\Users\winss\Documents\Projects\shorts-uploader-engine
2026-04-04 00:51:45 | INFO | bridge_app | Bridge running in MANUAL-SUPERVISOR mode — review requests will be written to bridge_progress/manual_supervisor/ and the UI proxy thread handles supervisor dispatch.
2026-04-04 00:51:45 | INFO | bridge_app | Git readiness — repo=yes, head=yes, branch=codex/react_electorn_ui, clean=no, staged=1, unstaged=49, untracked=25, next=continue
2026-04-04 00:51:45 | INFO | bridge_app | Added 7 bridge entries to C:\Users\winss\Documents\Projects\shorts-uploader-engine\.gitignore: ['taskJsons/', '.aider.tags.cache.v4/', 'bridge_progress/', 'logs.meta', '.aider.input.history', '.aider.chat.history.md', 'bridge_progress.meta']
2026-04-04 00:51:46 | INFO | bridge_app | Git readiness — repo=yes, head=yes, branch=codex/react_electorn_ui, clean=no, staged=1, unstaged=49, untracked=25, next=continue
2026-04-04 00:51:46 | INFO | bridge_app | Pre-flight checks passed.
2026-04-04 00:51:46 | INFO | bridge_app | Rollback point: 065839b6a77b15f20b1a071161953f27d6d2cd2c
2026-04-04 00:51:46 | INFO | bridge_app | If this run fails, undo all changes with:  git reset --hard 065839b6a77b15f20b1a071161953f27d6d2cd2c
2026-04-04 00:51:46 | INFO | bridge_app | Project type (from saved knowledge): script-driven media upload automation with Electron desktop UI
2026-04-04 00:51:46 | INFO | bridge_app | Project understanding ready: 8 docs, 17 files, confirmed=True
2026-04-04 00:51:46 | INFO | bridge_app | Project knowledge loaded: 17 files registered, 6 features done
2026-04-04 00:51:47 | INFO | bridge_app | Validator: project type set from knowledge: 'script-driven media upload automation with Electron desktop UI' → 'unknown'
2026-04-04 00:51:47 | INFO | bridge_app | Loaded 1 task(s) from plan file
2026-04-04 00:51:47 | INFO | bridge_app | Task 1 — attempt 1/3 — files: missingFeatures/FEATURE_STATUS.md
2026-04-04 00:54:52 | INFO | bridge_app | Bridge starting — repo: C:\Users\winss\Documents\Projects\shorts-uploader-engine
2026-04-04 00:54:52 | INFO | bridge_app | Bridge running in MANUAL-SUPERVISOR mode — review requests will be written to bridge_progress/manual_supervisor/ and the UI proxy thread handles supervisor dispatch.
2026-04-04 00:54:53 | INFO | bridge_app | Git readiness — repo=yes, head=yes, branch=codex/react_electorn_ui, clean=no, staged=1, unstaged=49, untracked=25, next=continue
2026-04-04 00:54:53 | INFO | bridge_app | Added 7 bridge entries to C:\Users\winss\Documents\Projects\shorts-uploader-engine\.gitignore: ['taskJsons/', '.aider.tags.cache.v4/', 'bridge_progress/', 'logs.meta', '.aider.input.history', '.aider.chat.history.md', 'bridge_progress.meta']
2026-04-04 00:54:53 | INFO | bridge_app | Git readiness — repo=yes, head=yes, branch=codex/react_electorn_ui, clean=no, staged=1, unstaged=49, untracked=25, next=continue
2026-04-04 00:54:53 | INFO | bridge_app | Pre-flight checks passed.
2026-04-04 00:54:54 | INFO | bridge_app | Rollback point: 065839b6a77b15f20b1a071161953f27d6d2cd2c
2026-04-04 00:54:54 | INFO | bridge_app | If this run fails, undo all changes with:  git reset --hard 065839b6a77b15f20b1a071161953f27d6d2cd2c
2026-04-04 00:54:54 | INFO | bridge_app | Project type (from saved knowledge): script-driven media upload automation with Electron desktop UI
2026-04-04 00:54:54 | INFO | bridge_app | Project understanding ready: 8 docs, 17 files, confirmed=True
2026-04-04 00:54:54 | INFO | bridge_app | Project knowledge loaded: 17 files registered, 6 features done
2026-04-04 00:54:55 | INFO | bridge_app | Validator: project type set from knowledge: 'script-driven media upload automation with Electron desktop UI' → 'unknown'
2026-04-04 00:54:55 | ERROR | bridge_app | Bridge run failed after 1.6s: Manual-supervisor mode requires --plan-file. Generate the plan in-session and pass it explicitly.
Traceback (most recent call last):
  File "main.py", line 2031, in main
RuntimeError: Manual-supervisor mode requires --plan-file. Generate the plan in-session and pass it explicitly.
2026-04-04 00:54:55 | WARNING | bridge_app | To undo all changes made during this run:  git reset --hard 065839b6a77b15f20b1a071161953f27d6d2cd2c
2026-04-04 00:55:03 | INFO | bridge_app | Bridge starting — repo: C:\Users\winss\Documents\Projects\shorts-uploader-engine
2026-04-04 00:55:03 | INFO | bridge_app | Bridge running in MANUAL-SUPERVISOR mode — review requests will be written to bridge_progress/manual_supervisor/ and the UI proxy thread handles supervisor dispatch.
2026-04-04 00:55:03 | INFO | bridge_app | Git readiness — repo=yes, head=yes, branch=codex/react_electorn_ui, clean=no, staged=1, unstaged=49, untracked=25, next=continue
2026-04-04 00:55:03 | INFO | bridge_app | Added 7 bridge entries to C:\Users\winss\Documents\Projects\shorts-uploader-engine\.gitignore: ['taskJsons/', '.aider.tags.cache.v4/', 'bridge_progress/', 'logs.meta', '.aider.input.history', '.aider.chat.history.md', 'bridge_progress.meta']
2026-04-04 00:55:04 | INFO | bridge_app | Git readiness — repo=yes, head=yes, branch=codex/react_electorn_ui, clean=no, staged=1, unstaged=49, untracked=25, next=continue
2026-04-04 00:55:04 | INFO | bridge_app | Pre-flight checks passed.
2026-04-04 00:55:04 | INFO | bridge_app | Rollback point: 065839b6a77b15f20b1a071161953f27d6d2cd2c
2026-04-04 00:55:04 | INFO | bridge_app | If this run fails, undo all changes with:  git reset --hard 065839b6a77b15f20b1a071161953f27d6d2cd2c
2026-04-04 00:55:04 | INFO | bridge_app | Project type (from saved knowledge): script-driven media upload automation with Electron desktop UI
2026-04-04 00:55:04 | INFO | bridge_app | Project understanding ready: 8 docs, 17 files, confirmed=True
2026-04-04 00:55:04 | INFO | bridge_app | Project knowledge loaded: 17 files registered, 6 features done
2026-04-04 00:55:06 | INFO | bridge_app | Validator: project type set from knowledge: 'script-driven media upload automation with Electron desktop UI' → 'unknown'
2026-04-04 00:55:06 | ERROR | bridge_app | Bridge run failed after 1.7s: Manual-supervisor mode requires --plan-file. Generate the plan in-session and pass it explicitly.
Traceback (most recent call last):
  File "main.py", line 2031, in main
RuntimeError: Manual-supervisor mode requires --plan-file. Generate the plan in-session and pass it explicitly.
2026-04-04 00:55:06 | WARNING | bridge_app | To undo all changes made during this run:  git reset --hard 065839b6a77b15f20b1a071161953f27d6d2cd2c
2026-04-04 00:55:23 | INFO | bridge_app | Bridge starting — repo: C:\Users\winss\Documents\Projects\shorts-uploader-engine
2026-04-04 00:55:23 | INFO | bridge_app | Bridge running in MANUAL-SUPERVISOR mode — review requests will be written to bridge_progress/manual_supervisor/ and the UI proxy thread handles supervisor dispatch.
2026-04-04 00:55:23 | INFO | bridge_app | Git readiness — repo=yes, head=yes, branch=codex/react_electorn_ui, clean=no, staged=1, unstaged=49, untracked=25, next=continue
2026-04-04 00:55:24 | INFO | bridge_app | Added 7 bridge entries to C:\Users\winss\Documents\Projects\shorts-uploader-engine\.gitignore: ['taskJsons/', '.aider.tags.cache.v4/', 'bridge_progress/', 'logs.meta', '.aider.input.history', '.aider.chat.history.md', 'bridge_progress.meta']
2026-04-04 00:55:24 | INFO | bridge_app | Git readiness — repo=yes, head=yes, branch=codex/react_electorn_ui, clean=no, staged=1, unstaged=49, untracked=25, next=continue
2026-04-04 00:55:24 | INFO | bridge_app | Pre-flight checks passed.
2026-04-04 00:55:24 | INFO | bridge_app | Rollback point: 065839b6a77b15f20b1a071161953f27d6d2cd2c
2026-04-04 00:55:24 | INFO | bridge_app | If this run fails, undo all changes with:  git reset --hard 065839b6a77b15f20b1a071161953f27d6d2cd2c
2026-04-04 00:55:24 | INFO | bridge_app | Project type (from saved knowledge): script-driven media upload automation with Electron desktop UI
2026-04-04 00:55:24 | INFO | bridge_app | Project understanding ready: 8 docs, 17 files, confirmed=True
2026-04-04 00:55:24 | INFO | bridge_app | Project knowledge loaded: 17 files registered, 6 features done
2026-04-04 00:55:26 | INFO | bridge_app | Validator: project type set from knowledge: 'script-driven media upload automation with Electron desktop UI' → 'unknown'
2026-04-04 00:55:26 | ERROR | bridge_app | Bridge run failed after 1.5s: Manual-supervisor mode requires --plan-file. Generate the plan in-session and pass it explicitly.
Traceback (most recent call last):
  File "main.py", line 2031, in main
RuntimeError: Manual-supervisor mode requires --plan-file. Generate the plan in-session and pass it explicitly.
2026-04-04 00:55:26 | WARNING | bridge_app | To undo all changes made during this run:  git reset --hard 065839b6a77b15f20b1a071161953f27d6d2cd2c
2026-04-04 00:59:13 | INFO | bridge_app | Bridge starting — repo: C:\Users\winss\Documents\Projects\shorts-uploader-engine
2026-04-04 00:59:13 | INFO | bridge_app | Bridge running in MANUAL-SUPERVISOR mode — review requests will be written to bridge_progress/manual_supervisor/ and the UI proxy thread handles supervisor dispatch.
2026-04-04 00:59:13 | INFO | bridge_app | Git readiness — repo=yes, head=yes, branch=codex/react_electorn_ui, clean=no, staged=1, unstaged=49, untracked=25, next=continue
2026-04-04 00:59:14 | INFO | bridge_app | Added 7 bridge entries to C:\Users\winss\Documents\Projects\shorts-uploader-engine\.gitignore: ['taskJsons/', '.aider.tags.cache.v4/', 'bridge_progress/', 'logs.meta', '.aider.input.history', '.aider.chat.history.md', 'bridge_progress.meta']
2026-04-04 00:59:14 | INFO | bridge_app | Git readiness — repo=yes, head=yes, branch=codex/react_electorn_ui, clean=no, staged=1, unstaged=49, untracked=25, next=continue
2026-04-04 00:59:14 | INFO | bridge_app | Pre-flight checks passed.
2026-04-04 00:59:14 | INFO | bridge_app | Rollback point: 065839b6a77b15f20b1a071161953f27d6d2cd2c
2026-04-04 00:59:14 | INFO | bridge_app | If this run fails, undo all changes with:  git reset --hard 065839b6a77b15f20b1a071161953f27d6d2cd2c
2026-04-04 00:59:14 | INFO | bridge_app | Project type (from saved knowledge): script-driven media upload automation with Electron desktop UI
2026-04-04 00:59:14 | INFO | bridge_app | Project understanding ready: 8 docs, 17 files, confirmed=True
2026-04-04 00:59:14 | INFO | bridge_app | Project knowledge loaded: 17 files registered, 6 features done
2026-04-04 00:59:15 | INFO | bridge_app | Validator: project type set from knowledge: 'script-driven media upload automation with Electron desktop UI' → 'unknown'
2026-04-04 00:59:15 | INFO | bridge_app | Loaded 1 task(s) from plan file
2026-04-04 00:59:15 | INFO | bridge_app | Task 1 — attempt 1/3 — files: missingFeatures/FEATURE_STATUS.md
2026-04-04 01:04:16 | ERROR | bridge_app | Bridge run failed after 302.6s: Task 1: Aider could not start. Aider timed out after 300s
Traceback (most recent call last):
  File "main.py", line 2087, in main
  File "main.py", line 966, in execute_task_with_review
RuntimeError: Task 1: Aider could not start. Aider timed out after 300s
2026-04-04 01:04:16 | WARNING | bridge_app | To undo all changes made during this run:  git reset --hard 065839b6a77b15f20b1a071161953f27d6d2cd2c
2026-04-04 01:07:27 | INFO | bridge_app | Bridge starting — repo: C:\Users\winss\Documents\Projects\shorts-uploader-engine
2026-04-04 01:07:27 | INFO | bridge_app | Bridge running in MANUAL-SUPERVISOR mode — review requests will be written to bridge_progress/manual_supervisor/ and the UI proxy thread handles supervisor dispatch.
2026-04-04 01:07:27 | INFO | bridge_app | Git readiness — repo=yes, head=yes, branch=codex/react_electorn_ui, clean=no, staged=1, unstaged=49, untracked=25, next=continue
2026-04-04 01:07:27 | INFO | bridge_app | Added 7 bridge entries to C:\Users\winss\Documents\Projects\shorts-uploader-engine\.gitignore: ['taskJsons/', '.aider.tags.cache.v4/', 'bridge_progress/', 'logs.meta', '.aider.input.history', '.aider.chat.history.md', 'bridge_progress.meta']
2026-04-04 01:07:27 | INFO | bridge_app | Git readiness — repo=yes, head=yes, branch=codex/react_electorn_ui, clean=no, staged=1, unstaged=49, untracked=25, next=continue
2026-04-04 01:07:27 | INFO | bridge_app | Pre-flight checks passed.
2026-04-04 01:07:27 | INFO | bridge_app | Rollback point: 065839b6a77b15f20b1a071161953f27d6d2cd2c
2026-04-04 01:07:27 | INFO | bridge_app | If this run fails, undo all changes with:  git reset --hard 065839b6a77b15f20b1a071161953f27d6d2cd2c
2026-04-04 01:07:27 | INFO | bridge_app | Project type (from saved knowledge): script-driven media upload automation with Electron desktop UI
2026-04-04 01:07:27 | INFO | bridge_app | Project understanding ready: 8 docs, 17 files, confirmed=True
2026-04-04 01:07:27 | INFO | bridge_app | Project knowledge loaded: 17 files registered, 6 features done
2026-04-04 01:07:28 | INFO | bridge_app | Validator: project type set from knowledge: 'script-driven media upload automation with Electron desktop UI' → 'unknown'
2026-04-04 01:07:28 | ERROR | bridge_app | Bridge run failed after 0.9s: Manual-supervisor mode requires --plan-file. Generate the plan in-session and pass it explicitly.
Traceback (most recent call last):
  File "main.py", line 2031, in main
RuntimeError: Manual-supervisor mode requires --plan-file. Generate the plan in-session and pass it explicitly.
2026-04-04 01:07:28 | WARNING | bridge_app | To undo all changes made during this run:  git reset --hard 065839b6a77b15f20b1a071161953f27d6d2cd2c
2026-04-04 01:07:57 | INFO | bridge_app | Bridge starting — repo: C:\Users\winss\Documents\Projects\shorts-uploader-engine
2026-04-04 01:07:57 | INFO | bridge_app | Loaded idea file: C:\Users\winss\Documents\Projects\shorts-uploader-engine\taskJsons\plan_001_electron_ui_parity.json
2026-04-04 01:07:57 | INFO | bridge_app | Bridge running in MANUAL-SUPERVISOR mode — review requests will be written to bridge_progress/manual_supervisor/ and the UI proxy thread handles supervisor dispatch.
2026-04-04 01:07:58 | INFO | bridge_app | Git readiness — repo=yes, head=yes, branch=codex/react_electorn_ui, clean=no, staged=1, unstaged=49, untracked=25, next=continue
2026-04-04 01:07:58 | INFO | bridge_app | Added 7 bridge entries to C:\Users\winss\Documents\Projects\shorts-uploader-engine\.gitignore: ['taskJsons/', '.aider.tags.cache.v4/', 'bridge_progress/', 'logs.meta', '.aider.input.history', '.aider.chat.history.md', 'bridge_progress.meta']
2026-04-04 01:07:58 | INFO | bridge_app | Git readiness — repo=yes, head=yes, branch=codex/react_electorn_ui, clean=no, staged=1, unstaged=49, untracked=25, next=continue
2026-04-04 01:07:58 | INFO | bridge_app | Pre-flight checks passed.
2026-04-04 01:07:58 | INFO | bridge_app | Rollback point: 065839b6a77b15f20b1a071161953f27d6d2cd2c
2026-04-04 01:07:58 | INFO | bridge_app | If this run fails, undo all changes with:  git reset --hard 065839b6a77b15f20b1a071161953f27d6d2cd2c
2026-04-04 01:07:58 | INFO | bridge_app | Project type (from saved knowledge): script-driven media upload automation with Electron desktop UI
2026-04-04 01:07:58 | INFO | bridge_app | Project understanding ready: 8 docs, 17 files, confirmed=True
2026-04-04 01:07:58 | INFO | bridge_app | Project knowledge loaded: 17 files registered, 6 features done
2026-04-04 01:07:59 | INFO | bridge_app | Validator: project type set from knowledge: 'script-driven media upload automation with Electron desktop UI' → 'unknown'
2026-04-04 01:07:59 | ERROR | bridge_app | Bridge run failed after 0.9s: Manual-supervisor mode requires --plan-file. Generate the plan in-session and pass it explicitly.
Traceback (most recent call last):
  File "main.py", line 2031, in main
RuntimeError: Manual-supervisor mode requires --plan-file. Generate the plan in-session and pass it explicitly.
2026-04-04 01:07:59 | WARNING | bridge_app | To undo all changes made during this run:  git reset --hard 065839b6a77b15f20b1a071161953f27d6d2cd2c
2026-04-04 01:16:22 | INFO | bridge_app | Bridge starting — repo: C:\Users\winss\Documents\Projects\shorts-uploader-engine
2026-04-04 01:16:22 | INFO | bridge_app | Loaded idea file: C:\Users\winss\Documents\Projects\shorts-uploader-engine\taskJsons\plan_001_electron_ui_parity.json
2026-04-04 01:16:22 | INFO | bridge_app | Bridge running in MANUAL-SUPERVISOR mode — review requests will be written to bridge_progress/manual_supervisor/ and the UI proxy thread handles supervisor dispatch.
2026-04-04 01:16:22 | INFO | bridge_app | Auto-split: detected small model 'ollama/qwen2.5-coder:7b' — enabling --auto-split-threshold 3 automatically. Tasks with 3+ files will be split into single-file sub-tasks. Pass --auto-split-threshold 0 to disable.
2026-04-04 01:16:22 | INFO | bridge_app | Git readiness — repo=yes, head=yes, branch=codex/react_electorn_ui, clean=no, staged=1, unstaged=49, untracked=25, next=continue
2026-04-04 01:16:23 | INFO | bridge_app | Added 7 bridge entries to C:\Users\winss\Documents\Projects\shorts-uploader-engine\.gitignore: ['taskJsons/', '.aider.tags.cache.v4/', 'bridge_progress/', 'logs.meta', '.aider.input.history', '.aider.chat.history.md', 'bridge_progress.meta']
2026-04-04 01:16:23 | INFO | bridge_app | Git readiness — repo=yes, head=yes, branch=codex/react_electorn_ui, clean=no, staged=1, unstaged=49, untracked=25, next=continue
2026-04-04 01:16:23 | INFO | bridge_app | Pre-flight checks passed.
2026-04-04 01:16:23 | INFO | bridge_app | Rollback point: 065839b6a77b15f20b1a071161953f27d6d2cd2c
2026-04-04 01:16:23 | INFO | bridge_app | If this run fails, undo all changes with:  git reset --hard 065839b6a77b15f20b1a071161953f27d6d2cd2c
2026-04-04 01:16:23 | INFO | bridge_app | Project type (from saved knowledge): script-driven media upload automation with Electron desktop UI
2026-04-04 01:16:23 | INFO | bridge_app | Project understanding ready: 8 docs, 17 files, confirmed=True
2026-04-04 01:16:23 | INFO | bridge_app | Project knowledge loaded: 17 files registered, 6 features done
2026-04-04 01:16:24 | INFO | bridge_app | Validator: project type set from knowledge: 'script-driven media upload automation with Electron desktop UI' → 'unknown'
2026-04-04 01:16:24 | INFO | bridge_app | Loaded 1 task(s) from plan file
2026-04-04 01:16:24 | INFO | bridge_app | Task 1 — attempt 1/3 — files: missingFeatures/FEATURE_STATUS.md
2026-04-04 01:17:48 | WARNING | bridge_app | Task 1: model edited 49 out-of-scope file(s) — reverting: .gitignore, .metadata_history.json, .youtube_upload_state.json, bridge_progress/project_knowledge.json, bridge_progress/project_snapshot.json, generated_metadata/VALORANT 01-13-2026 0-37-35-120.metadata.json, generated_metadata/VALORANT 01-13-2026 0-43-45-010.metadata.json, generated_metadata/VALORANT 01-13-2026 0-45-09-676.metadata.json, generated_metadata/VALORANT 01-13-2026 0-49-57-507.metadata.json, generated_metadata/VALORANT 01-13-2026 23-41-35-499.metadata.json, generated_metadata/VALORANT 01-13-2026 23-42-38-986.metadata.json, generated_metadata/VALORANT 01-13-2026 23-44-08-094.metadata.json, generated_metadata/VALORANT 01-13-2026 23-51-57-502.metadata.json, generated_metadata/VALORANT 01-13-2026 23-56-56-183.metadata.json, generated_metadata/VALORANT 01-13-2026 23-58-54-472.metadata.json, generated_metadata/VALORANT 01-14-2026 0-01-17-380.metadata.json, generated_metadata/VALORANT 01-14-2026 0-02-40-370.metadata.json, generated_metadata/VALORANT 01-14-2026 0-04-40-115.metadata.json, generated_metadata/VALORANT 01-14-2026 0-07-07-878.metadata.json, generated_metadata/VALORANT 01-14-2026 0-22-47-193.metadata.json, generated_metadata/VALORANT 01-14-2026 0-23-43-663.metadata.json, generated_metadata/VALORANT 01-14-2026 0-32-24-960.metadata.json, generated_metadata/VALORANT 01-14-2026 0-35-04-134.metadata.json, generated_metadata/VALORANT 01-14-2026 0-37-02-600.metadata.json, generated_metadata/VALORANT 01-14-2026 0-38-21-685.metadata.json, generated_metadata/VALORANT 01-14-2026 0-41-19-913.metadata.json, generated_metadata/VALORANT 01-14-2026 0-42-54-215.metadata.json, generated_metadata/VALORANT 01-14-2026 0-45-04-674.metadata.json, generated_metadata/VALORANT 01-14-2026 0-45-30-066.metadata.json, generated_metadata/VALORANT 01-14-2026 0-48-15-126.metadata.json, generated_metadata/VALORANT 01-14-2026 0-49-00-874.metadata.json, generated_metadata/VALORANT 01-14-2026 0-50-19-618.metadata.json, generated_metadata/VALORANT 01-14-2026 0-56-34-429.metadata.json, generated_metadata/VALORANT 01-14-2026 1-00-10-145.metadata.json, generated_metadata/VALORANT 01-14-2026 1-08-37-967.metadata.json, generated_metadata/VALORANT 01-14-2026 1-09-44-665.metadata.json, generated_metadata/VALORANT 01-14-2026 1-11-28-385.metadata.json, generated_metadata/VALORANT 01-14-2026 1-14-09-655.metadata.json, generated_metadata/VALORANT 01-14-2026 1-18-18-839.metadata.json, generated_metadata/VALORANT 01-14-2026 1-19-24-380.metadata.json, generated_metadata/VALORANT 01-14-2026 1-21-12-613.metadata.json, generated_metadata/VALORANT 01-14-2026 1-23-56-102.metadata.json, generated_metadata/VALORANT 01-14-2026 1-27-38-630.metadata.json, generated_metadata/VALORANT 01-14-2026 1-29-15-173.metadata.json, generated_metadata/VALORANT 01-14-2026 1-31-20-716.metadata.json, generated_metadata/VALORANT 01-14-2026 1-32-22-289.metadata.json, generated_metadata/VALORANT 01-14-2026 1-34-14-716.metadata.json, generated_metadata/VALORANT 01-14-2026 1-54-09-692.metadata.json, generated_metadata/VALORANT 01-19-2026 23-50-14-085.metadata.json
2026-04-04 01:17:51 | ERROR | bridge_app | Bridge run failed after 88.3s: name 'token_tracker' is not defined
Traceback (most recent call last):
  File "main.py", line 2087, in main
  File "main.py", line 1025, in execute_task_with_review
NameError: name 'token_tracker' is not defined. Did you mean: 'TokenTracker'?
2026-04-04 01:17:51 | WARNING | bridge_app | To undo all changes made during this run:  git reset --hard 065839b6a77b15f20b1a071161953f27d6d2cd2c
2026-04-04 01:18:49 | INFO | bridge_app | Bridge starting — repo: C:\Users\winss\Documents\Projects\shorts-uploader-engine
2026-04-04 01:18:49 | INFO | bridge_app | Loaded idea file: C:\Users\winss\Documents\Projects\shorts-uploader-engine\taskJsons\plan_001_electron_ui_parity.json
2026-04-04 01:18:49 | INFO | bridge_app | Bridge running in MANUAL-SUPERVISOR mode — review requests will be written to bridge_progress/manual_supervisor/ and the UI proxy thread handles supervisor dispatch.
2026-04-04 01:18:49 | INFO | bridge_app | Auto-split: detected small model 'ollama/qwen2.5-coder:7b' — enabling --auto-split-threshold 3 automatically. Tasks with 3+ files will be split into single-file sub-tasks. Pass --auto-split-threshold 0 to disable.
2026-04-04 01:18:50 | INFO | bridge_app | Git readiness — repo=yes, head=yes, branch=codex/react_electorn_ui, clean=no, staged=1, unstaged=2, untracked=25, next=continue
2026-04-04 01:18:50 | INFO | bridge_app | Added 7 bridge entries to C:\Users\winss\Documents\Projects\shorts-uploader-engine\.gitignore: ['taskJsons/', '.aider.tags.cache.v4/', 'bridge_progress/', 'logs.meta', '.aider.input.history', '.aider.chat.history.md', 'bridge_progress.meta']
2026-04-04 01:18:50 | INFO | bridge_app | Git readiness — repo=yes, head=yes, branch=codex/react_electorn_ui, clean=no, staged=1, unstaged=3, untracked=25, next=continue
2026-04-04 01:18:50 | INFO | bridge_app | Pre-flight checks passed.
2026-04-04 01:18:50 | INFO | bridge_app | Rollback point: 065839b6a77b15f20b1a071161953f27d6d2cd2c
2026-04-04 01:18:50 | INFO | bridge_app | If this run fails, undo all changes with:  git reset --hard 065839b6a77b15f20b1a071161953f27d6d2cd2c
2026-04-04 01:18:50 | INFO | bridge_app | Project type (from saved knowledge): script-driven media upload automation with Electron desktop UI
2026-04-04 01:18:50 | INFO | bridge_app | Project understanding ready: 8 docs, 17 files, confirmed=True
2026-04-04 01:18:50 | INFO | bridge_app | Project knowledge loaded: 17 files registered, 6 features done
2026-04-04 01:18:51 | INFO | bridge_app | Validator: project type set from knowledge: 'script-driven media upload automation with Electron desktop UI' → 'unknown'
2026-04-04 01:18:51 | INFO | bridge_app | Loaded 1 task(s) from plan file
2026-04-04 01:18:52 | INFO | bridge_app | Task 1 — attempt 1/3 — files: missingFeatures/FEATURE_STATUS.md
2026-04-04 01:23:36 | WARNING | bridge_app | Task 1: model edited 3 out-of-scope file(s) — reverting: .gitignore, bridge_progress/project_knowledge.json, bridge_progress/project_snapshot.json
2026-04-04 01:23:36 | ERROR | bridge_app | Bridge run failed after 286.0s: name 'token_tracker' is not defined
Traceback (most recent call last):
  File "main.py", line 2110, in main
  File "main.py", line 1048, in execute_task_with_review
NameError: name 'token_tracker' is not defined. Did you mean: 'TokenTracker'?
2026-04-04 01:23:36 | WARNING | bridge_app | To undo all changes made during this run:  git reset --hard 065839b6a77b15f20b1a071161953f27d6d2cd2c
2026-04-04 01:26:57 | INFO | bridge_app | Bridge starting — repo: C:\Users\winss\Documents\Projects\shorts-uploader-engine
2026-04-04 01:26:57 | INFO | bridge_app | Loaded idea file: C:\Users\winss\Documents\Projects\shorts-uploader-engine\taskJsons\plan_001_electron_ui_parity.json
2026-04-04 01:26:57 | INFO | bridge_app | Bridge running in MANUAL-SUPERVISOR mode — review requests will be written to bridge_progress/manual_supervisor/ and the UI proxy thread handles supervisor dispatch.
2026-04-04 01:26:57 | INFO | bridge_app | Auto-split: detected small model 'ollama/qwen2.5-coder:7b' — enabling --auto-split-threshold 3 automatically. Tasks with 3+ files will be split into single-file sub-tasks. Pass --auto-split-threshold 0 to disable.
2026-04-04 01:26:57 | INFO | bridge_app | Git readiness — repo=yes, head=yes, branch=codex/react_electorn_ui, clean=no, staged=1, unstaged=2, untracked=25, next=continue
2026-04-04 01:26:57 | INFO | bridge_app | Added 7 bridge entries to C:\Users\winss\Documents\Projects\shorts-uploader-engine\.gitignore: ['taskJsons/', '.aider.tags.cache.v4/', 'bridge_progress/', 'logs.meta', '.aider.input.history', '.aider.chat.history.md', 'bridge_progress.meta']
2026-04-04 01:26:57 | INFO | bridge_app | Git readiness — repo=yes, head=yes, branch=codex/react_electorn_ui, clean=no, staged=1, unstaged=3, untracked=25, next=continue
2026-04-04 01:26:57 | INFO | bridge_app | Pre-flight checks passed.
2026-04-04 01:26:57 | INFO | bridge_app | Rollback point: 065839b6a77b15f20b1a071161953f27d6d2cd2c
2026-04-04 01:26:57 | INFO | bridge_app | If this run fails, undo all changes with:  git reset --hard 065839b6a77b15f20b1a071161953f27d6d2cd2c
2026-04-04 01:26:57 | INFO | bridge_app | Project type (from saved knowledge): script-driven media upload automation with Electron desktop UI
2026-04-04 01:26:57 | INFO | bridge_app | Project understanding ready: 8 docs, 17 files, confirmed=True
2026-04-04 01:26:57 | INFO | bridge_app | Project knowledge loaded: 17 files registered, 6 features done
2026-04-04 01:26:58 | INFO | bridge_app | Validator: project type set from knowledge: 'script-driven media upload automation with Electron desktop UI' → 'unknown'
2026-04-04 01:26:58 | INFO | bridge_app | Loaded 1 task(s) from plan file
2026-04-04 01:27:00 | INFO | bridge_app | Task 1 — attempt 1/3 — files: missingFeatures/FEATURE_STATUS.md
2026-04-04 01:28:30 | WARNING | bridge_app | Task 1: model edited 3 out-of-scope file(s) — reverting: .gitignore, bridge_progress/project_knowledge.json, bridge_progress/project_snapshot.json
2026-04-04 01:28:30 | ERROR | bridge_app | Bridge run failed after 92.8s: name 'token_tracker' is not defined
Traceback (most recent call last):
  File "C:\Users\winss\Documents\Projects\codex-aider-bridge-app\main.py", line 2110, in main
    task_diff = execute_task_with_review(
                ^^^^^^^^^^^^^^^^^^^^^^^^^
  File "C:\Users\winss\Documents\Projects\codex-aider-bridge-app\main.py", line 1048, in execute_task_with_review
    token_tracker.record_aider_task(
    ^^^^^^^^^^^^^
NameError: name 'token_tracker' is not defined
2026-04-04 01:28:30 | WARNING | bridge_app | To undo all changes made during this run:  git reset --hard 065839b6a77b15f20b1a071161953f27d6d2cd2c
2026-04-04 01:30:44 | INFO | bridge_app | Bridge starting — repo: C:\Users\winss\Documents\Projects\shorts-uploader-engine
2026-04-04 01:30:44 | INFO | bridge_app | Bridge running in MANUAL-SUPERVISOR mode — review requests will be written to bridge_progress/manual_supervisor/ and the UI proxy thread handles supervisor dispatch.
2026-04-04 01:30:44 | INFO | bridge_app | Auto-split: detected small model 'ollama/qwen2.5-coder:7b' — enabling --auto-split-threshold 3 automatically. Tasks with 3+ files will be split into single-file sub-tasks. Pass --auto-split-threshold 0 to disable.
2026-04-04 01:30:44 | INFO | bridge_app | Git readiness — repo=yes, head=yes, branch=codex/react_electorn_ui, clean=no, staged=1, unstaged=2, untracked=25, next=continue
2026-04-04 01:30:45 | INFO | bridge_app | Added 7 bridge entries to C:\Users\winss\Documents\Projects\shorts-uploader-engine\.gitignore: ['taskJsons/', '.aider.tags.cache.v4/', 'bridge_progress/', 'logs.meta', '.aider.input.history', '.aider.chat.history.md', 'bridge_progress.meta']
2026-04-04 01:30:45 | INFO | bridge_app | Git readiness — repo=yes, head=yes, branch=codex/react_electorn_ui, clean=no, staged=1, unstaged=3, untracked=25, next=continue
2026-04-04 01:30:45 | INFO | bridge_app | Pre-flight checks passed.
2026-04-04 01:30:45 | INFO | bridge_app | Rollback point: 065839b6a77b15f20b1a071161953f27d6d2cd2c
2026-04-04 01:30:45 | INFO | bridge_app | If this run fails, undo all changes with:  git reset --hard 065839b6a77b15f20b1a071161953f27d6d2cd2c
2026-04-04 01:30:45 | INFO | bridge_app | Project type (from saved knowledge): script-driven media upload automation with Electron desktop UI
2026-04-04 01:30:45 | INFO | bridge_app | Project understanding ready: 8 docs, 17 files, confirmed=True
2026-04-04 01:30:45 | INFO | bridge_app | Project knowledge loaded: 17 files registered, 6 features done
2026-04-04 01:30:46 | INFO | bridge_app | Validator: project type set from knowledge: 'script-driven media upload automation with Electron desktop UI' → 'unknown'
2026-04-04 01:30:46 | INFO | bridge_app | Loaded 1 task(s) from plan file
2026-04-04 01:30:47 | INFO | bridge_app | Task 1 — attempt 1/3 — files: missingFeatures/FEATURE_STATUS.md
2026-04-04 01:32:54 | INFO | bridge_app | Bridge starting — repo: C:\Users\winss\Documents\Projects\shorts-uploader-engine
2026-04-04 01:32:54 | INFO | bridge_app | Bridge running in MANUAL-SUPERVISOR mode — review requests will be written to bridge_progress/manual_supervisor/ and the UI proxy thread handles supervisor dispatch.
2026-04-04 01:32:54 | INFO | bridge_app | Auto-split: detected small model 'ollama/qwen2.5-coder:7b' — enabling --auto-split-threshold 3 automatically. Tasks with 3+ files will be split into single-file sub-tasks. Pass --auto-split-threshold 0 to disable.
2026-04-04 01:32:55 | INFO | bridge_app | Git readiness — repo=yes, head=yes, branch=codex/react_electorn_ui, clean=no, staged=1, unstaged=3, untracked=25, next=continue
2026-04-04 01:32:55 | INFO | bridge_app | Added 7 bridge entries to C:\Users\winss\Documents\Projects\shorts-uploader-engine\.gitignore: ['taskJsons/', '.aider.tags.cache.v4/', 'bridge_progress/', 'logs.meta', '.aider.input.history', '.aider.chat.history.md', 'bridge_progress.meta']
2026-04-04 01:32:55 | INFO | bridge_app | Git readiness — repo=yes, head=yes, branch=codex/react_electorn_ui, clean=no, staged=1, unstaged=3, untracked=25, next=continue
2026-04-04 01:32:55 | INFO | bridge_app | Pre-flight checks passed.
2026-04-04 01:32:55 | INFO | bridge_app | Rollback point: 065839b6a77b15f20b1a071161953f27d6d2cd2c
2026-04-04 01:32:55 | INFO | bridge_app | If this run fails, undo all changes with:  git reset --hard 065839b6a77b15f20b1a071161953f27d6d2cd2c
2026-04-04 01:32:55 | INFO | bridge_app | Project type (from saved knowledge): script-driven media upload automation with Electron desktop UI
2026-04-04 01:32:55 | INFO | bridge_app | Project understanding ready: 8 docs, 17 files, confirmed=True
2026-04-04 01:32:55 | INFO | bridge_app | Project knowledge loaded: 17 files registered, 6 features done
2026-04-04 01:32:57 | INFO | bridge_app | Validator: project type set from knowledge: 'script-driven media upload automation with Electron desktop UI' → 'unknown'
2026-04-04 01:32:57 | INFO | bridge_app | Loaded 1 task(s) from plan file
2026-04-04 01:32:58 | INFO | bridge_app | Task 1 — attempt 1/3 — files: missingFeatures/FEATURE_STATUS.md
2026-04-04 01:35:48 | ERROR | bridge_app | Bridge run failed after 303.3s: Task 1: Aider timed out after 300s. The local LLM may be too slow for this task, or the task targets files that don't exist. Try: increase --task-timeout, use a faster model, or check the file paths in the plan.
Traceback (most recent call last):
  File "C:\Users\winss\Documents\Projects\codex-aider-bridge-app\main.py", line 2110, in main
    )
      
  File "C:\Users\winss\Documents\Projects\codex-aider-bridge-app\main.py", line 984, in execute_task_with_review
    if "timed out" in stderr.lower():
        ^^^^^^^^^^^^^^^^^^^^^^^^^^^^^
RuntimeError: Task 1: Aider timed out after 300s. The local LLM may be too slow for this task, or the task targets files that don't exist. Try: increase --task-timeout, use a faster model, or check the file paths in the plan.
2026-04-04 01:35:48 | WARNING | bridge_app | To undo all changes made during this run:  git reset --hard 065839b6a77b15f20b1a071161953f27d6d2cd2c
2026-04-04 01:35:49 | WARNING | bridge_app | Could not write bridge output to stdout: [Errno 22] Invalid argument | payload={"status": "failure", "error": "Task 1: Aider timed out after 300s. The local LLM may be too slow for this task, or the task targets files that don't exist. Try: increase --task-timeout, use a faster model, or check the file paths in the plan.", "elapsed_seconds": 303.3}
2026-04-04 01:37:02 | WARNING | bridge_app | Task 1: model edited 3 out-of-scope file(s) — reverting: .gitignore, bridge_progress/project_knowledge.json, bridge_progress/project_snapshot.json
2026-04-04 01:37:04 | ERROR | bridge_app | Bridge run failed after 248.7s: cannot access local variable 'TaskReport' where it is not associated with a value
Traceback (most recent call last):
  File "C:\Users\winss\Documents\Projects\codex-aider-bridge-app\main.py", line 2112, in main
    task_diff = execute_task_with_review(
                ^^^^^^^^^^^^^^^^^^^^^^^^^
  File "C:\Users\winss\Documents\Projects\codex-aider-bridge-app\main.py", line 1202, in execute_task_with_review
    task_report = TaskReport(
                  ^^^^^^^^^^
UnboundLocalError: cannot access local variable 'TaskReport' where it is not associated with a value
2026-04-04 01:37:04 | WARNING | bridge_app | To undo all changes made during this run:  git reset --hard 065839b6a77b15f20b1a071161953f27d6d2cd2c
2026-04-04 01:43:43 | INFO | bridge_app | Bridge starting — repo: C:\Users\winss\Documents\Projects\shorts-uploader-engine
2026-04-04 01:43:43 | INFO | bridge_app | Bridge running in MANUAL-SUPERVISOR mode — review requests will be written to bridge_progress/manual_supervisor/ and the UI proxy thread handles supervisor dispatch.
2026-04-04 01:43:43 | INFO | bridge_app | Auto-split: detected small model 'ollama/qwen2.5-coder:7b' — enabling --auto-split-threshold 3 automatically. Tasks with 3+ files will be split into single-file sub-tasks. Pass --auto-split-threshold 0 to disable.
2026-04-04 01:43:43 | INFO | bridge_app | Git readiness — repo=yes, head=yes, branch=codex/react_electorn_ui, clean=no, staged=1, unstaged=2, untracked=25, next=continue
2026-04-04 01:43:43 | INFO | bridge_app | Added 7 bridge entries to C:\Users\winss\Documents\Projects\shorts-uploader-engine\.gitignore: ['taskJsons/', '.aider.tags.cache.v4/', 'bridge_progress/', 'logs.meta', '.aider.input.history', '.aider.chat.history.md', 'bridge_progress.meta']
2026-04-04 01:43:43 | INFO | bridge_app | Git readiness — repo=yes, head=yes, branch=codex/react_electorn_ui, clean=no, staged=1, unstaged=3, untracked=25, next=continue
2026-04-04 01:43:43 | INFO | bridge_app | Pre-flight checks passed.
2026-04-04 01:43:43 | INFO | bridge_app | Rollback point: 065839b6a77b15f20b1a071161953f27d6d2cd2c
2026-04-04 01:43:43 | INFO | bridge_app | If this run fails, undo all changes with:  git reset --hard 065839b6a77b15f20b1a071161953f27d6d2cd2c
2026-04-04 01:43:43 | INFO | bridge_app | Project type (from saved knowledge): script-driven media upload automation with Electron desktop UI
2026-04-04 01:43:43 | INFO | bridge_app | Project understanding ready: 8 docs, 17 files, confirmed=True
2026-04-04 01:43:43 | INFO | bridge_app | Project knowledge loaded: 17 files registered, 6 features done
2026-04-04 01:43:44 | INFO | bridge_app | Validator: project type set from knowledge: 'script-driven media upload automation with Electron desktop UI' → 'unknown'
2026-04-04 01:43:44 | INFO | bridge_app | Loaded 1 task(s) from plan file
2026-04-04 01:43:46 | INFO | bridge_app | Task 1 — attempt 1/3 — files: missingFeatures/FEATURE_STATUS.md
2026-04-04 01:45:09 | WARNING | bridge_app | Task 1: model edited 3 out-of-scope file(s) — reverting: .gitignore, bridge_progress/project_knowledge.json, bridge_progress/project_snapshot.json
2026-04-04 01:45:11 | INFO | bridge_app | Manual supervisor review requested: C:\Users\winss\Documents\Projects\shorts-uploader-engine\bridge_progress\manual_supervisor\requests\task_0001_request.json
2026-04-04 01:45:11 | INFO | bridge_app | Waiting for manual supervisor decision: C:\Users\winss\Documents\Projects\shorts-uploader-engine\bridge_progress\manual_supervisor\decisions\task_0001_decision.json
2026-04-04 02:02:00 | INFO | bridge_app | Bridge starting — repo: C:\Users\winss\Documents\Projects\shorts-uploader-engine
2026-04-04 02:02:00 | INFO | bridge_app | Bridge running in MANUAL-SUPERVISOR mode — review requests will be written to bridge_progress/manual_supervisor/ and the UI proxy thread handles supervisor dispatch.
2026-04-04 02:02:00 | INFO | bridge_app | Auto-split: detected small model 'ollama/qwen2.5-coder:7b' — enabling --auto-split-threshold 3 automatically. Tasks with 3+ files will be split into single-file sub-tasks. Pass --auto-split-threshold 0 to disable.
2026-04-04 02:02:00 | INFO | bridge_app | Git readiness — repo=yes, head=yes, branch=codex/react_electorn_ui, clean=no, staged=1, unstaged=0, untracked=25, next=continue
2026-04-04 02:02:00 | INFO | bridge_app | Added 7 bridge entries to C:\Users\winss\Documents\Projects\shorts-uploader-engine\.gitignore: ['taskJsons/', '.aider.tags.cache.v4/', 'bridge_progress/', 'logs.meta', '.aider.input.history', '.aider.chat.history.md', 'bridge_progress.meta']
2026-04-04 02:02:01 | INFO | bridge_app | Git readiness — repo=yes, head=yes, branch=codex/react_electorn_ui, clean=no, staged=1, unstaged=1, untracked=25, next=continue
2026-04-04 02:02:01 | INFO | bridge_app | Pre-flight checks passed.
2026-04-04 02:02:01 | INFO | bridge_app | Rollback point: 065839b6a77b15f20b1a071161953f27d6d2cd2c
2026-04-04 02:02:01 | INFO | bridge_app | If this run fails, undo all changes with:  git reset --hard 065839b6a77b15f20b1a071161953f27d6d2cd2c
2026-04-04 02:02:01 | INFO | bridge_app | Project type (from saved knowledge): script-driven media upload automation with Electron desktop UI
2026-04-04 02:02:01 | INFO | bridge_app | Project understanding ready: 8 docs, 16 files, confirmed=True
2026-04-04 02:02:01 | INFO | bridge_app | Project knowledge loaded: 16 files registered, 3 features done
2026-04-04 02:02:02 | INFO | bridge_app | Validator: project type set from knowledge: 'script-driven media upload automation with Electron desktop UI' → 'unknown'
2026-04-04 02:02:02 | INFO | bridge_app | Loaded 1 task(s) from plan file
2026-04-04 02:02:03 | INFO | bridge_app | Task 1 — attempt 1/3 — files: missingFeatures/FEATURE_STATUS.md
2026-04-04 02:03:21 | WARNING | bridge_app | Task 1: model edited 2 out-of-scope file(s) — reverting: .gitignore, bridge_progress/project_knowledge.json
2026-04-04 02:03:22 | INFO | bridge_app | Manual supervisor review requested: C:\Users\winss\Documents\Projects\shorts-uploader-engine\bridge_progress\manual_supervisor\requests\task_0001_request.json
2026-04-04 02:03:22 | INFO | bridge_app | Waiting for manual supervisor decision: C:\Users\winss\Documents\Projects\shorts-uploader-engine\bridge_progress\manual_supervisor\decisions\task_0001_decision.json
2026-04-04 02:04:29 | INFO | bridge_app | Bridge starting — repo: C:\Users\winss\Documents\Projects\shorts-uploader-engine
2026-04-04 02:04:29 | INFO | bridge_app | Bridge running in MANUAL-SUPERVISOR mode — review requests will be written to bridge_progress/manual_supervisor/ and the UI proxy thread handles supervisor dispatch.
2026-04-04 02:04:29 | INFO | bridge_app | Auto-split: detected small model 'ollama/qwen2.5-coder:7b' — enabling --auto-split-threshold 3 automatically. Tasks with 3+ files will be split into single-file sub-tasks. Pass --auto-split-threshold 0 to disable.
2026-04-04 02:04:29 | INFO | bridge_app | Git readiness — repo=yes, head=yes, branch=codex/react_electorn_ui, clean=no, staged=1, unstaged=0, untracked=25, next=continue
2026-04-04 02:04:30 | INFO | bridge_app | Added 7 bridge entries to C:\Users\winss\Documents\Projects\shorts-uploader-engine\.gitignore: ['taskJsons/', '.aider.tags.cache.v4/', 'bridge_progress/', 'logs.meta', '.aider.input.history', '.aider.chat.history.md', 'bridge_progress.meta']
2026-04-04 02:04:30 | INFO | bridge_app | Git readiness — repo=yes, head=yes, branch=codex/react_electorn_ui, clean=no, staged=1, unstaged=1, untracked=25, next=continue
2026-04-04 02:04:30 | INFO | bridge_app | Pre-flight checks passed.
2026-04-04 02:04:30 | INFO | bridge_app | Rollback point: 065839b6a77b15f20b1a071161953f27d6d2cd2c
2026-04-04 02:04:30 | INFO | bridge_app | If this run fails, undo all changes with:  git reset --hard 065839b6a77b15f20b1a071161953f27d6d2cd2c
2026-04-04 02:04:30 | INFO | bridge_app | Project type (from saved knowledge): script-driven media upload automation with Electron desktop UI
2026-04-04 02:04:30 | INFO | bridge_app | Project understanding ready: 8 docs, 16 files, confirmed=True
2026-04-04 02:04:30 | INFO | bridge_app | Project knowledge loaded: 16 files registered, 3 features done
2026-04-04 02:04:31 | INFO | bridge_app | Validator: project type set from knowledge: 'script-driven media upload automation with Electron desktop UI' → 'unknown'
2026-04-04 02:04:31 | INFO | bridge_app | Loaded 1 task(s) from plan file
2026-04-04 02:04:32 | INFO | bridge_app | Task 1 — attempt 1/3 — files: missingFeatures/FEATURE_STATUS.md
2026-04-04 02:05:53 | WARNING | bridge_app | Task 1: model edited 2 out-of-scope file(s) — reverting: .gitignore, bridge_progress/project_knowledge.json
2026-04-04 02:05:54 | INFO | bridge_app | Manual supervisor review requested: C:\Users\winss\Documents\Projects\shorts-uploader-engine\bridge_progress\manual_supervisor\requests\task_0001_request.json
2026-04-04 02:05:54 | INFO | bridge_app | Waiting for manual supervisor decision: C:\Users\winss\Documents\Projects\shorts-uploader-engine\bridge_progress\manual_supervisor\decisions\task_0001_decision.json
2026-04-04 02:07:50 | INFO | bridge_app | Bridge starting — repo: C:\Users\winss\Documents\Projects\shorts-uploader-engine
2026-04-04 02:07:50 | INFO | bridge_app | Bridge running in MANUAL-SUPERVISOR mode — review requests will be written to bridge_progress/manual_supervisor/ and the UI proxy thread handles supervisor dispatch.
2026-04-04 02:07:50 | INFO | bridge_app | Git readiness — repo=yes, head=yes, branch=codex/react_electorn_ui, clean=no, staged=1, unstaged=0, untracked=25, next=continue
2026-04-04 02:07:50 | INFO | bridge_app | Added 7 bridge entries to C:\Users\winss\Documents\Projects\shorts-uploader-engine\.gitignore: ['taskJsons/', '.aider.tags.cache.v4/', 'bridge_progress/', 'logs.meta', '.aider.input.history', '.aider.chat.history.md', 'bridge_progress.meta']
2026-04-04 02:07:51 | INFO | bridge_app | Git readiness — repo=yes, head=yes, branch=codex/react_electorn_ui, clean=no, staged=1, unstaged=1, untracked=25, next=continue
2026-04-04 02:07:51 | INFO | bridge_app | Pre-flight checks passed.
2026-04-04 02:07:51 | INFO | bridge_app | Rollback point: 065839b6a77b15f20b1a071161953f27d6d2cd2c
2026-04-04 02:07:51 | INFO | bridge_app | If this run fails, undo all changes with:  git reset --hard 065839b6a77b15f20b1a071161953f27d6d2cd2c
2026-04-04 02:07:51 | INFO | bridge_app | Project type (from saved knowledge): script-driven media upload automation with Electron desktop UI
2026-04-04 02:07:51 | INFO | bridge_app | Project understanding ready: 8 docs, 16 files, confirmed=True
2026-04-04 02:07:51 | INFO | bridge_app | Project knowledge loaded: 16 files registered, 3 features done
2026-04-04 02:07:52 | INFO | bridge_app | Validator: project type set from knowledge: 'script-driven media upload automation with Electron desktop UI' → 'unknown'
2026-04-04 02:07:52 | INFO | bridge_app | Loaded 1 task(s) from plan file
2026-04-04 02:07:54 | INFO | bridge_app | Task 1 — attempt 1/3 — files: missingFeatures/FEATURE_STATUS.md
2026-04-04 02:07:56 | WARNING | bridge_app | Task 1: manual supervisor requested rework (attempt 1): Revert all changes to youtubeBatchUpload.py and instead read missingFeatures/FEATURE_STATUS.md, count the remaining (incomplete) features, and return that count without modifying any other files.
2026-04-04 02:07:59 | INFO | bridge_app | Task 1 — attempt 2/3 — files: missingFeatures/FEATURE_STATUS.md
2026-04-04 02:12:55 | ERROR | bridge_app | Bridge run failed after 303.9s: Task 1: Aider timed out after 300s. The local LLM may be too slow for this task, or the task targets files that don't exist. Try: increase --task-timeout, use a faster model, or check the file paths in the plan.
Traceback (most recent call last):
  File "C:\Users\winss\Documents\Projects\codex-aider-bridge-app\main.py", line 2111, in main
    task_diff = execute_task_with_review(
                ^^^^^^^^^^^^^^^^^^^^^^^^^
  File "C:\Users\winss\Documents\Projects\codex-aider-bridge-app\main.py", line 984, in execute_task_with_review
    raise RuntimeError(
RuntimeError: Task 1: Aider timed out after 300s. The local LLM may be too slow for this task, or the task targets files that don't exist. Try: increase --task-timeout, use a faster model, or check the file paths in the plan.
2026-04-04 02:12:55 | WARNING | bridge_app | To undo all changes made during this run:  git reset --hard 065839b6a77b15f20b1a071161953f27d6d2cd2c
2026-04-04 02:13:00 | ERROR | bridge_app | Bridge run failed after 510.0s: Task 1: Aider timed out after 300s. The local LLM may be too slow for this task, or the task targets files that don't exist. Try: increase --task-timeout, use a faster model, or check the file paths in the plan.
Traceback (most recent call last):
  File "C:\Users\winss\Documents\Projects\codex-aider-bridge-app\main.py", line 2111, in main
    task_diff = execute_task_with_review(
                ^^^^^^^^^^^^^^^^^^^^^^^^^
  File "C:\Users\winss\Documents\Projects\codex-aider-bridge-app\main.py", line 984, in execute_task_with_review
    raise RuntimeError(
RuntimeError: Task 1: Aider timed out after 300s. The local LLM may be too slow for this task, or the task targets files that don't exist. Try: increase --task-timeout, use a faster model, or check the file paths in the plan.
2026-04-04 02:13:00 | WARNING | bridge_app | To undo all changes made during this run:  git reset --hard 065839b6a77b15f20b1a071161953f27d6d2cd2c
2026-04-04 02:13:01 | WARNING | bridge_app | Could not write bridge output to stdout: [Errno 22] Invalid argument | payload={"status": "failure", "error": "Task 1: Aider timed out after 300s. The local LLM may be too slow for this task, or the task targets files that don't exist. Try: increase --task-timeout, use a faster model, or check the file paths in the plan.", "elapsed_seconds": 510.0}
2026-04-04 02:38:16 | INFO | bridge_app | Bridge starting — repo: C:\Users\winss\Documents\Projects\shorts-uploader-engine
2026-04-04 02:38:16 | INFO | bridge_app | Bridge running in MANUAL-SUPERVISOR mode — review requests will be written to bridge_progress/manual_supervisor/ and the UI proxy thread handles supervisor dispatch.
2026-04-04 02:38:16 | INFO | bridge_app | Git readiness — repo=yes, head=yes, branch=codex/react_electorn_ui, clean=no, staged=1, unstaged=3, untracked=15, next=continue
2026-04-04 02:38:16 | INFO | bridge_app | Added 7 bridge entries to C:\Users\winss\Documents\Projects\shorts-uploader-engine\.gitignore: ['taskJsons/', '.aider.tags.cache.v4/', 'bridge_progress/', 'logs.meta', '.aider.input.history', '.aider.chat.history.md', 'bridge_progress.meta']
2026-04-04 02:38:17 | INFO | bridge_app | Git readiness — repo=yes, head=yes, branch=codex/react_electorn_ui, clean=no, staged=1, unstaged=3, untracked=15, next=continue
2026-04-04 02:38:17 | INFO | bridge_app | Pre-flight checks passed.
2026-04-04 02:38:17 | INFO | bridge_app | Rollback point: 065839b6a77b15f20b1a071161953f27d6d2cd2c
2026-04-04 02:38:17 | INFO | bridge_app | If this run fails, undo all changes with:  git reset --hard 065839b6a77b15f20b1a071161953f27d6d2cd2c
2026-04-04 02:38:17 | INFO | bridge_app | Project type (from saved knowledge): script-driven media upload automation with Electron desktop UI
2026-04-04 02:38:17 | INFO | bridge_app | Project understanding ready: 8 docs, 16 files, confirmed=True
2026-04-04 02:38:17 | INFO | bridge_app | Project knowledge loaded: 16 files registered, 3 features done
2026-04-04 02:38:18 | INFO | bridge_app | Validator: project type set from knowledge: 'script-driven media upload automation with Electron desktop UI' → 'unknown'
2026-04-04 02:38:18 | ERROR | bridge_app | Bridge run failed after 1.5s: Manual-supervisor mode requires --plan-file. Generate the plan in-session and pass it explicitly.
Traceback (most recent call last):
  File "C:\Users\winss\Documents\Projects\codex-aider-bridge-app\main.py", line 2055, in main
    raise RuntimeError(
RuntimeError: Manual-supervisor mode requires --plan-file. Generate the plan in-session and pass it explicitly.
2026-04-04 02:38:18 | WARNING | bridge_app | To undo all changes made during this run:  git reset --hard 065839b6a77b15f20b1a071161953f27d6d2cd2c
2026-04-04 02:38:41 | INFO | bridge_app | Bridge starting — repo: C:\Users\winss\Documents\Projects\shorts-uploader-engine
2026-04-04 02:38:41 | INFO | bridge_app | Bridge running in MANUAL-SUPERVISOR mode — review requests will be written to bridge_progress/manual_supervisor/ and the UI proxy thread handles supervisor dispatch.
2026-04-04 02:38:41 | INFO | bridge_app | Git readiness — repo=yes, head=yes, branch=codex/react_electorn_ui, clean=no, staged=1, unstaged=3, untracked=16, next=continue
2026-04-04 02:38:41 | INFO | bridge_app | Added 7 bridge entries to C:\Users\winss\Documents\Projects\shorts-uploader-engine\.gitignore: ['taskJsons/', '.aider.tags.cache.v4/', 'bridge_progress/', 'logs.meta', '.aider.input.history', '.aider.chat.history.md', 'bridge_progress.meta']
2026-04-04 02:38:41 | INFO | bridge_app | Git readiness — repo=yes, head=yes, branch=codex/react_electorn_ui, clean=no, staged=1, unstaged=3, untracked=16, next=continue
2026-04-04 02:38:41 | INFO | bridge_app | Pre-flight checks passed.
2026-04-04 02:38:41 | INFO | bridge_app | Rollback point: 065839b6a77b15f20b1a071161953f27d6d2cd2c
2026-04-04 02:38:41 | INFO | bridge_app | If this run fails, undo all changes with:  git reset --hard 065839b6a77b15f20b1a071161953f27d6d2cd2c
2026-04-04 02:38:41 | INFO | bridge_app | Project type (from saved knowledge): script-driven media upload automation with Electron desktop UI
2026-04-04 02:38:41 | INFO | bridge_app | Project understanding ready: 8 docs, 16 files, confirmed=True
2026-04-04 02:38:41 | INFO | bridge_app | Project knowledge loaded: 16 files registered, 3 features done
2026-04-04 02:38:43 | INFO | bridge_app | Validator: project type set from knowledge: 'script-driven media upload automation with Electron desktop UI' → 'unknown'
2026-04-04 02:38:43 | ERROR | bridge_app | Bridge run failed after 1.5s: Manual-supervisor mode requires --plan-file. Generate the plan in-session and pass it explicitly.
Traceback (most recent call last):
  File "C:\Users\winss\Documents\Projects\codex-aider-bridge-app\main.py", line 2055, in main
    raise RuntimeError(
RuntimeError: Manual-supervisor mode requires --plan-file. Generate the plan in-session and pass it explicitly.
2026-04-04 02:38:43 | WARNING | bridge_app | To undo all changes made during this run:  git reset --hard 065839b6a77b15f20b1a071161953f27d6d2cd2c
2026-04-04 02:40:40 | INFO | bridge_app | Bridge starting — repo: C:\Users\winss\Documents\Projects\shorts-uploader-engine
2026-04-04 02:40:40 | INFO | bridge_app | Bridge running in MANUAL-SUPERVISOR mode — review requests will be written to bridge_progress/manual_supervisor/ and the UI proxy thread handles supervisor dispatch.
2026-04-04 02:40:41 | INFO | bridge_app | Git readiness — repo=yes, head=yes, branch=codex/react_electorn_ui, clean=no, staged=1, unstaged=3, untracked=16, next=continue
2026-04-04 02:40:41 | INFO | bridge_app | Added 7 bridge entries to C:\Users\winss\Documents\Projects\shorts-uploader-engine\.gitignore: ['taskJsons/', '.aider.tags.cache.v4/', 'bridge_progress/', 'logs.meta', '.aider.input.history', '.aider.chat.history.md', 'bridge_progress.meta']
2026-04-04 02:40:41 | INFO | bridge_app | Git readiness — repo=yes, head=yes, branch=codex/react_electorn_ui, clean=no, staged=1, unstaged=3, untracked=16, next=continue
2026-04-04 02:40:41 | INFO | bridge_app | Pre-flight checks passed.
2026-04-04 02:40:41 | INFO | bridge_app | Rollback point: 065839b6a77b15f20b1a071161953f27d6d2cd2c
2026-04-04 02:40:41 | INFO | bridge_app | If this run fails, undo all changes with:  git reset --hard 065839b6a77b15f20b1a071161953f27d6d2cd2c
2026-04-04 02:40:41 | INFO | bridge_app | Project type (from saved knowledge): script-driven media upload automation with Electron desktop UI
2026-04-04 02:40:41 | INFO | bridge_app | Project understanding ready: 8 docs, 16 files, confirmed=True
2026-04-04 02:40:41 | INFO | bridge_app | Project knowledge loaded: 16 files registered, 3 features done
2026-04-04 02:40:43 | INFO | bridge_app | Validator: project type set from knowledge: 'script-driven media upload automation with Electron desktop UI' → 'unknown'
2026-04-04 02:40:43 | ERROR | bridge_app | Bridge run failed after 1.5s: Manual-supervisor mode requires --plan-file. Generate the plan in-session and pass it explicitly.
Traceback (most recent call last):
  File "C:\Users\winss\Documents\Projects\codex-aider-bridge-app\main.py", line 2055, in main
    raise RuntimeError(
RuntimeError: Manual-supervisor mode requires --plan-file. Generate the plan in-session and pass it explicitly.
2026-04-04 02:40:43 | WARNING | bridge_app | To undo all changes made during this run:  git reset --hard 065839b6a77b15f20b1a071161953f27d6d2cd2c
2026-04-04 02:50:59 | INFO | bridge_app | Bridge starting — repo: C:\Users\winss\Documents\Projects\shorts-uploader-engine
2026-04-04 02:50:59 | INFO | bridge_app | Bridge running in MANUAL-SUPERVISOR mode — review requests will be written to bridge_progress/manual_supervisor/ and the UI proxy thread handles supervisor dispatch.
2026-04-04 02:50:59 | INFO | bridge_app | Git readiness — repo=yes, head=yes, branch=codex/react_electorn_ui, clean=no, staged=1, unstaged=3, untracked=16, next=continue
2026-04-04 02:50:59 | INFO | bridge_app | Added 7 bridge entries to C:\Users\winss\Documents\Projects\shorts-uploader-engine\.gitignore: ['taskJsons/', '.aider.tags.cache.v4/', 'bridge_progress/', 'logs.meta', '.aider.input.history', '.aider.chat.history.md', 'bridge_progress.meta']
2026-04-04 02:51:00 | INFO | bridge_app | Git readiness — repo=yes, head=yes, branch=codex/react_electorn_ui, clean=no, staged=1, unstaged=3, untracked=16, next=continue
2026-04-04 02:51:00 | INFO | bridge_app | Pre-flight checks passed.
2026-04-04 02:51:00 | INFO | bridge_app | Rollback point: 065839b6a77b15f20b1a071161953f27d6d2cd2c
2026-04-04 02:51:00 | INFO | bridge_app | If this run fails, undo all changes with:  git reset --hard 065839b6a77b15f20b1a071161953f27d6d2cd2c
2026-04-04 02:51:00 | INFO | bridge_app | Project type (from saved knowledge): script-driven media upload automation with Electron desktop UI
2026-04-04 02:51:00 | INFO | bridge_app | Project understanding ready: 8 docs, 16 files, confirmed=True
2026-04-04 02:51:00 | INFO | bridge_app | Project knowledge loaded: 16 files registered, 3 features done
2026-04-04 02:51:01 | INFO | bridge_app | Validator: project type set from knowledge: 'script-driven media upload automation with Electron desktop UI' → 'unknown'
2026-04-04 02:51:01 | INFO | bridge_app | Loaded 42 task(s) from plan file
2026-04-04 02:51:01 | INFO | bridge_app | Task 2: skipping — already completed (checkpoint)
2026-04-04 02:51:01 | INFO | bridge_app | Task 3: skipping — already completed (checkpoint)
2026-04-04 02:51:01 | INFO | bridge_app | Task 4: skipping — already completed (checkpoint)
2026-04-04 02:51:02 | INFO | bridge_app | Task 5 — attempt 1/3 — files: app/useAppStore.js
2026-04-04 02:56:03 | ERROR | bridge_app | Bridge run failed after 303.8s: Task 5: Aider timed out after 300s. The local LLM may be too slow for this task, or the task targets files that don't exist. Try: increase --task-timeout, use a faster model, or check the file paths in the plan.
Traceback (most recent call last):
  File "C:\Users\winss\Documents\Projects\codex-aider-bridge-app\main.py", line 2111, in main
    task_diff = execute_task_with_review(
                ^^^^^^^^^^^^^^^^^^^^^^^^^
  File "C:\Users\winss\Documents\Projects\codex-aider-bridge-app\main.py", line 984, in execute_task_with_review
    raise RuntimeError(
RuntimeError: Task 5: Aider timed out after 300s. The local LLM may be too slow for this task, or the task targets files that don't exist. Try: increase --task-timeout, use a faster model, or check the file paths in the plan.
2026-04-04 02:56:03 | WARNING | bridge_app | To undo all changes made during this run:  git reset --hard 065839b6a77b15f20b1a071161953f27d6d2cd2c
2026-04-04 02:58:14 | INFO | bridge_app | Bridge starting — repo: C:\Users\winss\Documents\Projects\shorts-uploader-engine
2026-04-04 02:58:14 | INFO | bridge_app | Bridge running in MANUAL-SUPERVISOR mode — review requests will be written to bridge_progress/manual_supervisor/ and the UI proxy thread handles supervisor dispatch.
2026-04-04 02:58:14 | INFO | bridge_app | Auto-split: detected small model 'ollama/qwen2.5-coder:7b' — enabling --auto-split-threshold 3 automatically. Tasks with 3+ files will be split into single-file sub-tasks. Pass --auto-split-threshold 0 to disable.
2026-04-04 02:58:14 | INFO | bridge_app | Git readiness — repo=yes, head=yes, branch=codex/react_electorn_ui, clean=no, staged=1, unstaged=3, untracked=17, next=continue
2026-04-04 02:58:14 | INFO | bridge_app | Added 7 bridge entries to C:\Users\winss\Documents\Projects\shorts-uploader-engine\.gitignore: ['taskJsons/', '.aider.tags.cache.v4/', 'bridge_progress/', 'logs.meta', '.aider.input.history', '.aider.chat.history.md', 'bridge_progress.meta']
2026-04-04 02:58:15 | INFO | bridge_app | Git readiness — repo=yes, head=yes, branch=codex/react_electorn_ui, clean=no, staged=1, unstaged=3, untracked=17, next=continue
2026-04-04 02:58:15 | INFO | bridge_app | Pre-flight checks passed.
2026-04-04 02:58:15 | INFO | bridge_app | Rollback point: 065839b6a77b15f20b1a071161953f27d6d2cd2c
2026-04-04 02:58:15 | INFO | bridge_app | If this run fails, undo all changes with:  git reset --hard 065839b6a77b15f20b1a071161953f27d6d2cd2c
2026-04-04 02:58:15 | INFO | bridge_app | Project type (from saved knowledge): script-driven media upload automation with Electron desktop UI
2026-04-04 02:58:15 | INFO | bridge_app | Project understanding ready: 8 docs, 17 files, confirmed=True
2026-04-04 02:58:15 | INFO | bridge_app | Project knowledge loaded: 17 files registered, 6 features done
2026-04-04 02:58:16 | INFO | bridge_app | Validator: project type set from knowledge: 'script-driven media upload automation with Electron desktop UI' → 'unknown'
2026-04-04 02:58:16 | INFO | bridge_app | Loaded 42 task(s) from plan file
2026-04-04 02:58:16 | INFO | bridge_app | Task 2: skipping — already completed (checkpoint)
2026-04-04 02:58:16 | INFO | bridge_app | Task 3: skipping — already completed (checkpoint)
2026-04-04 02:58:16 | INFO | bridge_app | Task 4: skipping — already completed (checkpoint)
2026-04-04 02:58:18 | INFO | bridge_app | Task 5 — attempt 1/3 — files: app/useAppStore.js
2026-04-04 03:00:59 | WARNING | bridge_app | Task 5: model edited 3 out-of-scope file(s) — reverting: .gitignore, bridge_progress/project_knowledge.json, bridge_progress/project_snapshot.json
2026-04-04 03:01:01 | INFO | bridge_app | Manual supervisor review requested: C:\Users\winss\Documents\Projects\shorts-uploader-engine\bridge_progress\manual_supervisor\requests\task_0005_request.json
2026-04-04 03:01:01 | INFO | bridge_app | Waiting for manual supervisor decision: C:\Users\winss\Documents\Projects\shorts-uploader-engine\bridge_progress\manual_supervisor\decisions\task_0005_decision.json
2026-04-04 03:01:09 | WARNING | bridge_app | Task 5: manual supervisor requested rework (attempt 1): Add a `featureStatus` field (or equivalent) to the store state as required by the instruction, since no feature status tracking was added.
2026-04-04 03:01:12 | INFO | bridge_app | Task 5 — attempt 2/3 — files: app/useAppStore.js
2026-04-04 03:03:50 | INFO | bridge_app | Manual supervisor review requested: C:\Users\winss\Documents\Projects\shorts-uploader-engine\bridge_progress\manual_supervisor\requests\task_0005_request.json
2026-04-04 03:03:50 | INFO | bridge_app | Waiting for manual supervisor decision: C:\Users\winss\Documents\Projects\shorts-uploader-engine\bridge_progress\manual_supervisor\decisions\task_0005_decision.json
2026-04-04 03:18:38 | INFO | bridge_app | Bridge starting — repo: C:\Users\winss\Documents\Projects\shorts-uploader-engine
2026-04-04 03:18:38 | INFO | bridge_app | Bridge running in MANUAL-SUPERVISOR mode — review requests will be written to bridge_progress/manual_supervisor/ and the UI proxy thread handles supervisor dispatch.
2026-04-04 03:18:38 | INFO | bridge_app | Auto-split: detected small model 'ollama/qwen2.5-coder:7b' — enabling --auto-split-threshold 3 automatically. Tasks with 3+ files will be split into single-file sub-tasks. Pass --auto-split-threshold 0 to disable.
2026-04-04 03:18:38 | INFO | bridge_app | Git readiness — repo=yes, head=yes, branch=codex/react_electorn_ui, clean=no, staged=1, unstaged=1, untracked=17, next=continue
2026-04-04 03:18:38 | INFO | bridge_app | Added 7 bridge entries to C:\Users\winss\Documents\Projects\shorts-uploader-engine\.gitignore: ['taskJsons/', '.aider.tags.cache.v4/', 'bridge_progress/', 'logs.meta', '.aider.input.history', '.aider.chat.history.md', 'bridge_progress.meta']
2026-04-04 03:18:38 | INFO | bridge_app | Git readiness — repo=yes, head=yes, branch=codex/react_electorn_ui, clean=no, staged=1, unstaged=2, untracked=17, next=continue
2026-04-04 03:18:38 | INFO | bridge_app | Pre-flight checks passed.
2026-04-04 03:18:38 | INFO | bridge_app | Rollback point: 065839b6a77b15f20b1a071161953f27d6d2cd2c
2026-04-04 03:18:38 | INFO | bridge_app | If this run fails, undo all changes with:  git reset --hard 065839b6a77b15f20b1a071161953f27d6d2cd2c
2026-04-04 03:18:39 | INFO | bridge_app | Project type (from saved knowledge): script-driven media upload automation with Electron desktop UI
2026-04-04 03:18:39 | INFO | bridge_app | Project understanding ready: 8 docs, 16 files, confirmed=True
2026-04-04 03:18:39 | INFO | bridge_app | Project knowledge loaded: 16 files registered, 3 features done
2026-04-04 03:18:42 | INFO | bridge_app | Validator: project type set from knowledge: 'script-driven media upload automation with Electron desktop UI' → 'unknown'
2026-04-04 03:18:42 | INFO | bridge_app | Loaded 42 task(s) from plan file
2026-04-04 03:18:42 | INFO | bridge_app | Task 2: skipping — already completed (checkpoint)
2026-04-04 03:18:42 | INFO | bridge_app | Task 3: skipping — already completed (checkpoint)
2026-04-04 03:18:42 | INFO | bridge_app | Task 4: skipping — already completed (checkpoint)
2026-04-04 03:18:43 | INFO | bridge_app | Task 5 — attempt 1/3 — files: app/useAppStore.js
2026-04-04 03:18:45 | INFO | bridge_app | Task 5: manual supervisor approved
2026-04-04 03:18:45 | INFO | bridge_app | Task 5: auto-committed 1 file(s) at 36c7ccc
2026-04-04 03:18:48 | INFO | bridge_app | Task 6 — attempt 1/3 — files: app/electron/services/uploadService.js
2026-04-04 03:23:44 | ERROR | bridge_app | Bridge run failed after 305.3s: Task 5: Aider timed out after 300s. The local LLM may be too slow for this task, or the task targets files that don't exist. Try: increase --task-timeout, use a faster model, or check the file paths in the plan.
Traceback (most recent call last):
  File "C:\Users\winss\Documents\Projects\codex-aider-bridge-app\main.py", line 2111, in main
    task_diff = execute_task_with_review(
                ^^^^^^^^^^^^^^^^^^^^^^^^^
  File "C:\Users\winss\Documents\Projects\codex-aider-bridge-app\main.py", line 984, in execute_task_with_review
    raise RuntimeError(
RuntimeError: Task 5: Aider timed out after 300s. The local LLM may be too slow for this task, or the task targets files that don't exist. Try: increase --task-timeout, use a faster model, or check the file paths in the plan.
2026-04-04 03:23:44 | WARNING | bridge_app | To undo all changes made during this run:  git reset --hard 065839b6a77b15f20b1a071161953f27d6d2cd2c
2026-04-04 03:23:49 | ERROR | bridge_app | Bridge run failed after 1534.0s: Task 6: Aider timed out after 300s. The local LLM may be too slow for this task, or the task targets files that don't exist. Try: increase --task-timeout, use a faster model, or check the file paths in the plan.
Traceback (most recent call last):
  File "C:\Users\winss\Documents\Projects\codex-aider-bridge-app\main.py", line 2111, in main
    task_diff = execute_task_with_review(
                ^^^^^^^^^^^^^^^^^^^^^^^^^
  File "C:\Users\winss\Documents\Projects\codex-aider-bridge-app\main.py", line 984, in execute_task_with_review
    raise RuntimeError(
RuntimeError: Task 6: Aider timed out after 300s. The local LLM may be too slow for this task, or the task targets files that don't exist. Try: increase --task-timeout, use a faster model, or check the file paths in the plan.
2026-04-04 03:23:49 | WARNING | bridge_app | To undo all changes made during this run:  git reset --hard 065839b6a77b15f20b1a071161953f27d6d2cd2c
2026-04-04 03:23:50 | WARNING | bridge_app | Could not write bridge output to stdout: [Errno 22] Invalid argument | payload={"status": "failure", "error": "Task 6: Aider timed out after 300s. The local LLM may be too slow for this task, or the task targets files that don't exist. Try: increase --task-timeout, use a faster model, or check the file paths in the plan.", "elapsed_seconds": 1534.0}
2026-04-04 03:32:51 | INFO | bridge_app | Bridge starting — repo: C:\Users\winss\Documents\Projects\shorts-uploader-engine
2026-04-04 03:32:51 | INFO | bridge_app | Bridge running in MANUAL-SUPERVISOR mode — review requests will be written to bridge_progress/manual_supervisor/ and the UI proxy thread handles supervisor dispatch.
2026-04-04 03:32:51 | INFO | bridge_app | Auto-split: detected small model 'ollama/qwen2.5-coder:7b' — enabling --auto-split-threshold 3 automatically. Tasks with 3+ files will be split into single-file sub-tasks. Pass --auto-split-threshold 0 to disable.
2026-04-04 03:32:52 | INFO | bridge_app | Git readiness — repo=yes, head=yes, branch=codex/react_electorn_ui, clean=no, staged=0, unstaged=3, untracked=18, next=continue
2026-04-04 03:32:52 | INFO | bridge_app | Added 7 bridge entries to C:\Users\winss\Documents\Projects\shorts-uploader-engine\.gitignore: ['taskJsons/', '.aider.tags.cache.v4/', 'bridge_progress/', 'logs.meta', '.aider.input.history', '.aider.chat.history.md', 'bridge_progress.meta']
2026-04-04 03:32:52 | INFO | bridge_app | Git readiness — repo=yes, head=yes, branch=codex/react_electorn_ui, clean=no, staged=0, unstaged=3, untracked=18, next=continue
2026-04-04 03:32:52 | INFO | bridge_app | Pre-flight checks passed.
2026-04-04 03:32:52 | INFO | bridge_app | Rollback point: 36c7ccc8f1e5822792bdedea2fdbb45f11e7f79f
2026-04-04 03:32:52 | INFO | bridge_app | If this run fails, undo all changes with:  git reset --hard 36c7ccc8f1e5822792bdedea2fdbb45f11e7f79f
2026-04-04 03:32:52 | INFO | bridge_app | Project type (from saved knowledge): script-driven media upload automation with Electron desktop UI
2026-04-04 03:32:52 | INFO | bridge_app | Project understanding ready: 8 docs, 17 files, confirmed=True
2026-04-04 03:32:52 | INFO | bridge_app | Project knowledge loaded: 17 files registered, 7 features done
2026-04-04 03:32:54 | INFO | bridge_app | Validator: project type set from knowledge: 'script-driven media upload automation with Electron desktop UI' → 'unknown'
2026-04-04 03:32:54 | INFO | bridge_app | Loaded 42 task(s) from plan file
2026-04-04 03:32:54 | INFO | bridge_app | Task 2: skipping — already completed (checkpoint)
2026-04-04 03:32:54 | INFO | bridge_app | Task 3: skipping — already completed (checkpoint)
2026-04-04 03:32:54 | INFO | bridge_app | Task 4: skipping — already completed (checkpoint)
2026-04-04 03:32:54 | INFO | bridge_app | Task 5: skipping — already completed (checkpoint)
2026-04-04 03:32:55 | INFO | bridge_app | Task 6 — attempt 1/3 — files: app/electron/services/uploadService.js
2026-04-04 03:35:57 | INFO | bridge_app | Bridge starting — repo: C:\Users\winss\Documents\Projects\shorts-uploader-engine
2026-04-04 03:35:57 | INFO | bridge_app | Bridge running in MANUAL-SUPERVISOR mode — review requests will be written to bridge_progress/manual_supervisor/ and the UI proxy thread handles supervisor dispatch.
2026-04-04 03:35:57 | INFO | bridge_app | Auto-split: detected small model 'ollama/qwen2.5-coder:7b' — enabling --auto-split-threshold 3 automatically. Tasks with 3+ files will be split into single-file sub-tasks. Pass --auto-split-threshold 0 to disable.
2026-04-04 03:35:57 | INFO | bridge_app | Git readiness — repo=yes, head=yes, branch=codex/react_electorn_ui, clean=no, staged=0, unstaged=3, untracked=18, next=continue
2026-04-04 03:35:57 | INFO | bridge_app | Added 7 bridge entries to C:\Users\winss\Documents\Projects\shorts-uploader-engine\.gitignore: ['taskJsons/', '.aider.tags.cache.v4/', 'bridge_progress/', 'logs.meta', '.aider.input.history', '.aider.chat.history.md', 'bridge_progress.meta']
2026-04-04 03:35:57 | INFO | bridge_app | Git readiness — repo=yes, head=yes, branch=codex/react_electorn_ui, clean=no, staged=0, unstaged=3, untracked=18, next=continue
2026-04-04 03:35:57 | INFO | bridge_app | Pre-flight checks passed.
2026-04-04 03:35:57 | INFO | bridge_app | Rollback point: 36c7ccc8f1e5822792bdedea2fdbb45f11e7f79f
2026-04-04 03:35:57 | INFO | bridge_app | If this run fails, undo all changes with:  git reset --hard 36c7ccc8f1e5822792bdedea2fdbb45f11e7f79f
2026-04-04 03:35:58 | INFO | bridge_app | Project type (from saved knowledge): script-driven media upload automation with Electron desktop UI
2026-04-04 03:35:58 | INFO | bridge_app | Project understanding ready: 8 docs, 17 files, confirmed=True
2026-04-04 03:35:58 | INFO | bridge_app | Project knowledge loaded: 17 files registered, 7 features done
2026-04-04 03:35:59 | INFO | bridge_app | Validator: project type set from knowledge: 'script-driven media upload automation with Electron desktop UI' → 'unknown'
2026-04-04 03:35:59 | INFO | bridge_app | Loaded 42 task(s) from plan file
2026-04-04 03:35:59 | INFO | bridge_app | Task 2: skipping — already completed (checkpoint)
2026-04-04 03:35:59 | INFO | bridge_app | Task 3: skipping — already completed (checkpoint)
2026-04-04 03:35:59 | INFO | bridge_app | Task 4: skipping — already completed (checkpoint)
2026-04-04 03:35:59 | INFO | bridge_app | Task 5: skipping — already completed (checkpoint)
2026-04-04 03:36:00 | INFO | bridge_app | Task 6 — attempt 1/3 — files: app/electron/services/uploadService.js
2026-04-04 03:37:24 | INFO | bridge_app | Bridge starting — repo: C:\Users\winss\Documents\Projects\shorts-uploader-engine
2026-04-04 03:37:24 | INFO | bridge_app | Bridge running in MANUAL-SUPERVISOR mode — review requests will be written to bridge_progress/manual_supervisor/ and the UI proxy thread handles supervisor dispatch.
2026-04-04 03:37:25 | INFO | bridge_app | Git readiness — repo=yes, head=yes, branch=codex/react_electorn_ui, clean=no, staged=0, unstaged=3, untracked=18, next=continue
2026-04-04 03:37:25 | INFO | bridge_app | Added 7 bridge entries to C:\Users\winss\Documents\Projects\shorts-uploader-engine\.gitignore: ['taskJsons/', '.aider.tags.cache.v4/', 'bridge_progress/', 'logs.meta', '.aider.input.history', '.aider.chat.history.md', 'bridge_progress.meta']
2026-04-04 03:37:25 | INFO | bridge_app | Git readiness — repo=yes, head=yes, branch=codex/react_electorn_ui, clean=no, staged=0, unstaged=3, untracked=18, next=continue
2026-04-04 03:37:25 | INFO | bridge_app | Pre-flight checks passed.
2026-04-04 03:37:25 | INFO | bridge_app | Rollback point: 36c7ccc8f1e5822792bdedea2fdbb45f11e7f79f
2026-04-04 03:37:25 | INFO | bridge_app | If this run fails, undo all changes with:  git reset --hard 36c7ccc8f1e5822792bdedea2fdbb45f11e7f79f
2026-04-04 03:37:25 | INFO | bridge_app | Project type (from saved knowledge): script-driven media upload automation with Electron desktop UI
2026-04-04 03:37:26 | INFO | bridge_app | Project understanding ready: 8 docs, 17 files, confirmed=True
2026-04-04 03:37:26 | INFO | bridge_app | Project knowledge loaded: 17 files registered, 7 features done
2026-04-04 03:37:28 | INFO | bridge_app | Validator: project type set from knowledge: 'script-driven media upload automation with Electron desktop UI' → 'unknown'
2026-04-04 03:37:28 | INFO | bridge_app | Loaded 42 task(s) from plan file
2026-04-04 03:37:28 | INFO | bridge_app | Task 2: skipping — already completed (checkpoint)
2026-04-04 03:37:28 | INFO | bridge_app | Task 3: skipping — already completed (checkpoint)
2026-04-04 03:37:28 | INFO | bridge_app | Task 4: skipping — already completed (checkpoint)
2026-04-04 03:37:28 | INFO | bridge_app | Task 5: skipping — already completed (checkpoint)
2026-04-04 03:37:30 | INFO | bridge_app | Task 6 — attempt 1/3 — files: app/electron/services/uploadService.js
2026-04-04 03:42:31 | ERROR | bridge_app | Bridge run failed after 305.8s: Task 6: Aider timed out after 300s. The local LLM may be too slow for this task, or the task targets files that don't exist. Try: increase --task-timeout, use a faster model, or check the file paths in the plan.
Traceback (most recent call last):
  File "C:\Users\winss\Documents\Projects\codex-aider-bridge-app\main.py", line 2111, in main
    task_diff = execute_task_with_review(
                ^^^^^^^^^^^^^^^^^^^^^^^^^
  File "C:\Users\winss\Documents\Projects\codex-aider-bridge-app\main.py", line 984, in execute_task_with_review
    raise RuntimeError(
RuntimeError: Task 6: Aider timed out after 300s. The local LLM may be too slow for this task, or the task targets files that don't exist. Try: increase --task-timeout, use a faster model, or check the file paths in the plan.
2026-04-04 03:42:31 | WARNING | bridge_app | To undo all changes made during this run:  git reset --hard 36c7ccc8f1e5822792bdedea2fdbb45f11e7f79f
2026-04-04 03:53:25 | INFO | bridge_app | Bridge starting — repo: C:\Users\winss\Documents\Projects\shorts-uploader-engine
2026-04-04 03:53:25 | INFO | bridge_app | Bridge running in MANUAL-SUPERVISOR mode — review requests will be written to bridge_progress/manual_supervisor/ and the UI proxy thread handles supervisor dispatch.
2026-04-04 03:53:25 | INFO | bridge_app | Git readiness — repo=yes, head=yes, branch=codex/react_electorn_ui, clean=no, staged=0, unstaged=3, untracked=18, next=continue
2026-04-04 03:53:25 | INFO | bridge_app | Added 7 bridge entries to C:\Users\winss\Documents\Projects\shorts-uploader-engine\.gitignore: ['taskJsons/', '.aider.tags.cache.v4/', 'bridge_progress/', 'logs.meta', '.aider.input.history', '.aider.chat.history.md', 'bridge_progress.meta']
2026-04-04 03:53:26 | INFO | bridge_app | Git readiness — repo=yes, head=yes, branch=codex/react_electorn_ui, clean=no, staged=0, unstaged=3, untracked=18, next=continue
2026-04-04 03:53:26 | INFO | bridge_app | Pre-flight checks passed.
2026-04-04 03:53:26 | INFO | bridge_app | Rollback point: 36c7ccc8f1e5822792bdedea2fdbb45f11e7f79f
2026-04-04 03:53:26 | INFO | bridge_app | If this run fails, undo all changes with:  git reset --hard 36c7ccc8f1e5822792bdedea2fdbb45f11e7f79f
2026-04-04 03:53:26 | INFO | bridge_app | Project type (from saved knowledge): script-driven media upload automation with Electron desktop UI
2026-04-04 03:53:26 | INFO | bridge_app | Project understanding ready: 8 docs, 17 files, confirmed=True
2026-04-04 03:53:26 | INFO | bridge_app | Project knowledge loaded: 17 files registered, 7 features done
2026-04-04 03:53:27 | INFO | bridge_app | Validator: project type set from knowledge: 'script-driven media upload automation with Electron desktop UI' → 'unknown'
2026-04-04 03:53:27 | INFO | bridge_app | Loaded 42 task(s) from plan file
2026-04-04 03:53:27 | INFO | bridge_app | Task 2: skipping — already completed (checkpoint)
2026-04-04 03:53:27 | INFO | bridge_app | Task 3: skipping — already completed (checkpoint)
2026-04-04 03:53:27 | INFO | bridge_app | Task 4: skipping — already completed (checkpoint)
2026-04-04 03:53:27 | INFO | bridge_app | Task 5: skipping — already completed (checkpoint)
2026-04-04 03:53:29 | INFO | bridge_app | Task 6 — attempt 1/3 — files: app/electron/services/uploadService.js
2026-04-04 04:06:11 | INFO | bridge_app | Bridge starting — repo: C:\Users\winss\Documents\Projects\shorts-uploader-engine
2026-04-04 04:06:11 | INFO | bridge_app | Bridge running in MANUAL-SUPERVISOR mode — review requests will be written to bridge_progress/manual_supervisor/ and the UI proxy thread handles supervisor dispatch.
2026-04-04 04:06:11 | INFO | bridge_app | Git readiness — repo=yes, head=yes, branch=codex/react_electorn_ui, clean=no, staged=0, unstaged=3, untracked=18, next=continue
2026-04-04 04:06:11 | INFO | bridge_app | Added 7 bridge entries to C:\Users\winss\Documents\Projects\shorts-uploader-engine\.gitignore: ['taskJsons/', '.aider.tags.cache.v4/', 'bridge_progress/', 'logs.meta', '.aider.input.history', '.aider.chat.history.md', 'bridge_progress.meta']
2026-04-04 04:06:11 | INFO | bridge_app | Git readiness — repo=yes, head=yes, branch=codex/react_electorn_ui, clean=no, staged=0, unstaged=3, untracked=18, next=continue
2026-04-04 04:06:11 | INFO | bridge_app | Pre-flight checks passed.
2026-04-04 04:06:12 | INFO | bridge_app | Rollback point: 36c7ccc8f1e5822792bdedea2fdbb45f11e7f79f
2026-04-04 04:06:12 | INFO | bridge_app | If this run fails, undo all changes with:  git reset --hard 36c7ccc8f1e5822792bdedea2fdbb45f11e7f79f
2026-04-04 04:06:12 | INFO | bridge_app | Project type (from saved knowledge): script-driven media upload automation with Electron desktop UI
2026-04-04 04:06:12 | INFO | bridge_app | Project understanding ready: 8 docs, 17 files, confirmed=True
2026-04-04 04:06:12 | INFO | bridge_app | Project knowledge loaded: 17 files registered, 7 features done
2026-04-04 04:06:13 | INFO | bridge_app | Validator: project type set from knowledge: 'script-driven media upload automation with Electron desktop UI' → 'unknown'
2026-04-04 04:06:13 | INFO | bridge_app | Loaded 42 task(s) from plan file
2026-04-04 04:06:13 | INFO | bridge_app | Task 2: skipping — already completed (checkpoint)
2026-04-04 04:06:13 | INFO | bridge_app | Task 3: skipping — already completed (checkpoint)
2026-04-04 04:06:13 | INFO | bridge_app | Task 4: skipping — already completed (checkpoint)
2026-04-04 04:06:13 | INFO | bridge_app | Task 5: skipping — already completed (checkpoint)
2026-04-04 04:06:15 | INFO | bridge_app | Task 6 — attempt 1/3 — files: app/electron/services/uploadService.js
2026-04-04 04:11:16 | ERROR | bridge_app | Bridge run failed after 304.0s: Task 6: Aider timed out after 300s. The local LLM may be too slow for this task, or the task targets files that don't exist. Try: increase --task-timeout, use a faster model, or check the file paths in the plan.
Traceback (most recent call last):
  File "C:\Users\winss\Documents\Projects\codex-aider-bridge-app\main.py", line 2111, in main
    task_diff = execute_task_with_review(
                ^^^^^^^^^^^^^^^^^^^^^^^^^
  File "C:\Users\winss\Documents\Projects\codex-aider-bridge-app\main.py", line 984, in execute_task_with_review
    raise RuntimeError(
RuntimeError: Task 6: Aider timed out after 300s. The local LLM may be too slow for this task, or the task targets files that don't exist. Try: increase --task-timeout, use a faster model, or check the file paths in the plan.
2026-04-04 04:11:16 | WARNING | bridge_app | To undo all changes made during this run:  git reset --hard 36c7ccc8f1e5822792bdedea2fdbb45f11e7f79f
2026-04-04 04:16:56 | INFO | bridge_app | Bridge starting — repo: C:\Users\winss\Documents\Projects\shorts-uploader-engine
2026-04-04 04:16:56 | INFO | bridge_app | Bridge running in MANUAL-SUPERVISOR mode — review requests will be written to bridge_progress/manual_supervisor/ and the UI proxy thread handles supervisor dispatch.
2026-04-04 04:16:57 | INFO | bridge_app | Git readiness — repo=yes, head=yes, branch=codex/react_electorn_ui, clean=no, staged=0, unstaged=3, untracked=18, next=continue
2026-04-04 04:16:57 | INFO | bridge_app | Added 7 bridge entries to C:\Users\winss\Documents\Projects\shorts-uploader-engine\.gitignore: ['taskJsons/', '.aider.tags.cache.v4/', 'bridge_progress/', 'logs.meta', '.aider.input.history', '.aider.chat.history.md', 'bridge_progress.meta']
2026-04-04 04:16:57 | INFO | bridge_app | Git readiness — repo=yes, head=yes, branch=codex/react_electorn_ui, clean=no, staged=0, unstaged=3, untracked=18, next=continue
2026-04-04 04:16:57 | INFO | bridge_app | Pre-flight checks passed.
2026-04-04 04:16:57 | INFO | bridge_app | Rollback point: 36c7ccc8f1e5822792bdedea2fdbb45f11e7f79f
2026-04-04 04:16:57 | INFO | bridge_app | If this run fails, undo all changes with:  git reset --hard 36c7ccc8f1e5822792bdedea2fdbb45f11e7f79f
2026-04-04 04:16:57 | INFO | bridge_app | Project type (from saved knowledge): script-driven media upload automation with Electron desktop UI
2026-04-04 04:16:57 | INFO | bridge_app | Project understanding ready: 8 docs, 17 files, confirmed=True
2026-04-04 04:16:57 | INFO | bridge_app | Project knowledge loaded: 17 files registered, 7 features done
2026-04-04 04:16:58 | INFO | bridge_app | Validator: project type set from knowledge: 'script-driven media upload automation with Electron desktop UI' → 'unknown'
2026-04-04 04:16:58 | INFO | bridge_app | Loaded 42 task(s) from plan file
2026-04-04 04:16:58 | INFO | bridge_app | Task 2: skipping — already completed (checkpoint)
2026-04-04 04:16:58 | INFO | bridge_app | Task 3: skipping — already completed (checkpoint)
2026-04-04 04:16:58 | INFO | bridge_app | Task 4: skipping — already completed (checkpoint)
2026-04-04 04:16:58 | INFO | bridge_app | Task 5: skipping — already completed (checkpoint)
2026-04-04 04:17:00 | INFO | bridge_app | Task 6 — attempt 1/3 — files: app/electron/services/uploadService.js
2026-04-04 04:23:18 | INFO | bridge_app | Bridge starting — repo: C:\Users\winss\Documents\Projects\shorts-uploader-engine
2026-04-04 04:23:18 | INFO | bridge_app | Bridge running in MANUAL-SUPERVISOR mode — review requests will be written to bridge_progress/manual_supervisor/ and the UI proxy thread handles supervisor dispatch.
2026-04-04 04:23:18 | INFO | bridge_app | Auto-split: detected small model 'qwen2.5-coder:7b' — enabling --auto-split-threshold 3 automatically. Tasks with 3+ files will be split into single-file sub-tasks. Pass --auto-split-threshold 0 to disable.
2026-04-04 04:23:18 | INFO | bridge_app | Git readiness — repo=yes, head=yes, branch=codex/react_electorn_ui, clean=no, staged=0, unstaged=3, untracked=18, next=continue
2026-04-04 04:23:18 | INFO | bridge_app | Added 7 bridge entries to C:\Users\winss\Documents\Projects\shorts-uploader-engine\.gitignore: ['taskJsons/', '.aider.tags.cache.v4/', 'bridge_progress/', 'logs.meta', '.aider.input.history', '.aider.chat.history.md', 'bridge_progress.meta']
2026-04-04 04:23:19 | INFO | bridge_app | Git readiness — repo=yes, head=yes, branch=codex/react_electorn_ui, clean=no, staged=0, unstaged=3, untracked=18, next=continue
2026-04-04 04:23:19 | INFO | bridge_app | Pre-flight checks passed.
2026-04-04 04:23:19 | INFO | bridge_app | Rollback point: 36c7ccc8f1e5822792bdedea2fdbb45f11e7f79f
2026-04-04 04:23:19 | INFO | bridge_app | If this run fails, undo all changes with:  git reset --hard 36c7ccc8f1e5822792bdedea2fdbb45f11e7f79f
2026-04-04 04:23:19 | INFO | bridge_app | Project type (from saved knowledge): script-driven media upload automation with Electron desktop UI
2026-04-04 04:23:19 | INFO | bridge_app | Project understanding ready: 8 docs, 17 files, confirmed=True
2026-04-04 04:23:19 | INFO | bridge_app | Project knowledge loaded: 17 files registered, 7 features done
2026-04-04 04:23:22 | INFO | bridge_app | Validator: project type set from knowledge: 'script-driven media upload automation with Electron desktop UI' → 'unknown'
2026-04-04 04:23:22 | INFO | bridge_app | Loaded 42 task(s) from plan file
2026-04-04 04:23:22 | INFO | bridge_app | Task 2: skipping — already completed (checkpoint)
2026-04-04 04:23:22 | INFO | bridge_app | Task 3: skipping — already completed (checkpoint)
2026-04-04 04:23:22 | INFO | bridge_app | Task 4: skipping — already completed (checkpoint)
2026-04-04 04:23:22 | INFO | bridge_app | Task 5: skipping — already completed (checkpoint)
2026-04-04 04:23:24 | INFO | bridge_app | Task 6 — attempt 1/3 — files: app/electron/services/uploadService.js
2026-04-04 04:23:40 | WARNING | bridge_app | Task 6: model edited 3 out-of-scope file(s) — reverting: .gitignore, bridge_progress/project_knowledge.json, bridge_progress/project_snapshot.json
2026-04-04 04:23:44 | WARNING | bridge_app | Task 6: Aider exited 0 but these file(s) are unchanged: uploadService.js
2026-04-04 04:23:44 | WARNING | bridge_app | Task 6: Aider exited with code 0
2026-04-04 04:23:49 | INFO | bridge_app | Manual supervisor review requested: C:\Users\winss\Documents\Projects\shorts-uploader-engine\bridge_progress\manual_supervisor\requests\task_0006_request.json
2026-04-04 04:23:49 | INFO | bridge_app | Waiting for manual supervisor decision: C:\Users\winss\Documents\Projects\shorts-uploader-engine\bridge_progress\manual_supervisor\decisions\task_0006_decision.json
2026-04-04 04:23:57 | WARNING | bridge_app | Task 6: manual supervisor requested rework (attempt 1): Implement the required changes to app/electron/services/uploadService.js to consume advanced operator inputs from the renderer instead of using hardcoded defaults.
2026-04-04 04:24:03 | INFO | bridge_app | Task 6 — attempt 2/3 — files: app/electron/services/uploadService.js
2026-04-04 04:24:15 | WARNING | bridge_app | Task 6: Aider exited 0 but these file(s) are unchanged: uploadService.js
2026-04-04 04:24:15 | WARNING | bridge_app | Task 6: Aider exited with code 0
2026-04-04 04:24:18 | INFO | bridge_app | Manual supervisor review requested: C:\Users\winss\Documents\Projects\shorts-uploader-engine\bridge_progress\manual_supervisor\requests\task_0006_request.json
2026-04-04 04:24:18 | INFO | bridge_app | Waiting for manual supervisor decision: C:\Users\winss\Documents\Projects\shorts-uploader-engine\bridge_progress\manual_supervisor\decisions\task_0006_decision.json
2026-04-04 04:24:24 | WARNING | bridge_app | Task 6: manual supervisor requested rework (attempt 2): Implement the uploadService.js changes to consume advanced operator inputs from the renderer instead of hardcoded defaults, ensuring actual file modifications are committed.
2026-04-04 04:24:28 | INFO | bridge_app | Task 6 — attempt 3/3 — files: app/electron/services/uploadService.js
2026-04-04 04:24:40 | WARNING | bridge_app | Task 6: Aider exited 0 but these file(s) are unchanged: uploadService.js
2026-04-04 04:24:40 | WARNING | bridge_app | Task 6: Aider exited with code 0
2026-04-04 04:24:43 | INFO | bridge_app | Manual supervisor review requested: C:\Users\winss\Documents\Projects\shorts-uploader-engine\bridge_progress\manual_supervisor\requests\task_0006_request.json
2026-04-04 04:24:43 | INFO | bridge_app | Waiting for manual supervisor decision: C:\Users\winss\Documents\Projects\shorts-uploader-engine\bridge_progress\manual_supervisor\decisions\task_0006_decision.json
2026-04-04 04:24:51 | WARNING | bridge_app | Task 6: manual supervisor requested rework (attempt 3): Implement the required changes to app/electron/services/uploadService.js so that the file is actually modified and committed to the repository.
2026-04-04 04:24:51 | ERROR | bridge_app | Bridge run failed after 92.3s: Task 6 exhausted rework retries after manual supervisor feedback.
Traceback (most recent call last):
  File "C:\Users\winss\Documents\Projects\codex-aider-bridge-app\main.py", line 2111, in main
    task_diff = execute_task_with_review(
                ^^^^^^^^^^^^^^^^^^^^^^^^^
  File "C:\Users\winss\Documents\Projects\codex-aider-bridge-app\main.py", line 1261, in execute_task_with_review
    raise RuntimeError(
RuntimeError: Task 6 exhausted rework retries after manual supervisor feedback.
2026-04-04 04:24:51 | WARNING | bridge_app | To undo all changes made during this run:  git reset --hard 36c7ccc8f1e5822792bdedea2fdbb45f11e7f79f
2026-04-04 09:31:01 | INFO | bridge_app | Bridge starting — repo: C:\Users\winss\Documents\Projects\shorts-uploader-engine
2026-04-04 09:31:01 | INFO | bridge_app | Bridge running in MANUAL-SUPERVISOR mode — review requests will be written to bridge_progress/manual_supervisor/ and the UI proxy thread handles supervisor dispatch.
2026-04-04 09:31:01 | INFO | bridge_app | Auto-split: detected small model 'qwen2.5-coder:7b' — enabling --auto-split-threshold 3 automatically. Tasks with 3+ files will be split into single-file sub-tasks. Pass --auto-split-threshold 0 to disable.
2026-04-04 09:31:01 | INFO | bridge_app | Git readiness — repo=yes, head=yes, branch=codex/react_electorn_ui, clean=no, staged=0, unstaged=2, untracked=18, next=continue
2026-04-04 09:31:01 | INFO | bridge_app | Added 7 bridge entries to C:\Users\winss\Documents\Projects\shorts-uploader-engine\.gitignore: ['taskJsons/', '.aider.tags.cache.v4/', 'bridge_progress/', 'logs.meta', '.aider.input.history', '.aider.chat.history.md', 'bridge_progress.meta']
2026-04-04 09:31:02 | INFO | bridge_app | Git readiness — repo=yes, head=yes, branch=codex/react_electorn_ui, clean=no, staged=0, unstaged=3, untracked=18, next=continue
2026-04-04 09:31:02 | INFO | bridge_app | Pre-flight checks passed.
2026-04-04 09:31:02 | INFO | bridge_app | Rollback point: 36c7ccc8f1e5822792bdedea2fdbb45f11e7f79f
2026-04-04 09:31:02 | INFO | bridge_app | If this run fails, undo all changes with:  git reset --hard 36c7ccc8f1e5822792bdedea2fdbb45f11e7f79f
2026-04-04 09:31:02 | INFO | bridge_app | Project type (from saved knowledge): script-driven media upload automation with Electron desktop UI
2026-04-04 09:31:02 | INFO | bridge_app | Project understanding ready: 8 docs, 17 files, confirmed=True
2026-04-04 09:31:02 | INFO | bridge_app | Project knowledge loaded: 17 files registered, 7 features done
2026-04-04 09:31:06 | INFO | bridge_app | Validator: project type set from knowledge: 'script-driven media upload automation with Electron desktop UI' → 'unknown'
2026-04-04 09:31:06 | INFO | bridge_app | Loaded 42 task(s) from plan file
2026-04-04 09:31:06 | INFO | bridge_app | Task 2: skipping — already completed (checkpoint)
2026-04-04 09:31:06 | INFO | bridge_app | Task 3: skipping — already completed (checkpoint)
2026-04-04 09:31:06 | INFO | bridge_app | Task 4: skipping — already completed (checkpoint)
2026-04-04 09:31:06 | INFO | bridge_app | Task 5: skipping — already completed (checkpoint)
2026-04-04 09:31:07 | INFO | bridge_app | Task 6 — attempt 1/3 — files: app/electron/services/uploadService.js
2026-04-04 09:31:18 | WARNING | bridge_app | Task 6: model edited 3 out-of-scope file(s) — reverting: .gitignore, bridge_progress/project_knowledge.json, bridge_progress/project_snapshot.json
2026-04-04 09:31:19 | WARNING | bridge_app | Task 6: Aider exited 0 but these file(s) are unchanged: uploadService.js
2026-04-04 09:31:19 | WARNING | bridge_app | Task 6: Aider exited with code 0
2026-04-04 09:31:22 | INFO | bridge_app | Manual supervisor review requested: C:\Users\winss\Documents\Projects\shorts-uploader-engine\bridge_progress\manual_supervisor\requests\task_0006_request.json
2026-04-04 09:31:22 | INFO | bridge_app | Waiting for manual supervisor decision: C:\Users\winss\Documents\Projects\shorts-uploader-engine\bridge_progress\manual_supervisor\decisions\task_0006_decision.json
2026-04-04 09:31:30 | WARNING | bridge_app | Task 6: manual supervisor requested rework (attempt 1): Implement the upload command refactoring in app/electron/services/uploadService.js to consume advanced operator inputs passed from the renderer instead of using hardcoded defaults.
2026-04-04 09:31:32 | INFO | bridge_app | Task 6 — attempt 2/3 — files: app/electron/services/uploadService.js
2026-04-04 09:31:39 | WARNING | bridge_app | Task 6: Aider exited 0 but these file(s) are unchanged: uploadService.js
2026-04-04 09:31:39 | WARNING | bridge_app | Task 6: Aider exited with code 0
2026-04-04 09:31:41 | INFO | bridge_app | Manual supervisor review requested: C:\Users\winss\Documents\Projects\shorts-uploader-engine\bridge_progress\manual_supervisor\requests\task_0006_request.json
2026-04-04 09:31:41 | INFO | bridge_app | Waiting for manual supervisor decision: C:\Users\winss\Documents\Projects\shorts-uploader-engine\bridge_progress\manual_supervisor\decisions\task_0006_decision.json
2026-04-04 09:31:47 | WARNING | bridge_app | Task 6: manual supervisor requested rework (attempt 2): Implement the upload command refactoring in app/electron/services/uploadService.js to consume advanced operator inputs passed from the renderer instead of using hardcoded defaults.
2026-04-04 09:31:50 | INFO | bridge_app | Task 6 — attempt 3/3 — files: app/electron/services/uploadService.js
2026-04-04 09:31:57 | WARNING | bridge_app | Task 6: Aider exited 0 but these file(s) are unchanged: uploadService.js
2026-04-04 09:31:57 | WARNING | bridge_app | Task 6: Aider exited with code 0
2026-04-04 09:31:59 | INFO | bridge_app | Manual supervisor review requested: C:\Users\winss\Documents\Projects\shorts-uploader-engine\bridge_progress\manual_supervisor\requests\task_0006_request.json
2026-04-04 09:31:59 | INFO | bridge_app | Waiting for manual supervisor decision: C:\Users\winss\Documents\Projects\shorts-uploader-engine\bridge_progress\manual_supervisor\decisions\task_0006_decision.json
2026-04-04 09:32:05 | WARNING | bridge_app | Task 6: manual supervisor requested rework (attempt 3): Implement the upload command refactoring in app/electron/services/uploadService.js to consume advanced operator inputs (passed from the renderer) instead of hardcoded defaults, ensuring actual file modifications are committed.
2026-04-04 09:32:05 | ERROR | bridge_app | Bridge run failed after 63.3s: Task 6 exhausted rework retries after manual supervisor feedback.
Traceback (most recent call last):
  File "main.py", line 2111, in main
    task_diff = execute_task_with_review(
                ^^^^^^^^^^^^^^^^^^^^^^^^^
  File "main.py", line 1261, in execute_task_with_review
    raise RuntimeError(
RuntimeError: Task 6 exhausted rework retries after manual supervisor feedback.
2026-04-04 09:32:05 | WARNING | bridge_app | To undo all changes made during this run:  git reset --hard 36c7ccc8f1e5822792bdedea2fdbb45f11e7f79f
2026-04-04 09:36:11 | INFO | bridge_app | Bridge starting — repo: C:\Users\winss\Documents\Projects\shorts-uploader-engine
2026-04-04 09:36:11 | INFO | bridge_app | Bridge running in MANUAL-SUPERVISOR mode — review requests will be written to bridge_progress/manual_supervisor/ and the UI proxy thread handles supervisor dispatch.
2026-04-04 09:36:11 | INFO | bridge_app | Auto-split: detected small model 'qwen2.5-coder:7b' — enabling --auto-split-threshold 3 automatically. Tasks with 3+ files will be split into single-file sub-tasks. Pass --auto-split-threshold 0 to disable.
2026-04-04 09:36:11 | INFO | bridge_app | Git readiness — repo=yes, head=yes, branch=codex/react_electorn_ui, clean=no, staged=0, unstaged=2, untracked=18, next=continue
2026-04-04 09:36:11 | INFO | bridge_app | Added 7 bridge entries to C:\Users\winss\Documents\Projects\shorts-uploader-engine\.gitignore: ['taskJsons/', '.aider.tags.cache.v4/', 'bridge_progress/', 'logs.meta', '.aider.input.history', '.aider.chat.history.md', 'bridge_progress.meta']
2026-04-04 09:36:11 | INFO | bridge_app | Git readiness — repo=yes, head=yes, branch=codex/react_electorn_ui, clean=no, staged=0, unstaged=3, untracked=18, next=continue
2026-04-04 09:36:11 | INFO | bridge_app | Pre-flight checks passed.
2026-04-04 09:36:12 | INFO | bridge_app | Rollback point: 36c7ccc8f1e5822792bdedea2fdbb45f11e7f79f
2026-04-04 09:36:12 | INFO | bridge_app | If this run fails, undo all changes with:  git reset --hard 36c7ccc8f1e5822792bdedea2fdbb45f11e7f79f
2026-04-04 09:36:12 | INFO | bridge_app | Project type (from saved knowledge): script-driven media upload automation with Electron desktop UI
2026-04-04 09:36:12 | INFO | bridge_app | Project understanding ready: 8 docs, 17 files, confirmed=True
2026-04-04 09:36:12 | INFO | bridge_app | Project knowledge loaded: 17 files registered, 7 features done
2026-04-04 09:36:13 | INFO | bridge_app | Validator: project type set from knowledge: 'script-driven media upload automation with Electron desktop UI' → 'unknown'
2026-04-04 09:36:13 | INFO | bridge_app | Loaded 42 task(s) from plan file
2026-04-04 09:36:13 | INFO | bridge_app | Task 2: skipping — already completed (checkpoint)
2026-04-04 09:36:13 | INFO | bridge_app | Task 3: skipping — already completed (checkpoint)
2026-04-04 09:36:13 | INFO | bridge_app | Task 4: skipping — already completed (checkpoint)
2026-04-04 09:36:13 | INFO | bridge_app | Task 5: skipping — already completed (checkpoint)
2026-04-04 09:36:15 | INFO | bridge_app | Task 6 — attempt 1/3 — files: app/electron/services/uploadService.js
2026-04-04 09:36:22 | WARNING | bridge_app | Task 6: model edited 3 out-of-scope file(s) — reverting: .gitignore, bridge_progress/project_knowledge.json, bridge_progress/project_snapshot.json
2026-04-04 09:36:22 | WARNING | bridge_app | Task 6: Aider exited 0 but these file(s) are unchanged: uploadService.js
2026-04-04 09:36:22 | WARNING | bridge_app | Task 6: Aider exited with code 0
2026-04-04 09:36:24 | INFO | bridge_app | Manual supervisor review requested: C:\Users\winss\Documents\Projects\shorts-uploader-engine\bridge_progress\manual_supervisor\requests\task_0006_request.json
2026-04-04 09:36:24 | INFO | bridge_app | Waiting for manual supervisor decision: C:\Users\winss\Documents\Projects\shorts-uploader-engine\bridge_progress\manual_supervisor\decisions\task_0006_decision.json
2026-04-04 09:36:30 | WARNING | bridge_app | Task 6: manual supervisor requested rework (attempt 1): Make the actual code changes to app/electron/services/uploadService.js so that upload command building reads advanced operator inputs passed from the renderer instead of using hardcoded defaults.
2026-04-04 09:36:32 | INFO | bridge_app | Task 6 — attempt 2/3 — files: app/electron/services/uploadService.js
2026-04-04 09:36:39 | WARNING | bridge_app | Task 6: Aider exited 0 but these file(s) are unchanged: uploadService.js
2026-04-04 09:36:39 | WARNING | bridge_app | Task 6: Aider exited with code 0
2026-04-04 09:36:41 | INFO | bridge_app | Manual supervisor review requested: C:\Users\winss\Documents\Projects\shorts-uploader-engine\bridge_progress\manual_supervisor\requests\task_0006_request.json
2026-04-04 09:36:41 | INFO | bridge_app | Waiting for manual supervisor decision: C:\Users\winss\Documents\Projects\shorts-uploader-engine\bridge_progress\manual_supervisor\decisions\task_0006_decision.json
2026-04-04 09:36:47 | WARNING | bridge_app | Task 6: manual supervisor requested rework (attempt 2): Implement the actual code changes in app/electron/services/uploadService.js to read advanced operator inputs (passed from the renderer) instead of hardcoded defaults when building the upload command.
2026-04-04 09:36:50 | INFO | bridge_app | Task 6 — attempt 3/3 — files: app/electron/services/uploadService.js
2026-04-04 09:36:58 | WARNING | bridge_app | Task 6: Aider exited 0 but these file(s) are unchanged: uploadService.js
2026-04-04 09:36:58 | WARNING | bridge_app | Task 6: Aider exited with code 0
2026-04-04 09:36:59 | INFO | bridge_app | Manual supervisor review requested: C:\Users\winss\Documents\Projects\shorts-uploader-engine\bridge_progress\manual_supervisor\requests\task_0006_request.json
2026-04-04 09:36:59 | INFO | bridge_app | Waiting for manual supervisor decision: C:\Users\winss\Documents\Projects\shorts-uploader-engine\bridge_progress\manual_supervisor\decisions\task_0006_decision.json
2026-04-04 09:37:05 | WARNING | bridge_app | Task 6: manual supervisor requested rework (attempt 3): Implement the changes in app/electron/services/uploadService.js to read advanced operator inputs passed from the renderer instead of hardcoded defaults when building the upload command.
2026-04-04 09:37:05 | ERROR | bridge_app | Bridge run failed after 53.9s: Task 6 exhausted rework retries after manual supervisor feedback.
Traceback (most recent call last):
  File "main.py", line 2111, in main
    task_diff = execute_task_with_review(
                ^^^^^^^^^^^^^^^^^^^^^^^^^
  File "main.py", line 1261, in execute_task_with_review
    raise RuntimeError(
RuntimeError: Task 6 exhausted rework retries after manual supervisor feedback.
2026-04-04 09:37:05 | WARNING | bridge_app | To undo all changes made during this run:  git reset --hard 36c7ccc8f1e5822792bdedea2fdbb45f11e7f79f
2026-04-04 11:46:29 | INFO | bridge_app | Bridge starting — repo: C:\Users\winss\Documents\Projects\shorts-uploader-engine
2026-04-04 11:46:29 | INFO | bridge_app | Bridge running in MANUAL-SUPERVISOR mode — review requests will be written to bridge_progress/manual_supervisor/ and the UI proxy thread handles supervisor dispatch.
2026-04-04 11:46:29 | INFO | bridge_app | Auto-split: detected small model 'qwen2.5-coder:7b' — enabling --auto-split-threshold 3 automatically. Tasks with 3+ files will be split into single-file sub-tasks. Pass --auto-split-threshold 0 to disable.
2026-04-04 11:46:29 | INFO | bridge_app | Git readiness — repo=yes, head=yes, branch=codex/react_electorn_ui, clean=no, staged=0, unstaged=17, untracked=18, next=continue
2026-04-04 11:46:29 | INFO | bridge_app | Added 7 bridge entries to C:\Users\winss\Documents\Projects\shorts-uploader-engine\.gitignore: ['taskJsons/', '.aider.tags.cache.v4/', 'bridge_progress/', 'logs.meta', '.aider.input.history', '.aider.chat.history.md', 'bridge_progress.meta']
2026-04-04 11:46:29 | INFO | bridge_app | Git readiness — repo=yes, head=yes, branch=codex/react_electorn_ui, clean=no, staged=0, unstaged=18, untracked=18, next=continue
2026-04-04 11:46:29 | INFO | bridge_app | Pre-flight checks passed.
2026-04-04 11:46:29 | INFO | bridge_app | Rollback point: 36c7ccc8f1e5822792bdedea2fdbb45f11e7f79f
2026-04-04 11:46:29 | INFO | bridge_app | If this run fails, undo all changes with:  git reset --hard 36c7ccc8f1e5822792bdedea2fdbb45f11e7f79f
2026-04-04 11:46:29 | INFO | bridge_app | Project type (from saved knowledge): script-driven media upload automation with Electron desktop UI
2026-04-04 11:46:30 | INFO | bridge_app | Project understanding ready: 8 docs, 17 files, confirmed=True
2026-04-04 11:46:30 | INFO | bridge_app | Project knowledge loaded: 17 files registered, 7 features done
2026-04-04 11:46:34 | INFO | bridge_app | Validator: project type set from knowledge: 'script-driven media upload automation with Electron desktop UI' → 'unknown'
2026-04-04 11:46:34 | INFO | bridge_app | Loaded 42 task(s) from plan file
2026-04-04 11:46:34 | INFO | bridge_app | Task 2: skipping — already completed (checkpoint)
2026-04-04 11:46:34 | INFO | bridge_app | Task 3: skipping — already completed (checkpoint)
2026-04-04 11:46:34 | INFO | bridge_app | Task 4: skipping — already completed (checkpoint)
2026-04-04 11:46:34 | INFO | bridge_app | Task 5: skipping — already completed (checkpoint)
2026-04-04 11:46:35 | INFO | bridge_app | Task 6 — attempt 1/3 — files: app/electron/services/uploadService.js
2026-04-04 11:46:45 | WARNING | bridge_app | Task 6: model edited 18 out-of-scope file(s) — reverting: .gitignore, .metadata_history.json, .youtube_upload_state.json, bridge_progress/project_knowledge.json, bridge_progress/project_snapshot.json, generated_metadata/VALORANT 01-14-2026 1-57-42-293.metadata.json, generated_metadata/VALORANT 01-14-2026 1-58-51-435.metadata.json, generated_metadata/VALORANT 01-14-2026 2-02-29-793.metadata.json, generated_metadata/VALORANT 01-14-2026 2-04-26-557.metadata.json, generated_metadata/VALORANT 01-14-2026 2-04-49-286.metadata.json, generated_metadata/VALORANT 01-14-2026 2-08-40-499.metadata.json, generated_metadata/VALORANT 01-14-2026 2-34-44-425.metadata.json, generated_metadata/VALORANT 01-14-2026 2-38-17-715.metadata.json, generated_metadata/VALORANT 01-14-2026 2-44-29-120.metadata.json, generated_metadata/VALORANT 01-14-2026 2-46-55-610.metadata.json, generated_metadata/VALORANT 01-14-2026 2-48-48-665.metadata.json, generated_metadata/VALORANT 01-14-2026 2-51-35-690.metadata.json, generated_metadata/VALORANT 01-19-2026 23-50-14-085.metadata.json
2026-04-04 11:46:47 | WARNING | bridge_app | Task 6: Aider exited 0 but these file(s) are unchanged: uploadService.js
2026-04-04 11:46:47 | WARNING | bridge_app | Task 6: Aider exited with code 0
2026-04-04 11:46:50 | INFO | bridge_app | Manual supervisor review requested: C:\Users\winss\Documents\Projects\shorts-uploader-engine\bridge_progress\manual_supervisor\requests\task_0006_request.json
2026-04-04 11:46:50 | INFO | bridge_app | Waiting for manual supervisor decision: C:\Users\winss\Documents\Projects\shorts-uploader-engine\bridge_progress\manual_supervisor\decisions\task_0006_decision.json
2026-04-04 11:46:56 | WARNING | bridge_app | Task 6: manual supervisor requested rework (attempt 1): Apply the required changes to app/electron/services/uploadService.js so that the upload command is built using advanced operator inputs passed from the renderer rather than hardcoded defaults.
2026-04-04 11:46:58 | INFO | bridge_app | Task 6 — attempt 2/3 — files: app/electron/services/uploadService.js
2026-04-04 11:47:05 | WARNING | bridge_app | Task 6: Aider exited 0 but these file(s) are unchanged: uploadService.js
2026-04-04 11:47:05 | WARNING | bridge_app | Task 6: Aider exited with code 0
2026-04-04 11:47:07 | INFO | bridge_app | Manual supervisor review requested: C:\Users\winss\Documents\Projects\shorts-uploader-engine\bridge_progress\manual_supervisor\requests\task_0006_request.json
2026-04-04 11:47:07 | INFO | bridge_app | Waiting for manual supervisor decision: C:\Users\winss\Documents\Projects\shorts-uploader-engine\bridge_progress\manual_supervisor\decisions\task_0006_decision.json
2026-04-04 11:47:15 | WARNING | bridge_app | Task 6: manual supervisor requested rework (attempt 2): Implement the changes to app/electron/services/uploadService.js so that the upload command is built using the advanced operator inputs (passed from the renderer) instead of hardcoded defaults.
2026-04-04 11:47:18 | INFO | bridge_app | Task 6 — attempt 3/3 — files: app/electron/services/uploadService.js
2026-04-04 11:47:25 | WARNING | bridge_app | Task 6: Aider exited 0 but these file(s) are unchanged: uploadService.js
2026-04-04 11:47:25 | WARNING | bridge_app | Task 6: Aider exited with code 0
2026-04-04 11:47:27 | INFO | bridge_app | Manual supervisor review requested: C:\Users\winss\Documents\Projects\shorts-uploader-engine\bridge_progress\manual_supervisor\requests\task_0006_request.json
2026-04-04 11:47:27 | INFO | bridge_app | Waiting for manual supervisor decision: C:\Users\winss\Documents\Projects\shorts-uploader-engine\bridge_progress\manual_supervisor\decisions\task_0006_decision.json
2026-04-04 11:47:53 | WARNING | bridge_app | Task 6: manual supervisor requested rework (attempt 3): Replace all hardcoded `--max-videos "1"` and `--allow-fallback` values in `buildUploadCommand` with the corresponding fields from the `payload.options` object passed in from the renderer.
2026-04-04 11:47:53 | INFO | bridge_app | Task 6: rolled back to 36c7ccc8 after failure
2026-04-04 11:47:53 | ERROR | bridge_app | Bridge run failed after 83.7s: Task 6 exhausted rework retries after manual supervisor feedback.
Traceback (most recent call last):
  File "C:\Users\winss\Documents\Projects\codex-aider-bridge-app\main.py", line 2249, in main
    task_diff = execute_task_with_review(
                ^^^^^^^^^^^^^^^^^^^^^^^^^
  File "C:\Users\winss\Documents\Projects\codex-aider-bridge-app\main.py", line 1360, in execute_task_with_review
    raise RuntimeError(
RuntimeError: Task 6 exhausted rework retries after manual supervisor feedback.
2026-04-04 11:47:53 | WARNING | bridge_app | To undo all changes made during this run:  git reset --hard 36c7ccc8f1e5822792bdedea2fdbb45f11e7f79f
2026-04-04 12:03:38 | INFO | bridge_app | Bridge starting — repo: C:\Users\winss\Documents\Projects\shorts-uploader-engine
2026-04-04 12:03:38 | INFO | bridge_app | Bridge running in MANUAL-SUPERVISOR mode — review requests will be written to bridge_progress/manual_supervisor/ and the UI proxy thread handles supervisor dispatch.
2026-04-04 12:03:38 | INFO | bridge_app | Auto-split: detected small model 'qwen2.5-coder:7b' — enabling --auto-split-threshold 3 automatically. Tasks with 3+ files will be split into single-file sub-tasks. Pass --auto-split-threshold 0 to disable.
2026-04-04 12:03:38 | INFO | bridge_app | Git readiness — repo=yes, head=yes, branch=codex/react_electorn_ui, clean=no, staged=0, unstaged=2, untracked=18, next=continue
2026-04-04 12:03:38 | INFO | bridge_app | Added 7 bridge entries to C:\Users\winss\Documents\Projects\shorts-uploader-engine\.gitignore: ['taskJsons/', '.aider.tags.cache.v4/', 'bridge_progress/', 'logs.meta', '.aider.input.history', '.aider.chat.history.md', 'bridge_progress.meta']
2026-04-04 12:03:38 | INFO | bridge_app | Git readiness — repo=yes, head=yes, branch=codex/react_electorn_ui, clean=no, staged=0, unstaged=3, untracked=18, next=continue
2026-04-04 12:03:38 | INFO | bridge_app | Pre-flight checks passed.
2026-04-04 12:03:38 | INFO | bridge_app | Rollback point: 36c7ccc8f1e5822792bdedea2fdbb45f11e7f79f
2026-04-04 12:03:38 | INFO | bridge_app | If this run fails, undo all changes with:  git reset --hard 36c7ccc8f1e5822792bdedea2fdbb45f11e7f79f
2026-04-04 12:03:38 | INFO | bridge_app | Project type (from saved knowledge): script-driven media upload automation with Electron desktop UI
2026-04-04 12:03:38 | INFO | bridge_app | Project understanding ready: 8 docs, 17 files, confirmed=True
2026-04-04 12:03:38 | INFO | bridge_app | Project knowledge loaded: 17 files registered, 7 features done
2026-04-04 12:03:40 | INFO | bridge_app | Validator: project type set from knowledge: 'script-driven media upload automation with Electron desktop UI' → 'unknown'
2026-04-04 12:03:40 | INFO | bridge_app | Loaded 42 task(s) from plan file
2026-04-04 12:03:40 | INFO | bridge_app | Task 2: skipping — already completed (checkpoint)
2026-04-04 12:03:40 | INFO | bridge_app | Task 3: skipping — already completed (checkpoint)
2026-04-04 12:03:40 | INFO | bridge_app | Task 4: skipping — already completed (checkpoint)
2026-04-04 12:03:40 | INFO | bridge_app | Task 5: skipping — already completed (checkpoint)
2026-04-04 12:03:41 | INFO | bridge_app | Task 6 — attempt 1/3 — files: app/electron/services/uploadService.js
2026-04-04 12:03:49 | WARNING | bridge_app | Task 6: model edited 3 out-of-scope file(s) — reverting: .gitignore, bridge_progress/project_knowledge.json, bridge_progress/project_snapshot.json
2026-04-04 12:03:49 | WARNING | bridge_app | Task 6: Aider exited 0 but these file(s) are unchanged: uploadService.js
2026-04-04 12:03:49 | WARNING | bridge_app | Task 6: Aider exited with code 0
2026-04-04 12:03:51 | INFO | bridge_app | Manual supervisor review requested: C:\Users\winss\Documents\Projects\shorts-uploader-engine\bridge_progress\manual_supervisor\requests\task_0006_request.json
2026-04-04 12:03:51 | INFO | bridge_app | Waiting for manual supervisor decision: C:\Users\winss\Documents\Projects\shorts-uploader-engine\bridge_progress\manual_supervisor\decisions\task_0006_decision.json
2026-04-04 12:03:57 | WARNING | bridge_app | Task 6: manual supervisor requested rework (attempt 1): Implement the upload command refactoring in app/electron/services/uploadService.js to consume advanced operator inputs passed from the renderer process instead of using hardcoded default values.
2026-04-04 12:03:59 | INFO | bridge_app | Task 6 — attempt 2/3 — files: app/electron/services/uploadService.js
2026-04-04 12:04:07 | WARNING | bridge_app | Task 6: Aider exited 0 but these file(s) are unchanged: uploadService.js
2026-04-04 12:04:07 | WARNING | bridge_app | Task 6: Aider exited with code 0
2026-04-04 12:04:09 | INFO | bridge_app | Manual supervisor review requested: C:\Users\winss\Documents\Projects\shorts-uploader-engine\bridge_progress\manual_supervisor\requests\task_0006_request.json
2026-04-04 12:04:09 | INFO | bridge_app | Waiting for manual supervisor decision: C:\Users\winss\Documents\Projects\shorts-uploader-engine\bridge_progress\manual_supervisor\decisions\task_0006_decision.json
2026-04-04 12:04:15 | WARNING | bridge_app | Task 6: manual supervisor requested rework (attempt 2): Implement the upload command refactoring in app/electron/services/uploadService.js to consume advanced operator inputs passed from the renderer process instead of using hardcoded default values.
2026-04-04 12:04:18 | INFO | bridge_app | Task 6 — attempt 3/3 — files: app/electron/services/uploadService.js
2026-04-04 12:04:25 | WARNING | bridge_app | Task 6: Aider exited 0 but these file(s) are unchanged: uploadService.js
2026-04-04 12:04:25 | WARNING | bridge_app | Task 6: Aider exited with code 0
2026-04-04 12:04:27 | INFO | bridge_app | Manual supervisor review requested: C:\Users\winss\Documents\Projects\shorts-uploader-engine\bridge_progress\manual_supervisor\requests\task_0006_request.json
2026-04-04 12:04:27 | INFO | bridge_app | Waiting for manual supervisor decision: C:\Users\winss\Documents\Projects\shorts-uploader-engine\bridge_progress\manual_supervisor\decisions\task_0006_decision.json
2026-04-04 12:04:33 | WARNING | bridge_app | Task 6: manual supervisor requested rework (attempt 3): Implement the upload command refactoring in app/electron/services/uploadService.js to replace hardcoded default values with dynamic operator inputs received from the renderer process.
2026-04-04 12:04:33 | INFO | bridge_app | Task 6: rolled back to 36c7ccc8 after failure
2026-04-04 12:04:33 | ERROR | bridge_app | Bridge run failed after 55.0s: Task 6 exhausted rework retries after manual supervisor feedback.
Traceback (most recent call last):
  File "C:\Users\winss\Documents\Projects\codex-aider-bridge-app\main.py", line 2249, in main
    task_diff = execute_task_with_review(
                ^^^^^^^^^^^^^^^^^^^^^^^^^
  File "C:\Users\winss\Documents\Projects\codex-aider-bridge-app\main.py", line 1360, in execute_task_with_review
    raise RuntimeError(
RuntimeError: Task 6 exhausted rework retries after manual supervisor feedback.
2026-04-04 12:04:33 | WARNING | bridge_app | To undo all changes made during this run:  git reset --hard 36c7ccc8f1e5822792bdedea2fdbb45f11e7f79f
2026-04-04 16:11:58 | INFO | bridge_app | Bridge starting — repo: C:\Users\winss\Documents\Projects\shorts-uploader-engine
2026-04-04 16:11:58 | INFO | bridge_app | Bridge running in MANUAL-SUPERVISOR mode — review requests will be written to bridge_progress/manual_supervisor/ and the UI proxy thread handles supervisor dispatch.
2026-04-04 16:11:58 | INFO | bridge_app | Auto-split: detected small model 'qwen2.5-coder:7b' — enabling --auto-split-threshold 3 automatically. Tasks with 3+ files will be split into single-file sub-tasks. Pass --auto-split-threshold 0 to disable.
2026-04-04 16:11:58 | INFO | bridge_app | Git readiness — repo=yes, head=yes, branch=codex/react_electorn_ui, clean=no, staged=0, unstaged=2, untracked=18, next=continue
2026-04-04 16:11:58 | INFO | bridge_app | Added 7 bridge entries to C:\Users\winss\Documents\Projects\shorts-uploader-engine\.gitignore: ['taskJsons/', '.aider.tags.cache.v4/', 'bridge_progress/', 'logs.meta', '.aider.input.history', '.aider.chat.history.md', 'bridge_progress.meta']
2026-04-04 16:11:58 | INFO | bridge_app | Git readiness — repo=yes, head=yes, branch=codex/react_electorn_ui, clean=no, staged=0, unstaged=3, untracked=18, next=continue
2026-04-04 16:11:58 | INFO | bridge_app | Pre-flight checks passed.
2026-04-04 16:11:58 | INFO | bridge_app | Rollback point: 36c7ccc8f1e5822792bdedea2fdbb45f11e7f79f
2026-04-04 16:11:58 | INFO | bridge_app | If this run fails, undo all changes with:  git reset --hard 36c7ccc8f1e5822792bdedea2fdbb45f11e7f79f
2026-04-04 16:11:58 | INFO | bridge_app | Project type (from saved knowledge): script-driven media upload automation with Electron desktop UI
2026-04-04 16:11:59 | INFO | bridge_app | Project understanding ready: 8 docs, 17 files, confirmed=True
2026-04-04 16:11:59 | INFO | bridge_app | Project knowledge loaded: 17 files registered, 7 features done
2026-04-04 16:12:02 | INFO | bridge_app | Validator: project type set from knowledge: 'script-driven media upload automation with Electron desktop UI' → 'unknown'
2026-04-04 16:12:02 | INFO | bridge_app | Loaded 42 task(s) from plan file
2026-04-04 16:12:02 | INFO | bridge_app | Task 2: skipping — already completed (checkpoint)
2026-04-04 16:12:02 | INFO | bridge_app | Task 3: skipping — already completed (checkpoint)
2026-04-04 16:12:02 | INFO | bridge_app | Task 4: skipping — already completed (checkpoint)
2026-04-04 16:12:02 | INFO | bridge_app | Task 5: skipping — already completed (checkpoint)
2026-04-04 16:12:04 | INFO | bridge_app | Task 6 — attempt 1/3 — files: app/electron/services/uploadService.js
2026-04-04 16:12:14 | WARNING | bridge_app | Task 6: model edited 3 out-of-scope file(s) — reverting: .gitignore, bridge_progress/project_knowledge.json, bridge_progress/project_snapshot.json
2026-04-04 16:12:15 | WARNING | bridge_app | Task 6: Aider exited 0 but these file(s) are unchanged: uploadService.js
2026-04-04 16:12:15 | WARNING | bridge_app | Task 6: Aider exited with code 0
2026-04-04 16:12:17 | INFO | bridge_app | Manual supervisor review requested: C:\Users\winss\Documents\Projects\shorts-uploader-engine\bridge_progress\manual_supervisor\requests\task_0006_request.json
2026-04-04 16:12:17 | INFO | bridge_app | Waiting for manual supervisor decision: C:\Users\winss\Documents\Projects\shorts-uploader-engine\bridge_progress\manual_supervisor\decisions\task_0006_decision.json
2026-04-04 16:12:23 | WARNING | bridge_app | Task 6: manual supervisor requested rework (attempt 1): Implement the changes to app/electron/services/uploadService.js so that upload command building reads advanced operator inputs passed from the renderer rather than using hardcoded defaults.
2026-04-04 16:12:25 | INFO | bridge_app | Task 6 — attempt 2/3 — files: app/electron/services/uploadService.js
2026-04-04 16:12:32 | WARNING | bridge_app | Task 6: Aider exited 0 but these file(s) are unchanged: uploadService.js
2026-04-04 16:12:32 | WARNING | bridge_app | Task 6: Aider exited with code 0
2026-04-04 16:12:34 | INFO | bridge_app | Manual supervisor review requested: C:\Users\winss\Documents\Projects\shorts-uploader-engine\bridge_progress\manual_supervisor\requests\task_0006_request.json
2026-04-04 16:12:34 | INFO | bridge_app | Waiting for manual supervisor decision: C:\Users\winss\Documents\Projects\shorts-uploader-engine\bridge_progress\manual_supervisor\decisions\task_0006_decision.json
2026-04-04 16:12:40 | WARNING | bridge_app | Task 6: manual supervisor requested rework (attempt 2): Implement the required changes to app/electron/services/uploadService.js so that upload command building reads advanced operator inputs passed from the renderer rather than using hardcoded defaults.
2026-04-04 16:12:43 | INFO | bridge_app | Task 6 — attempt 3/3 — files: app/electron/services/uploadService.js
2026-04-04 16:12:51 | WARNING | bridge_app | Task 6: Aider exited 0 but these file(s) are unchanged: uploadService.js
2026-04-04 16:12:51 | WARNING | bridge_app | Task 6: Aider exited with code 0
2026-04-04 16:12:53 | INFO | bridge_app | Manual supervisor review requested: C:\Users\winss\Documents\Projects\shorts-uploader-engine\bridge_progress\manual_supervisor\requests\task_0006_request.json
2026-04-04 16:12:53 | INFO | bridge_app | Waiting for manual supervisor decision: C:\Users\winss\Documents\Projects\shorts-uploader-engine\bridge_progress\manual_supervisor\decisions\task_0006_decision.json
2026-04-04 16:13:01 | WARNING | bridge_app | Task 6: manual supervisor requested rework (attempt 3): Implement the upload command builder in app/electron/services/uploadService.js to read advanced operator inputs (passed from the renderer via IPC) instead of using hardcoded default values.
2026-04-04 16:13:01 | INFO | bridge_app | Task 6: rolled back to 36c7ccc8 after failure
2026-04-04 16:13:01 | ERROR | bridge_app | Bridge run failed after 62.8s: Task 6 exhausted rework retries after manual supervisor feedback.
Traceback (most recent call last):
  File "C:\Users\winss\Documents\Projects\codex-aider-bridge-app\main.py", line 2249, in main
    task_diff = execute_task_with_review(
                ^^^^^^^^^^^^^^^^^^^^^^^^^
  File "C:\Users\winss\Documents\Projects\codex-aider-bridge-app\main.py", line 1360, in execute_task_with_review
    raise RuntimeError(
RuntimeError: Task 6 exhausted rework retries after manual supervisor feedback.
2026-04-04 16:13:01 | WARNING | bridge_app | To undo all changes made during this run:  git reset --hard 36c7ccc8f1e5822792bdedea2fdbb45f11e7f79f
2026-04-04 16:19:10 | INFO | bridge_app | Bridge starting — repo: C:\Users\winss\Documents\Projects\shorts-uploader-engine
2026-04-04 16:19:10 | INFO | bridge_app | Bridge running in MANUAL-SUPERVISOR mode — review requests will be written to bridge_progress/manual_supervisor/ and the UI proxy thread handles supervisor dispatch.
2026-04-04 16:19:10 | INFO | bridge_app | Auto-split: detected small model 'qwen2.5-coder:7b' — enabling --auto-split-threshold 3 automatically. Tasks with 3+ files will be split into single-file sub-tasks. Pass --auto-split-threshold 0 to disable.
2026-04-04 16:19:11 | INFO | bridge_app | Git readiness — repo=yes, head=yes, branch=codex/react_electorn_ui, clean=no, staged=0, unstaged=2, untracked=18, next=continue
2026-04-04 16:19:11 | INFO | bridge_app | Added 7 bridge entries to C:\Users\winss\Documents\Projects\shorts-uploader-engine\.gitignore: ['taskJsons/', '.aider.tags.cache.v4/', 'bridge_progress/', 'logs.meta', '.aider.input.history', '.aider.chat.history.md', 'bridge_progress.meta']
2026-04-04 16:19:11 | INFO | bridge_app | Git readiness — repo=yes, head=yes, branch=codex/react_electorn_ui, clean=no, staged=0, unstaged=3, untracked=18, next=continue
2026-04-04 16:19:11 | INFO | bridge_app | Pre-flight checks passed.
2026-04-04 16:19:11 | INFO | bridge_app | Rollback point: 36c7ccc8f1e5822792bdedea2fdbb45f11e7f79f
2026-04-04 16:19:11 | INFO | bridge_app | If this run fails, undo all changes with:  git reset --hard 36c7ccc8f1e5822792bdedea2fdbb45f11e7f79f
2026-04-04 16:19:11 | INFO | bridge_app | Project type (from saved knowledge): script-driven media upload automation with Electron desktop UI
2026-04-04 16:19:11 | INFO | bridge_app | Project understanding ready: 8 docs, 17 files, confirmed=True
2026-04-04 16:19:11 | INFO | bridge_app | Project knowledge loaded: 17 files registered, 7 features done
2026-04-04 16:19:13 | INFO | bridge_app | Validator: project type set from knowledge: 'script-driven media upload automation with Electron desktop UI' → 'unknown'
2026-04-04 16:19:13 | INFO | bridge_app | Loaded 42 task(s) from plan file
2026-04-04 16:19:13 | INFO | bridge_app | Task 2: skipping — already completed (checkpoint)
2026-04-04 16:19:13 | INFO | bridge_app | Task 3: skipping — already completed (checkpoint)
2026-04-04 16:19:13 | INFO | bridge_app | Task 4: skipping — already completed (checkpoint)
2026-04-04 16:19:13 | INFO | bridge_app | Task 5: skipping — already completed (checkpoint)
2026-04-04 16:19:14 | INFO | bridge_app | Task 6 — attempt 1/3 — files: app/electron/services/uploadService.js
2026-04-04 16:19:22 | WARNING | bridge_app | Task 6: model edited 3 out-of-scope file(s) — reverting: .gitignore, bridge_progress/project_knowledge.json, bridge_progress/project_snapshot.json
2026-04-04 16:19:23 | WARNING | bridge_app | Task 6: Aider exited 0 but these file(s) are unchanged: uploadService.js
2026-04-04 16:19:23 | WARNING | bridge_app | Task 6: Aider exited with code 0
2026-04-04 16:19:24 | INFO | bridge_app | Manual supervisor review requested: C:\Users\winss\Documents\Projects\shorts-uploader-engine\bridge_progress\manual_supervisor\requests\task_0006_request.json
2026-04-04 16:19:24 | INFO | bridge_app | Waiting for manual supervisor decision: C:\Users\winss\Documents\Projects\shorts-uploader-engine\bridge_progress\manual_supervisor\decisions\task_0006_decision.json
2026-04-04 16:19:32 | WARNING | bridge_app | Task 6: manual supervisor requested rework (attempt 1): Implement the upload command refactor in app/electron/services/uploadService.js to consume advanced operator inputs passed from the renderer process instead of using hardcoded defaults.
2026-04-04 16:19:35 | INFO | bridge_app | Task 6 — attempt 2/3 — files: app/electron/services/uploadService.js
2026-04-04 16:19:42 | WARNING | bridge_app | Task 6: Aider exited 0 but these file(s) are unchanged: uploadService.js
2026-04-04 16:19:42 | WARNING | bridge_app | Task 6: Aider exited with code 0
2026-04-04 16:19:44 | INFO | bridge_app | Manual supervisor review requested: C:\Users\winss\Documents\Projects\shorts-uploader-engine\bridge_progress\manual_supervisor\requests\task_0006_request.json
2026-04-04 16:19:44 | INFO | bridge_app | Waiting for manual supervisor decision: C:\Users\winss\Documents\Projects\shorts-uploader-engine\bridge_progress\manual_supervisor\decisions\task_0006_decision.json
2026-04-04 16:19:52 | WARNING | bridge_app | Task 6: manual supervisor requested rework (attempt 2): Implement the upload command refactor in app/electron/services/uploadService.js to consume advanced operator inputs passed from the renderer process instead of using hardcoded defaults.
2026-04-04 16:19:55 | INFO | bridge_app | Task 6 — attempt 3/3 — files: app/electron/services/uploadService.js
2026-04-04 16:20:02 | WARNING | bridge_app | Task 6: Aider exited 0 but these file(s) are unchanged: uploadService.js
2026-04-04 16:20:02 | WARNING | bridge_app | Task 6: Aider exited with code 0
2026-04-04 16:20:04 | INFO | bridge_app | Manual supervisor review requested: C:\Users\winss\Documents\Projects\shorts-uploader-engine\bridge_progress\manual_supervisor\requests\task_0006_request.json
2026-04-04 16:20:04 | INFO | bridge_app | Waiting for manual supervisor decision: C:\Users\winss\Documents\Projects\shorts-uploader-engine\bridge_progress\manual_supervisor\decisions\task_0006_decision.json
2026-04-04 16:20:10 | WARNING | bridge_app | Task 6: manual supervisor requested rework (attempt 3): Implement the upload command refactor in app/electron/services/uploadService.js to consume advanced operator inputs (passed from the renderer process via IPC arguments) instead of hardcoded defaults.
2026-04-04 16:20:10 | INFO | bridge_app | Task 6: rolled back to 36c7ccc8 after failure
2026-04-04 16:20:10 | ERROR | bridge_app | Bridge run failed after 58.8s: Task 6 exhausted rework retries after manual supervisor feedback.
Traceback (most recent call last):
  File "C:\Users\winss\Documents\Projects\codex-aider-bridge-app\main.py", line 2249, in main
    task_diff = execute_task_with_review(
                ^^^^^^^^^^^^^^^^^^^^^^^^^
  File "C:\Users\winss\Documents\Projects\codex-aider-bridge-app\main.py", line 1360, in execute_task_with_review
    raise RuntimeError(
RuntimeError: Task 6 exhausted rework retries after manual supervisor feedback.
2026-04-04 16:20:10 | WARNING | bridge_app | To undo all changes made during this run:  git reset --hard 36c7ccc8f1e5822792bdedea2fdbb45f11e7f79f
2026-04-04 16:26:57 | INFO | bridge_app | Bridge starting — repo: C:\Users\winss\Documents\Projects\shorts-uploader-engine
2026-04-04 16:26:57 | INFO | bridge_app | Bridge running in MANUAL-SUPERVISOR mode — review requests will be written to bridge_progress/manual_supervisor/ and the UI proxy thread handles supervisor dispatch.
2026-04-04 16:26:57 | INFO | bridge_app | Auto-split: detected small model 'qwen2.5-coder:7b' — enabling --auto-split-threshold 3 automatically. Tasks with 3+ files will be split into single-file sub-tasks. Pass --auto-split-threshold 0 to disable.
2026-04-04 16:26:57 | INFO | bridge_app | Git readiness — repo=yes, head=yes, branch=codex/react_electorn_ui, clean=no, staged=0, unstaged=2, untracked=18, next=continue
2026-04-04 16:26:57 | INFO | bridge_app | Added 7 bridge entries to C:\Users\winss\Documents\Projects\shorts-uploader-engine\.gitignore: ['taskJsons/', '.aider.tags.cache.v4/', 'bridge_progress/', 'logs.meta', '.aider.input.history', '.aider.chat.history.md', 'bridge_progress.meta']
2026-04-04 16:26:57 | INFO | bridge_app | Git readiness — repo=yes, head=yes, branch=codex/react_electorn_ui, clean=no, staged=0, unstaged=3, untracked=18, next=continue
2026-04-04 16:26:57 | INFO | bridge_app | Pre-flight checks passed.
2026-04-04 16:26:57 | INFO | bridge_app | Rollback point: 36c7ccc8f1e5822792bdedea2fdbb45f11e7f79f
2026-04-04 16:26:57 | INFO | bridge_app | If this run fails, undo all changes with:  git reset --hard 36c7ccc8f1e5822792bdedea2fdbb45f11e7f79f
2026-04-04 16:26:57 | INFO | bridge_app | Project type (from saved knowledge): script-driven media upload automation with Electron desktop UI
2026-04-04 16:26:58 | INFO | bridge_app | Project understanding ready: 8 docs, 17 files, confirmed=True
2026-04-04 16:26:58 | INFO | bridge_app | Project knowledge loaded: 17 files registered, 7 features done
2026-04-04 16:26:59 | INFO | bridge_app | Validator: project type set from knowledge: 'script-driven media upload automation with Electron desktop UI' → 'unknown'
2026-04-04 16:26:59 | INFO | bridge_app | Loaded 42 task(s) from plan file
2026-04-04 16:26:59 | INFO | bridge_app | Task 2: skipping — already completed (checkpoint)
2026-04-04 16:26:59 | INFO | bridge_app | Task 3: skipping — already completed (checkpoint)
2026-04-04 16:26:59 | INFO | bridge_app | Task 4: skipping — already completed (checkpoint)
2026-04-04 16:26:59 | INFO | bridge_app | Task 5: skipping — already completed (checkpoint)
2026-04-04 16:27:00 | INFO | bridge_app | Task 6 — attempt 1/3 — files: app/electron/services/uploadService.js
2026-04-04 16:27:02 | INFO | bridge_app | Task 6 [aider]: Can't initialize prompt toolkit: No Windows console found. Are you running 
2026-04-04 16:27:02 | INFO | bridge_app | Task 6 [aider]: cmd.exe?
2026-04-04 16:27:06 | INFO | bridge_app | Task 6 [aider]: 
2026-04-04 16:27:06 | INFO | bridge_app | Task 6 [aider]: Aider v0.86.2
2026-04-04 16:27:06 | INFO | bridge_app | Task 6 [aider]: Model: qwen2.5-coder:7b with whole edit format
2026-04-04 16:27:06 | INFO | bridge_app | Task 6 [aider]: Git repo: .git with 485 files
2026-04-04 16:27:06 | INFO | bridge_app | Task 6 [aider]: Repo-map: using 1024 tokens, auto refresh
2026-04-04 16:27:06 | INFO | bridge_app | Task 6 [aider]: Added app\electron\services\uploadService.js to the chat.
2026-04-04 16:27:06 | INFO | bridge_app | Task 6 [aider]: 
2026-04-04 16:27:06 | INFO | bridge_app | Task 6 [aider]: 
2026-04-04 16:27:06 | INFO | bridge_app | Task 6 [aider]: app\electron\ipc\systemHandlers.js
2026-04-04 16:27:06 | INFO | bridge_app | Task 6 [aider]: 
2026-04-04 16:27:06 | INFO | bridge_app | Task 6 [aider]: app\electron\preload.js
2026-04-04 16:27:06 | INFO | bridge_app | Task 6 [aider]: 
2026-04-04 16:27:06 | INFO | bridge_app | Task 6 [aider]: app\electron\services\pathService.js
2026-04-04 16:27:06 | INFO | bridge_app | Task 6 [aider]: 
2026-04-04 16:27:06 | INFO | bridge_app | Task 6 [aider]: app\useAppStore.js
2026-04-04 16:27:07 | INFO | bridge_app | Task 6 [aider]: litellm.BadRequestError: LLM Provider NOT provided. Pass in the LLM provider 
2026-04-04 16:27:07 | INFO | bridge_app | Task 6 [aider]: you are trying to call. You passed model=qwen2.5-coder:7b
2026-04-04 16:27:07 | INFO | bridge_app | Task 6 [aider]:  Pass model as E.g. For 'Huggingface' inference endpoints pass in 
2026-04-04 16:27:07 | INFO | bridge_app | Task 6 [aider]: `completion(model='huggingface/starcoder',..)` Learn more: 
2026-04-04 16:27:07 | INFO | bridge_app | Task 6 [aider]: https://docs.litellm.ai/docs/providers
2026-04-04 16:27:07 | INFO | bridge_app | Task 6 [aider]: 
2026-04-04 16:27:07 | INFO | bridge_app | Task 6 [aider]: https://docs.litellm.ai/docs/providers
2026-04-04 16:27:07 | INFO | bridge_app | Task 6 [aider]: 
2026-04-04 16:27:07 | WARNING | bridge_app | Task 6: model edited 3 out-of-scope file(s) — reverting: .gitignore, bridge_progress/project_knowledge.json, bridge_progress/project_snapshot.json
2026-04-04 16:27:08 | WARNING | bridge_app | Task 6: Aider exited 0 but these file(s) are unchanged: uploadService.js
2026-04-04 16:27:08 | WARNING | bridge_app | Task 6: Aider exited with code 0
2026-04-04 16:27:09 | INFO | bridge_app | Manual supervisor review requested: C:\Users\winss\Documents\Projects\shorts-uploader-engine\bridge_progress\manual_supervisor\requests\task_0006_request.json
2026-04-04 16:27:09 | INFO | bridge_app | Waiting for manual supervisor decision: C:\Users\winss\Documents\Projects\shorts-uploader-engine\bridge_progress\manual_supervisor\decisions\task_0006_decision.json
2026-04-04 16:27:15 | WARNING | bridge_app | Task 6: manual supervisor requested rework (attempt 1): Make the actual code changes to app/electron/services/uploadService.js so that the upload command building reads advanced operator inputs passed from the renderer rather than using hardcoded defaults.
2026-04-04 16:27:18 | INFO | bridge_app | Task 6 — attempt 2/3 — files: app/electron/services/uploadService.js
2026-04-04 16:27:20 | INFO | bridge_app | Task 6 [aider]: Can't initialize prompt toolkit: No Windows console found. Are you running 
2026-04-04 16:27:20 | INFO | bridge_app | Task 6 [aider]: cmd.exe?
2026-04-04 16:27:23 | INFO | bridge_app | Task 6 [aider]: 
2026-04-04 16:27:23 | INFO | bridge_app | Task 6 [aider]: Aider v0.86.2
2026-04-04 16:27:23 | INFO | bridge_app | Task 6 [aider]: Model: qwen2.5-coder:7b with whole edit format
2026-04-04 16:27:23 | INFO | bridge_app | Task 6 [aider]: Git repo: .git with 485 files
2026-04-04 16:27:23 | INFO | bridge_app | Task 6 [aider]: Repo-map: using 1024 tokens, auto refresh
2026-04-04 16:27:23 | INFO | bridge_app | Task 6 [aider]: Added app\electron\services\uploadService.js to the chat.
2026-04-04 16:27:23 | INFO | bridge_app | Task 6 [aider]: 
2026-04-04 16:27:23 | INFO | bridge_app | Task 6 [aider]: 
2026-04-04 16:27:23 | INFO | bridge_app | Task 6 [aider]: app\electron\ipc\systemHandlers.js
2026-04-04 16:27:23 | INFO | bridge_app | Task 6 [aider]: 
2026-04-04 16:27:23 | INFO | bridge_app | Task 6 [aider]: app\electron\preload.js
2026-04-04 16:27:23 | INFO | bridge_app | Task 6 [aider]: 
2026-04-04 16:27:23 | INFO | bridge_app | Task 6 [aider]: app\electron\services\pathService.js
2026-04-04 16:27:24 | INFO | bridge_app | Task 6 [aider]: 
2026-04-04 16:27:24 | INFO | bridge_app | Task 6 [aider]: app\useAppStore.js
2026-04-04 16:27:24 | INFO | bridge_app | Task 6 [aider]: litellm.BadRequestError: LLM Provider NOT provided. Pass in the LLM provider 
2026-04-04 16:27:24 | INFO | bridge_app | Task 6 [aider]: you are trying to call. You passed model=qwen2.5-coder:7b
2026-04-04 16:27:24 | INFO | bridge_app | Task 6 [aider]:  Pass model as E.g. For 'Huggingface' inference endpoints pass in 
2026-04-04 16:27:24 | INFO | bridge_app | Task 6 [aider]: `completion(model='huggingface/starcoder',..)` Learn more: 
2026-04-04 16:27:24 | INFO | bridge_app | Task 6 [aider]: https://docs.litellm.ai/docs/providers
2026-04-04 16:27:24 | INFO | bridge_app | Task 6 [aider]: 
2026-04-04 16:27:24 | INFO | bridge_app | Task 6 [aider]: https://docs.litellm.ai/docs/providers
2026-04-04 16:27:24 | INFO | bridge_app | Task 6 [aider]: 
2026-04-04 16:27:25 | WARNING | bridge_app | Task 6: Aider exited 0 but these file(s) are unchanged: uploadService.js
2026-04-04 16:27:25 | WARNING | bridge_app | Task 6: Aider exited with code 0
2026-04-04 16:27:27 | INFO | bridge_app | Manual supervisor review requested: C:\Users\winss\Documents\Projects\shorts-uploader-engine\bridge_progress\manual_supervisor\requests\task_0006_request.json
2026-04-04 16:27:27 | INFO | bridge_app | Waiting for manual supervisor decision: C:\Users\winss\Documents\Projects\shorts-uploader-engine\bridge_progress\manual_supervisor\decisions\task_0006_decision.json
2026-04-04 16:27:33 | WARNING | bridge_app | Task 6: manual supervisor requested rework (attempt 2): Implement the changes to app/electron/services/uploadService.js so that the upload command building uses advanced operator inputs received from the renderer instead of hardcoded defaults.
2026-04-04 16:27:36 | INFO | bridge_app | Task 6 — attempt 3/3 — files: app/electron/services/uploadService.js
2026-04-04 16:27:38 | INFO | bridge_app | Task 6 [aider]: Can't initialize prompt toolkit: No Windows console found. Are you running 
2026-04-04 16:27:38 | INFO | bridge_app | Task 6 [aider]: cmd.exe?
2026-04-04 16:27:41 | INFO | bridge_app | Task 6 [aider]: 
2026-04-04 16:27:41 | INFO | bridge_app | Task 6 [aider]: Aider v0.86.2
2026-04-04 16:27:41 | INFO | bridge_app | Task 6 [aider]: Model: qwen2.5-coder:7b with whole edit format
2026-04-04 16:27:41 | INFO | bridge_app | Task 6 [aider]: Git repo: .git with 485 files
2026-04-04 16:27:41 | INFO | bridge_app | Task 6 [aider]: Repo-map: using 1024 tokens, auto refresh
2026-04-04 16:27:41 | INFO | bridge_app | Task 6 [aider]: Added app\electron\services\uploadService.js to the chat.
2026-04-04 16:27:41 | INFO | bridge_app | Task 6 [aider]: 
2026-04-04 16:27:41 | INFO | bridge_app | Task 6 [aider]: 
2026-04-04 16:27:41 | INFO | bridge_app | Task 6 [aider]: app\electron\ipc\systemHandlers.js
2026-04-04 16:27:41 | INFO | bridge_app | Task 6 [aider]: 
2026-04-04 16:27:41 | INFO | bridge_app | Task 6 [aider]: app\electron\preload.js
2026-04-04 16:27:41 | INFO | bridge_app | Task 6 [aider]: 
2026-04-04 16:27:41 | INFO | bridge_app | Task 6 [aider]: app\electron\services\pathService.js
2026-04-04 16:27:41 | INFO | bridge_app | Task 6 [aider]: 
2026-04-04 16:27:41 | INFO | bridge_app | Task 6 [aider]: app\useAppStore.js
2026-04-04 16:27:42 | INFO | bridge_app | Task 6 [aider]: litellm.BadRequestError: LLM Provider NOT provided. Pass in the LLM provider 
2026-04-04 16:27:42 | INFO | bridge_app | Task 6 [aider]: you are trying to call. You passed model=qwen2.5-coder:7b
2026-04-04 16:27:42 | INFO | bridge_app | Task 6 [aider]:  Pass model as E.g. For 'Huggingface' inference endpoints pass in 
2026-04-04 16:27:42 | INFO | bridge_app | Task 6 [aider]: `completion(model='huggingface/starcoder',..)` Learn more: 
2026-04-04 16:27:42 | INFO | bridge_app | Task 6 [aider]: https://docs.litellm.ai/docs/providers
2026-04-04 16:27:42 | INFO | bridge_app | Task 6 [aider]: 
2026-04-04 16:27:42 | INFO | bridge_app | Task 6 [aider]: https://docs.litellm.ai/docs/providers
2026-04-04 16:27:42 | INFO | bridge_app | Task 6 [aider]: 
2026-04-04 16:27:43 | WARNING | bridge_app | Task 6: Aider exited 0 but these file(s) are unchanged: uploadService.js
2026-04-04 16:27:43 | WARNING | bridge_app | Task 6: Aider exited with code 0
2026-04-04 16:27:45 | INFO | bridge_app | Manual supervisor review requested: C:\Users\winss\Documents\Projects\shorts-uploader-engine\bridge_progress\manual_supervisor\requests\task_0006_request.json
2026-04-04 16:27:45 | INFO | bridge_app | Waiting for manual supervisor decision: C:\Users\winss\Documents\Projects\shorts-uploader-engine\bridge_progress\manual_supervisor\decisions\task_0006_decision.json
2026-04-04 16:27:51 | WARNING | bridge_app | Task 6: manual supervisor requested rework (attempt 3): Implement the upload command building in app/electron/services/uploadService.js to use advanced operator inputs passed from the renderer (such as privacy, category, description, tags, and other configurable fields) instead of hardcoded default values.
2026-04-04 16:27:51 | INFO | bridge_app | Task 6: rolled back to 36c7ccc8 after failure
2026-04-04 16:27:51 | ERROR | bridge_app | Bridge run failed after 53.3s: Task 6 exhausted rework retries after manual supervisor feedback.
Traceback (most recent call last):
  File "C:\Users\winss\Documents\Projects\codex-aider-bridge-app\main.py", line 2249, in main
    task_diff = execute_task_with_review(
                ^^^^^^^^^^^^^^^^^^^^^^^^^
  File "C:\Users\winss\Documents\Projects\codex-aider-bridge-app\main.py", line 1360, in execute_task_with_review
    raise RuntimeError(
RuntimeError: Task 6 exhausted rework retries after manual supervisor feedback.
2026-04-04 16:27:51 | WARNING | bridge_app | To undo all changes made during this run:  git reset --hard 36c7ccc8f1e5822792bdedea2fdbb45f11e7f79f
2026-04-04 16:53:14 | INFO | bridge_app | Bridge starting — repo: C:\Users\winss\Documents\Projects\shorts-uploader-engine
2026-04-04 16:53:14 | INFO | bridge_app | Bridge running in MANUAL-SUPERVISOR mode — review requests will be written to bridge_progress/manual_supervisor/ and the UI proxy thread handles supervisor dispatch.
2026-04-04 16:53:14 | INFO | bridge_app | Auto-split: detected small model 'qwen2.5-coder:7b' — enabling --auto-split-threshold 3 automatically. Tasks with 3+ files will be split into single-file sub-tasks. Pass --auto-split-threshold 0 to disable.
2026-04-04 16:53:15 | INFO | bridge_app | Git readiness — repo=yes, head=yes, branch=codex/react_electorn_ui, clean=no, staged=0, unstaged=2, untracked=18, next=continue
2026-04-04 16:53:15 | INFO | bridge_app | Added 7 bridge entries to C:\Users\winss\Documents\Projects\shorts-uploader-engine\.gitignore: ['taskJsons/', '.aider.tags.cache.v4/', 'bridge_progress/', 'logs.meta', '.aider.input.history', '.aider.chat.history.md', 'bridge_progress.meta']
2026-04-04 16:53:15 | INFO | bridge_app | Git readiness — repo=yes, head=yes, branch=codex/react_electorn_ui, clean=no, staged=0, unstaged=3, untracked=18, next=continue
2026-04-04 16:53:15 | INFO | bridge_app | Pre-flight checks passed.
2026-04-04 16:53:15 | INFO | bridge_app | Rollback point: 36c7ccc8f1e5822792bdedea2fdbb45f11e7f79f
2026-04-04 16:53:15 | INFO | bridge_app | If this run fails, undo all changes with:  git reset --hard 36c7ccc8f1e5822792bdedea2fdbb45f11e7f79f
2026-04-04 16:53:15 | INFO | bridge_app | Project type (from saved knowledge): script-driven media upload automation with Electron desktop UI
2026-04-04 16:53:16 | INFO | bridge_app | Project understanding ready: 8 docs, 17 files, confirmed=True
2026-04-04 16:53:16 | INFO | bridge_app | Project knowledge loaded: 17 files registered, 7 features done
2026-04-04 16:53:19 | INFO | bridge_app | Validator: project type set from knowledge: 'script-driven media upload automation with Electron desktop UI' → 'unknown'
2026-04-04 16:53:19 | INFO | bridge_app | Loaded 42 task(s) from plan file
2026-04-04 16:53:19 | INFO | bridge_app | Task 2: skipping — already completed (checkpoint)
2026-04-04 16:53:19 | INFO | bridge_app | Task 3: skipping — already completed (checkpoint)
2026-04-04 16:53:19 | INFO | bridge_app | Task 4: skipping — already completed (checkpoint)
2026-04-04 16:53:19 | INFO | bridge_app | Task 5: skipping — already completed (checkpoint)
2026-04-04 16:53:20 | INFO | bridge_app | Task 6 — attempt 1/3 — files: app/electron/services/uploadService.js
2026-04-04 16:53:23 | INFO | bridge_app | Task 6 [aider]: Can't initialize prompt toolkit: No Windows console found. Are you running 
2026-04-04 16:53:23 | INFO | bridge_app | Task 6 [aider]: cmd.exe?
2026-04-04 16:53:27 | INFO | bridge_app | Task 6 [aider]: 
2026-04-04 16:53:27 | INFO | bridge_app | Task 6 [aider]: Aider v0.86.2
2026-04-04 16:53:27 | INFO | bridge_app | Task 6 [aider]: Model: ollama/qwen2.5-coder:7b with whole edit format
2026-04-04 16:53:27 | INFO | bridge_app | Task 6 [aider]: Git repo: .git with 485 files
2026-04-04 16:53:27 | INFO | bridge_app | Task 6 [aider]: Repo-map: using 4096.0 tokens, auto refresh
2026-04-04 16:53:27 | INFO | bridge_app | Task 6 [aider]: Added app\electron\services\uploadService.js to the chat.
2026-04-04 16:53:27 | INFO | bridge_app | Task 6 [aider]: 
2026-04-04 16:53:27 | INFO | bridge_app | Task 6 [aider]: 
2026-04-04 16:53:27 | INFO | bridge_app | Task 6 [aider]: app\electron\ipc\systemHandlers.js
2026-04-04 16:53:27 | INFO | bridge_app | Task 6 [aider]: 
2026-04-04 16:53:27 | INFO | bridge_app | Task 6 [aider]: app\electron\preload.js
2026-04-04 16:53:27 | INFO | bridge_app | Task 6 [aider]: 
2026-04-04 16:53:27 | INFO | bridge_app | Task 6 [aider]: app\electron\services\pathService.js
2026-04-04 16:53:27 | INFO | bridge_app | Task 6 [aider]: 
2026-04-04 16:53:27 | INFO | bridge_app | Task 6 [aider]: app\useAppStore.js
2026-04-04 16:55:11 | INFO | bridge_app | Task 6 [aider]: app\electron\services\uploadService.js
2026-04-04 16:55:11 | INFO | bridge_app | Task 6 [aider]: 
2026-04-04 16:55:11 | INFO | bridge_app | Task 6 [aider]: ```diff
2026-04-04 16:55:11 | INFO | bridge_app | Task 6 [aider]: 
2026-04-04 16:55:11 | INFO | bridge_app | Task 6 [aider]: ```
2026-04-04 16:55:11 | INFO | bridge_app | Task 6 [aider]: 
2026-04-04 16:55:11 | INFO | bridge_app | Task 6 [aider]: 
2026-04-04 16:55:11 | INFO | bridge_app | Task 6 [aider]: Tokens: 9.9k sent, 1.8k received.
2026-04-04 16:55:11 | INFO | bridge_app | Task 6 [aider]: 
2026-04-04 16:55:11 | INFO | bridge_app | Task 6 [aider]: metaBatchReelsUpload.py
2026-04-04 16:55:11 | INFO | bridge_app | Task 6 [aider]: 
2026-04-04 16:55:11 | INFO | bridge_app | Task 6 [aider]: youtubeBatchUpload.py
2026-04-04 16:55:11 | INFO | bridge_app | Task 6 [aider]: Warning: it's best to only add files that need changes to the chat.
2026-04-04 16:55:11 | INFO | bridge_app | Task 6 [aider]: https://aider.chat/docs/troubleshooting/edit-errors.html
2026-04-04 16:55:11 | INFO | bridge_app | Task 6 [aider]: Your estimated chat context of 36,050 tokens exceeds the 32,768 token limit for
2026-04-04 16:55:11 | INFO | bridge_app | Task 6 [aider]: ollama/qwen2.5-coder:7b!
2026-04-04 16:55:11 | INFO | bridge_app | Task 6 [aider]: To reduce the chat context:
2026-04-04 16:55:11 | INFO | bridge_app | Task 6 [aider]: - Use /drop to remove unneeded files from the chat
2026-04-04 16:55:11 | INFO | bridge_app | Task 6 [aider]: - Use /clear to clear the chat history
2026-04-04 16:55:11 | INFO | bridge_app | Task 6 [aider]: - Break your code into smaller files
2026-04-04 16:55:11 | INFO | bridge_app | Task 6 [aider]: It's probably safe to try and send the request, most providers won't charge if 
2026-04-04 16:55:11 | INFO | bridge_app | Task 6 [aider]: the context limit is exceeded.
2026-04-04 17:27:38 | INFO | bridge_app | Bridge starting — repo: C:\Users\winss\Documents\Projects\shorts-uploader-engine
2026-04-04 17:27:38 | INFO | bridge_app | Bridge running in MANUAL-SUPERVISOR mode — review requests will be written to bridge_progress/manual_supervisor/ and the UI proxy thread handles supervisor dispatch.
2026-04-04 17:27:38 | INFO | bridge_app | Auto-split: detected small model 'qwen2.5-coder:7b' — enabling --auto-split-threshold 3 automatically. Tasks with 3+ files will be split into single-file sub-tasks. Pass --auto-split-threshold 0 to disable.
2026-04-04 17:27:38 | INFO | bridge_app | Git readiness — repo=yes, head=yes, branch=codex/react_electorn_ui, clean=no, staged=0, unstaged=3, untracked=18, next=continue
2026-04-04 17:27:38 | INFO | bridge_app | Added 7 bridge entries to C:\Users\winss\Documents\Projects\shorts-uploader-engine\.gitignore: ['taskJsons/', '.aider.tags.cache.v4/', 'bridge_progress/', 'logs.meta', '.aider.input.history', '.aider.chat.history.md', 'bridge_progress.meta']
2026-04-04 17:27:38 | INFO | bridge_app | Git readiness — repo=yes, head=yes, branch=codex/react_electorn_ui, clean=no, staged=0, unstaged=3, untracked=18, next=continue
2026-04-04 17:27:38 | INFO | bridge_app | Pre-flight checks passed.
2026-04-04 17:27:38 | INFO | bridge_app | Rollback point: 36c7ccc8f1e5822792bdedea2fdbb45f11e7f79f
2026-04-04 17:27:38 | INFO | bridge_app | If this run fails, undo all changes with:  git reset --hard 36c7ccc8f1e5822792bdedea2fdbb45f11e7f79f
2026-04-04 17:27:38 | INFO | bridge_app | Project type (from saved knowledge): script-driven media upload automation with Electron desktop UI
2026-04-04 17:27:39 | INFO | bridge_app | Project understanding ready: 8 docs, 17 files, confirmed=True
2026-04-04 17:27:39 | INFO | bridge_app | Project knowledge loaded: 17 files registered, 7 features done
2026-04-04 17:27:44 | INFO | bridge_app | Validator: project type set from knowledge: 'script-driven media upload automation with Electron desktop UI' → 'unknown'
2026-04-04 17:27:44 | INFO | bridge_app | Loaded 42 task(s) from plan file
2026-04-04 17:27:44 | INFO | bridge_app | Task 2: skipping — already completed (checkpoint)
2026-04-04 17:27:44 | INFO | bridge_app | Task 3: skipping — already completed (checkpoint)
2026-04-04 17:27:44 | INFO | bridge_app | Task 4: skipping — already completed (checkpoint)
2026-04-04 17:27:44 | INFO | bridge_app | Task 5: skipping — already completed (checkpoint)
2026-04-04 17:27:46 | INFO | bridge_app | Task 6 — attempt 1/3 — files: app/electron/services/uploadService.js
2026-04-04 17:27:49 | INFO | bridge_app | Task 6 [aider]: Can't initialize prompt toolkit: No Windows console found. Are you running 
2026-04-04 17:27:49 | INFO | bridge_app | Task 6 [aider]: cmd.exe?
2026-04-04 17:27:55 | INFO | bridge_app | Task 6 [aider]: 
2026-04-04 17:27:55 | INFO | bridge_app | Task 6 [aider]: Aider v0.86.2
2026-04-04 17:27:55 | INFO | bridge_app | Task 6 [aider]: Model: ollama/qwen2.5-coder:7b with whole edit format
2026-04-04 17:27:55 | INFO | bridge_app | Task 6 [aider]: Git repo: .git with 485 files
2026-04-04 17:27:55 | INFO | bridge_app | Task 6 [aider]: Repo-map: using 4096.0 tokens, auto refresh
2026-04-04 17:27:55 | INFO | bridge_app | Task 6 [aider]: Added app\electron\services\uploadService.js to the chat.
2026-04-04 17:27:55 | INFO | bridge_app | Task 6 [aider]: 
2026-04-04 17:27:55 | INFO | bridge_app | Task 6 [aider]: 
2026-04-04 17:27:55 | INFO | bridge_app | Task 6 [aider]: app\electron\ipc\systemHandlers.js
2026-04-04 17:27:55 | INFO | bridge_app | Task 6 [aider]: 
2026-04-04 17:27:55 | INFO | bridge_app | Task 6 [aider]: app\electron\preload.js
2026-04-04 17:27:55 | INFO | bridge_app | Task 6 [aider]: 
2026-04-04 17:27:55 | INFO | bridge_app | Task 6 [aider]: app\electron\services\pathService.js
2026-04-04 17:27:56 | INFO | bridge_app | Task 6 [aider]: 
2026-04-04 17:27:56 | INFO | bridge_app | Task 6 [aider]: app\useAppStore.js
2026-04-04 17:29:00 | INFO | bridge_app | Task 6 [aider]: app\electron\services\uploadService.js
2026-04-04 17:29:00 | INFO | bridge_app | Task 6 [aider]: 
2026-04-04 17:29:00 | INFO | bridge_app | Task 6 [aider]: ```diff
2026-04-04 17:29:00 | INFO | bridge_app | Task 6 [aider]: 
2026-04-04 17:29:00 | INFO | bridge_app | Task 6 [aider]: ```
2026-04-04 17:29:00 | INFO | bridge_app | Task 6 [aider]: 
2026-04-04 17:29:00 | INFO | bridge_app | Task 6 [aider]: 
2026-04-04 17:29:00 | INFO | bridge_app | Task 6 [aider]: Tokens: 9.3k sent, 1.8k received.
2026-04-04 17:29:00 | INFO | bridge_app | Task 6 [aider]: 
2026-04-04 17:29:00 | INFO | bridge_app | Task 6 [aider]: metaBatchReelsUpload.py
2026-04-04 17:29:00 | INFO | bridge_app | Task 6 [aider]: 
2026-04-04 17:29:00 | INFO | bridge_app | Task 6 [aider]: youtubeBatchUpload.py
2026-04-04 17:29:00 | INFO | bridge_app | Task 6 [aider]: Warning: it's best to only add files that need changes to the chat.
2026-04-04 17:29:00 | INFO | bridge_app | Task 6 [aider]: https://aider.chat/docs/troubleshooting/edit-errors.html
2026-04-04 17:29:01 | INFO | bridge_app | Task 6 [aider]: Your estimated chat context of 36,040 tokens exceeds the 32,768 token limit for
2026-04-04 17:29:01 | INFO | bridge_app | Task 6 [aider]: ollama/qwen2.5-coder:7b!
2026-04-04 17:29:01 | INFO | bridge_app | Task 6 [aider]: To reduce the chat context:
2026-04-04 17:29:01 | INFO | bridge_app | Task 6 [aider]: - Use /drop to remove unneeded files from the chat
2026-04-04 17:29:01 | INFO | bridge_app | Task 6 [aider]: - Use /clear to clear the chat history
2026-04-04 17:29:01 | INFO | bridge_app | Task 6 [aider]: - Break your code into smaller files
2026-04-04 17:29:01 | INFO | bridge_app | Task 6 [aider]: It's probably safe to try and send the request, most providers won't charge if 
2026-04-04 17:29:01 | INFO | bridge_app | Task 6 [aider]: the context limit is exceeded.
2026-04-04 17:29:45 | INFO | bridge_app | Bridge starting — repo: C:\Users\winss\Documents\Projects\shorts-uploader-engine
2026-04-04 17:29:45 | INFO | bridge_app | Bridge running in MANUAL-SUPERVISOR mode — review requests will be written to bridge_progress/manual_supervisor/ and the UI proxy thread handles supervisor dispatch.
2026-04-04 17:29:45 | INFO | bridge_app | Git readiness — repo=yes, head=yes, branch=codex/react_electorn_ui, clean=no, staged=0, unstaged=3, untracked=18, next=continue
2026-04-04 17:29:45 | INFO | bridge_app | Added 7 bridge entries to C:\Users\winss\Documents\Projects\shorts-uploader-engine\.gitignore: ['taskJsons/', '.aider.tags.cache.v4/', 'bridge_progress/', 'logs.meta', '.aider.input.history', '.aider.chat.history.md', 'bridge_progress.meta']
2026-04-04 17:29:46 | INFO | bridge_app | Git readiness — repo=yes, head=yes, branch=codex/react_electorn_ui, clean=no, staged=0, unstaged=3, untracked=18, next=continue
2026-04-04 17:29:46 | INFO | bridge_app | Pre-flight checks passed.
2026-04-04 17:29:46 | INFO | bridge_app | Rollback point: 36c7ccc8f1e5822792bdedea2fdbb45f11e7f79f
2026-04-04 17:29:46 | INFO | bridge_app | If this run fails, undo all changes with:  git reset --hard 36c7ccc8f1e5822792bdedea2fdbb45f11e7f79f
2026-04-04 17:29:46 | INFO | bridge_app | Project type (from saved knowledge): script-driven media upload automation with Electron desktop UI
2026-04-04 17:29:46 | INFO | bridge_app | Project understanding ready: 8 docs, 17 files, confirmed=True
2026-04-04 17:29:46 | INFO | bridge_app | Project knowledge loaded: 17 files registered, 7 features done
2026-04-04 17:29:49 | INFO | bridge_app | Validator: project type set from knowledge: 'script-driven media upload automation with Electron desktop UI' → 'unknown'
2026-04-04 17:29:49 | INFO | bridge_app | Loaded 42 task(s) from plan file
2026-04-04 17:29:49 | INFO | bridge_app | Task 2: skipping — already completed (checkpoint)
2026-04-04 17:29:49 | INFO | bridge_app | Task 3: skipping — already completed (checkpoint)
2026-04-04 17:29:49 | INFO | bridge_app | Task 4: skipping — already completed (checkpoint)
2026-04-04 17:29:49 | INFO | bridge_app | Task 5: skipping — already completed (checkpoint)
2026-04-04 17:29:51 | INFO | bridge_app | Task 6 — attempt 1/3 — files: app/electron/services/uploadService.js
2026-04-04 17:29:53 | INFO | bridge_app | Task 6 [aider]: Can't initialize prompt toolkit: No Windows console found. Are you running 
2026-04-04 17:29:53 | INFO | bridge_app | Task 6 [aider]: cmd.exe?
2026-04-04 17:29:57 | INFO | bridge_app | Task 6 [aider]: 
2026-04-04 17:29:57 | INFO | bridge_app | Task 6 [aider]: Aider v0.86.2
2026-04-04 17:29:57 | INFO | bridge_app | Task 6 [aider]: Model: ollama/qwen2.5-coder:14b with whole edit format
2026-04-04 17:29:57 | INFO | bridge_app | Task 6 [aider]: Git repo: .git with 485 files
2026-04-04 17:29:57 | INFO | bridge_app | Task 6 [aider]: Repo-map: using 4096.0 tokens, auto refresh
2026-04-04 17:29:57 | INFO | bridge_app | Task 6 [aider]: Added app\electron\services\uploadService.js to the chat.
2026-04-04 17:29:57 | INFO | bridge_app | Task 6 [aider]: 
2026-04-04 17:29:57 | INFO | bridge_app | Task 6 [aider]: 
2026-04-04 17:29:57 | INFO | bridge_app | Task 6 [aider]: app\electron\ipc\systemHandlers.js
2026-04-04 17:29:57 | INFO | bridge_app | Task 6 [aider]: 
2026-04-04 17:29:57 | INFO | bridge_app | Task 6 [aider]: app\electron\preload.js
2026-04-04 17:29:57 | INFO | bridge_app | Task 6 [aider]: 
2026-04-04 17:29:57 | INFO | bridge_app | Task 6 [aider]: app\electron\services\pathService.js
2026-04-04 17:29:57 | INFO | bridge_app | Task 6 [aider]: 
2026-04-04 17:29:57 | INFO | bridge_app | Task 6 [aider]: app\useAppStore.js
2026-04-04 17:39:58 | INFO | bridge_app | Task 6 [aider]: litellm.APIConnectionError: OllamaException - litellm.Timeout: Connection timed
2026-04-04 17:39:58 | WARNING | bridge_app | Task 6: Aider timed out after 300s
2026-04-04 17:39:58 | INFO | bridge_app | Task 6: rolled back to 36c7ccc8 after failure
2026-04-04 17:39:58 | ERROR | bridge_app | Bridge run failed after 612.7s: Task 6: Aider timed out after 300s. The local LLM may be too slow for this task, or the task targets files that don't exist. Try: increase --task-timeout, use a faster model, or check the file paths in the plan.
Traceback (most recent call last):
  File "C:\Users\winss\Documents\Projects\codex-aider-bridge-app\main.py", line 2249, in main
    task_diff = execute_task_with_review(
                ^^^^^^^^^^^^^^^^^^^^^^^^^
  File "C:\Users\winss\Documents\Projects\codex-aider-bridge-app\main.py", line 1061, in execute_task_with_review
    raise RuntimeError(
RuntimeError: Task 6: Aider timed out after 300s. The local LLM may be too slow for this task, or the task targets files that don't exist. Try: increase --task-timeout, use a faster model, or check the file paths in the plan.
2026-04-04 17:39:58 | WARNING | bridge_app | To undo all changes made during this run:  git reset --hard 36c7ccc8f1e5822792bdedea2fdbb45f11e7f79f
2026-04-04 17:58:13 | INFO | bridge_app | Bridge starting — repo: C:\Users\winss\Documents\Projects\shorts-uploader-engine
2026-04-04 17:58:13 | INFO | bridge_app | Bridge running in MANUAL-SUPERVISOR mode — review requests will be written to bridge_progress/manual_supervisor/ and the UI proxy thread handles supervisor dispatch.
2026-04-04 17:58:13 | INFO | bridge_app | Auto-split: detected small model 'ollama/qwen2.5-coder:7b' — enabling --auto-split-threshold 3 automatically. Tasks with 3+ files will be split into single-file sub-tasks. Pass --auto-split-threshold 0 to disable.
2026-04-04 17:58:13 | INFO | bridge_app | Git readiness — repo=yes, head=yes, branch=codex/react_electorn_ui, clean=no, staged=0, unstaged=2, untracked=18, next=continue
2026-04-04 17:58:13 | INFO | bridge_app | Added 7 bridge entries to C:\Users\winss\Documents\Projects\shorts-uploader-engine\.gitignore: ['taskJsons/', '.aider.tags.cache.v4/', 'bridge_progress/', 'logs.meta', '.aider.input.history', '.aider.chat.history.md', 'bridge_progress.meta']
2026-04-04 17:58:13 | INFO | bridge_app | Git readiness — repo=yes, head=yes, branch=codex/react_electorn_ui, clean=no, staged=0, unstaged=3, untracked=18, next=continue
2026-04-04 17:58:13 | INFO | bridge_app | Pre-flight checks passed.
2026-04-04 17:58:13 | INFO | bridge_app | Rollback point: 36c7ccc8f1e5822792bdedea2fdbb45f11e7f79f
2026-04-04 17:58:13 | INFO | bridge_app | If this run fails, undo all changes with:  git reset --hard 36c7ccc8f1e5822792bdedea2fdbb45f11e7f79f
2026-04-04 17:58:13 | INFO | bridge_app | Project type (from saved knowledge): script-driven media upload automation with Electron desktop UI
2026-04-04 17:58:14 | INFO | bridge_app | Project understanding ready: 8 docs, 17 files, confirmed=True
2026-04-04 17:58:14 | INFO | bridge_app | Project knowledge loaded: 17 files registered, 7 features done
2026-04-04 17:58:15 | INFO | bridge_app | Validator: project type set from knowledge: 'script-driven media upload automation with Electron desktop UI' → 'unknown'
2026-04-04 17:58:15 | INFO | bridge_app | Loaded 42 task(s) from plan file
2026-04-04 17:58:15 | INFO | bridge_app | Running Aider connection test…
2026-04-04 17:58:17 | INFO | bridge_app | Task 0 [aider]: Can't initialize prompt toolkit: No Windows console found. Are you running 
2026-04-04 17:58:17 | INFO | bridge_app | Task 0 [aider]: cmd.exe?
2026-04-04 17:58:21 | INFO | bridge_app | Task 0 [aider]: 
2026-04-04 17:58:21 | INFO | bridge_app | Task 0 [aider]: Aider v0.86.2
2026-04-04 17:58:21 | INFO | bridge_app | Task 0 [aider]: Model: ollama/qwen2.5-coder:7b with whole edit format
2026-04-04 17:58:21 | INFO | bridge_app | Task 0 [aider]: Git repo: .git with 485 files
2026-04-04 17:58:21 | INFO | bridge_app | Task 0 [aider]: Repo-map: using 4096.0 tokens, auto refresh
2026-04-04 17:58:21 | INFO | bridge_app | Task 0 [aider]: 
2026-04-04 17:58:30 | INFO | bridge_app | Task 0 [aider]: OK.
2026-04-04 17:58:30 | INFO | bridge_app | Task 0 [aider]: 
2026-04-04 17:58:30 | INFO | bridge_app | Task 0 [aider]: Tokens: 7.7k sent, 3 received.
2026-04-04 17:58:31 | WARNING | bridge_app | Task 0: model edited 3 out-of-scope file(s) — reverting: .gitignore, bridge_progress/project_knowledge.json, bridge_progress/project_snapshot.json
2026-04-04 17:58:31 | INFO | bridge_app | Aider connection test passed ✓
2026-04-04 17:58:31 | INFO | bridge_app | Task 2: skipping — already completed (checkpoint)
2026-04-04 17:58:31 | INFO | bridge_app | Task 3: skipping — already completed (checkpoint)
2026-04-04 17:58:31 | INFO | bridge_app | Task 4: skipping — already completed (checkpoint)
2026-04-04 17:58:31 | INFO | bridge_app | Task 5: skipping — already completed (checkpoint)
2026-04-04 17:58:33 | INFO | bridge_app | Task 6 — attempt 1/3 — files: app/electron/services/uploadService.js
2026-04-04 17:58:35 | INFO | bridge_app | Task 6 [aider]: Can't initialize prompt toolkit: No Windows console found. Are you running 
2026-04-04 17:58:35 | INFO | bridge_app | Task 6 [aider]: cmd.exe?
2026-04-04 17:58:38 | INFO | bridge_app | Task 6 [aider]: 
2026-04-04 17:58:38 | INFO | bridge_app | Task 6 [aider]: Aider v0.86.2
2026-04-04 17:58:38 | INFO | bridge_app | Task 6 [aider]: Model: ollama/qwen2.5-coder:7b with whole edit format
2026-04-04 17:58:38 | INFO | bridge_app | Task 6 [aider]: Git repo: .git with 485 files
2026-04-04 17:58:38 | INFO | bridge_app | Task 6 [aider]: Repo-map: using 4096.0 tokens, auto refresh
2026-04-04 17:58:38 | INFO | bridge_app | Task 6 [aider]: Added app\electron\services\uploadService.js to the chat.
2026-04-04 17:58:38 | INFO | bridge_app | Task 6 [aider]: 
2026-04-04 17:58:38 | INFO | bridge_app | Task 6 [aider]: 
2026-04-04 17:58:38 | INFO | bridge_app | Task 6 [aider]: app\electron\ipc\systemHandlers.js
2026-04-04 17:58:38 | INFO | bridge_app | Task 6 [aider]: 
2026-04-04 17:58:38 | INFO | bridge_app | Task 6 [aider]: app\electron\preload.js
2026-04-04 17:58:38 | INFO | bridge_app | Task 6 [aider]: 
2026-04-04 17:58:38 | INFO | bridge_app | Task 6 [aider]: app\electron\services\pathService.js
2026-04-04 17:58:39 | INFO | bridge_app | Task 6 [aider]: 
2026-04-04 17:58:39 | INFO | bridge_app | Task 6 [aider]: app\useAppStore.js
2026-04-04 17:59:27 | INFO | bridge_app | Task 6 [aider]: app\electron\services\uploadService.js
2026-04-04 17:59:27 | INFO | bridge_app | Task 6 [aider]: 
2026-04-04 17:59:27 | INFO | bridge_app | Task 6 [aider]: ```diff
2026-04-04 17:59:27 | INFO | bridge_app | Task 6 [aider]: 
2026-04-04 17:59:27 | INFO | bridge_app | Task 6 [aider]: ```
2026-04-04 17:59:27 | INFO | bridge_app | Task 6 [aider]: 
2026-04-04 17:59:27 | INFO | bridge_app | Task 6 [aider]: 
2026-04-04 17:59:27 | INFO | bridge_app | Task 6 [aider]: Tokens: 9.9k sent, 1.8k received.
2026-04-04 17:59:27 | INFO | bridge_app | Task 6 [aider]: 
2026-04-04 17:59:27 | INFO | bridge_app | Task 6 [aider]: metaBatchReelsUpload.py
2026-04-04 17:59:27 | INFO | bridge_app | Task 6 [aider]: 
2026-04-04 17:59:27 | INFO | bridge_app | Task 6 [aider]: youtubeBatchUpload.py
2026-04-04 17:59:27 | INFO | bridge_app | Task 6 [aider]: Warning: it's best to only add files that need changes to the chat.
2026-04-04 17:59:27 | INFO | bridge_app | Task 6 [aider]: https://aider.chat/docs/troubleshooting/edit-errors.html
2026-04-04 17:59:27 | INFO | bridge_app | Task 6 [aider]: Your estimated chat context of 36,040 tokens exceeds the 32,768 token limit for
2026-04-04 17:59:27 | INFO | bridge_app | Task 6 [aider]: ollama/qwen2.5-coder:7b!
2026-04-04 17:59:27 | INFO | bridge_app | Task 6 [aider]: To reduce the chat context:
2026-04-04 17:59:27 | INFO | bridge_app | Task 6 [aider]: - Use /drop to remove unneeded files from the chat
2026-04-04 17:59:27 | INFO | bridge_app | Task 6 [aider]: - Use /clear to clear the chat history
2026-04-04 17:59:27 | INFO | bridge_app | Task 6 [aider]: - Break your code into smaller files
2026-04-04 17:59:27 | INFO | bridge_app | Task 6 [aider]: It's probably safe to try and send the request, most providers won't charge if 
2026-04-04 17:59:27 | INFO | bridge_app | Task 6 [aider]: the context limit is exceeded.
2026-04-04 18:00:18 | INFO | bridge_app | Bridge starting — repo: C:\Users\winss\Documents\Projects\shorts-uploader-engine
2026-04-04 18:00:18 | INFO | bridge_app | Bridge running in MANUAL-SUPERVISOR mode — review requests will be written to bridge_progress/manual_supervisor/ and the UI proxy thread handles supervisor dispatch.
2026-04-04 18:00:18 | INFO | bridge_app | Git readiness — repo=yes, head=yes, branch=codex/react_electorn_ui, clean=no, staged=0, unstaged=0, untracked=18, next=continue
2026-04-04 18:00:18 | INFO | bridge_app | Added 7 bridge entries to C:\Users\winss\Documents\Projects\shorts-uploader-engine\.gitignore: ['taskJsons/', '.aider.tags.cache.v4/', 'bridge_progress/', 'logs.meta', '.aider.input.history', '.aider.chat.history.md', 'bridge_progress.meta']
2026-04-04 18:00:18 | INFO | bridge_app | Git readiness — repo=yes, head=yes, branch=codex/react_electorn_ui, clean=no, staged=0, unstaged=1, untracked=18, next=continue
2026-04-04 18:00:18 | INFO | bridge_app | Pre-flight checks passed.
2026-04-04 18:00:18 | INFO | bridge_app | Rollback point: 36c7ccc8f1e5822792bdedea2fdbb45f11e7f79f
2026-04-04 18:00:18 | INFO | bridge_app | If this run fails, undo all changes with:  git reset --hard 36c7ccc8f1e5822792bdedea2fdbb45f11e7f79f
2026-04-04 18:00:18 | INFO | bridge_app | Project type (from saved knowledge): script-driven media upload automation with Electron desktop UI
2026-04-04 18:00:18 | INFO | bridge_app | Project understanding ready: 8 docs, 16 files, confirmed=True
2026-04-04 18:00:18 | INFO | bridge_app | Project knowledge loaded: 16 files registered, 3 features done
2026-04-04 18:00:20 | INFO | bridge_app | Validator: project type set from knowledge: 'script-driven media upload automation with Electron desktop UI' → 'unknown'
2026-04-04 18:00:20 | INFO | bridge_app | Loaded 42 task(s) from plan file
2026-04-04 18:00:20 | INFO | bridge_app | Running Aider connection test…
2026-04-04 18:00:22 | INFO | bridge_app | Task 0 [aider]: Can't initialize prompt toolkit: No Windows console found. Are you running 
2026-04-04 18:00:22 | INFO | bridge_app | Task 0 [aider]: cmd.exe?
2026-04-04 18:00:29 | INFO | bridge_app | Task 0 [aider]: 
2026-04-04 18:00:29 | INFO | bridge_app | Task 0 [aider]: Aider v0.86.2
2026-04-04 18:00:29 | INFO | bridge_app | Task 0 [aider]: Model: ollama/qwen2.5-coder:14b with whole edit format
2026-04-04 18:00:29 | INFO | bridge_app | Task 0 [aider]: Git repo: .git with 485 files
2026-04-04 18:00:29 | INFO | bridge_app | Task 0 [aider]: Repo-map: using 4096.0 tokens, auto refresh
2026-04-04 18:00:29 | INFO | bridge_app | Task 0 [aider]: 
2026-04-04 18:52:09 | INFO | bridge_app | Bridge starting — repo: C:\Users\winss\Documents\Projects\shorts-uploader-engine
2026-04-04 18:52:09 | INFO | bridge_app | Bridge running in MANUAL-SUPERVISOR mode — review requests will be written to bridge_progress/manual_supervisor/ and the UI proxy thread handles supervisor dispatch.
2026-04-04 18:52:09 | INFO | bridge_app | Git readiness — repo=yes, head=yes, branch=codex/react_electorn_ui, clean=no, staged=0, unstaged=2, untracked=18, next=continue
2026-04-04 18:52:09 | INFO | bridge_app | Added 7 bridge entries to C:\Users\winss\Documents\Projects\shorts-uploader-engine\.gitignore: ['taskJsons/', '.aider.tags.cache.v4/', 'bridge_progress/', 'logs.meta', '.aider.input.history', '.aider.chat.history.md', 'bridge_progress.meta']
2026-04-04 18:52:09 | INFO | bridge_app | Git readiness — repo=yes, head=yes, branch=codex/react_electorn_ui, clean=no, staged=0, unstaged=2, untracked=18, next=continue
2026-04-04 18:52:09 | INFO | bridge_app | Pre-flight checks passed.
2026-04-04 18:52:09 | INFO | bridge_app | Rollback point: 36c7ccc8f1e5822792bdedea2fdbb45f11e7f79f
2026-04-04 18:52:09 | INFO | bridge_app | If this run fails, undo all changes with:  git reset --hard 36c7ccc8f1e5822792bdedea2fdbb45f11e7f79f
2026-04-04 18:52:09 | INFO | bridge_app | Project type (from saved knowledge): script-driven media upload automation with Electron desktop UI
2026-04-04 18:52:10 | INFO | bridge_app | Project understanding ready: 8 docs, 16 files, confirmed=True
2026-04-04 18:52:10 | INFO | bridge_app | Project knowledge loaded: 16 files registered, 3 features done
2026-04-04 18:52:13 | INFO | bridge_app | Validator: project type set from knowledge: 'script-driven media upload automation with Electron desktop UI' → 'unknown'
2026-04-04 18:52:13 | INFO | bridge_app | Loaded 42 task(s) from plan file
2026-04-04 18:52:13 | INFO | bridge_app | Running Aider connection test…
2026-04-04 18:52:16 | INFO | bridge_app | Task 0 [aider]: Can't initialize prompt toolkit: No Windows console found. Are you running 
2026-04-04 18:52:16 | INFO | bridge_app | Task 0 [aider]: cmd.exe?
2026-04-04 18:52:20 | INFO | bridge_app | Task 0 [aider]: 
2026-04-04 18:52:20 | INFO | bridge_app | Task 0 [aider]: Aider v0.86.2
2026-04-04 18:52:20 | INFO | bridge_app | Task 0 [aider]: Model: ollama/qwen2.5-coder:14b with whole edit format
2026-04-04 18:52:20 | INFO | bridge_app | Task 0 [aider]: Git repo: .git with 485 files
2026-04-04 18:52:20 | INFO | bridge_app | Task 0 [aider]: Repo-map: using 4096.0 tokens, auto refresh
2026-04-04 18:52:20 | INFO | bridge_app | Task 0 [aider]: 
2026-04-04 18:52:38 | INFO | bridge_app | Task 0 [aider]: OK.
2026-04-04 18:52:38 | INFO | bridge_app | Task 0 [aider]: 
2026-04-04 18:52:38 | INFO | bridge_app | Task 0 [aider]: Tokens: 7.7k sent, 3 received.
2026-04-04 18:52:39 | WARNING | bridge_app | Task 0: model edited 2 out-of-scope file(s) — reverting: .gitignore, bridge_progress/project_knowledge.json
2026-04-04 18:52:39 | INFO | bridge_app | Aider connection test passed ✓
2026-04-04 18:52:39 | INFO | bridge_app | Task 2: skipping — already completed (checkpoint)
2026-04-04 18:52:39 | INFO | bridge_app | Task 3: skipping — already completed (checkpoint)
2026-04-04 18:52:39 | INFO | bridge_app | Task 4: skipping — already completed (checkpoint)
2026-04-04 18:52:39 | INFO | bridge_app | Task 5: skipping — already completed (checkpoint)
2026-04-04 18:52:41 | INFO | bridge_app | Task 6 — attempt 1/3 — files: app/electron/services/uploadService.js
2026-04-04 18:52:43 | INFO | bridge_app | Task 6 [aider]: Can't initialize prompt toolkit: No Windows console found. Are you running 
2026-04-04 18:52:43 | INFO | bridge_app | Task 6 [aider]: cmd.exe?
2026-04-04 18:52:46 | INFO | bridge_app | Task 6 [aider]: 
2026-04-04 18:52:46 | INFO | bridge_app | Task 6 [aider]: Aider v0.86.2
2026-04-04 18:52:46 | INFO | bridge_app | Task 6 [aider]: Model: ollama/qwen2.5-coder:14b with whole edit format
2026-04-04 18:52:46 | INFO | bridge_app | Task 6 [aider]: Git repo: .git with 485 files
2026-04-04 18:52:46 | INFO | bridge_app | Task 6 [aider]: Repo-map: using 4096.0 tokens, auto refresh
2026-04-04 18:52:46 | INFO | bridge_app | Task 6 [aider]: Added app\electron\services\uploadService.js to the chat.
2026-04-04 18:52:46 | INFO | bridge_app | Task 6 [aider]: 
2026-04-04 18:52:46 | INFO | bridge_app | Task 6 [aider]: 
2026-04-04 18:52:46 | INFO | bridge_app | Task 6 [aider]: app\electron\ipc\systemHandlers.js
2026-04-04 18:52:46 | INFO | bridge_app | Task 6 [aider]: 
2026-04-04 18:52:46 | INFO | bridge_app | Task 6 [aider]: app\electron\preload.js
2026-04-04 18:52:46 | INFO | bridge_app | Task 6 [aider]: 
2026-04-04 18:52:46 | INFO | bridge_app | Task 6 [aider]: app\electron\services\pathService.js
2026-04-04 18:52:46 | INFO | bridge_app | Task 6 [aider]: 
2026-04-04 18:52:46 | INFO | bridge_app | Task 6 [aider]: app\useAppStore.js
2026-04-04 18:58:47 | INFO | bridge_app | Task 6 [aider]: litellm.APIConnectionError: OllamaException - litellm.Timeout: Connection timed
2026-04-04 18:58:47 | WARNING | bridge_app | Task 6: Aider timed out after 300s
2026-04-04 18:58:47 | INFO | bridge_app | Task 6: rolled back to 36c7ccc8 after failure
2026-04-04 18:58:47 | ERROR | bridge_app | Bridge run failed after 398.2s: Task 6: Aider timed out after 300s. The local LLM may be too slow for this task, or the task targets files that don't exist. Try: increase --task-timeout, use a faster model, or check the file paths in the plan.
Traceback (most recent call last):
  File "C:\Users\winss\Documents\Projects\codex-aider-bridge-app\main.py", line 2346, in main
    task_diff = execute_task_with_review(
                ^^^^^^^^^^^^^^^^^^^^^^^^^
  File "C:\Users\winss\Documents\Projects\codex-aider-bridge-app\main.py", line 1071, in execute_task_with_review
    raise RuntimeError(
RuntimeError: Task 6: Aider timed out after 300s. The local LLM may be too slow for this task, or the task targets files that don't exist. Try: increase --task-timeout, use a faster model, or check the file paths in the plan.
2026-04-04 18:58:47 | WARNING | bridge_app | To undo all changes made during this run:  git reset --hard 36c7ccc8f1e5822792bdedea2fdbb45f11e7f79f
2026-04-04 19:31:00 | INFO | bridge_app | Bridge starting — repo: C:\Users\winss\Documents\Projects\shorts-uploader-engine
2026-04-04 19:31:00 | INFO | bridge_app | Bridge running in MANUAL-SUPERVISOR mode — review requests will be written to bridge_progress/manual_supervisor/ and the UI proxy thread handles supervisor dispatch.
2026-04-04 19:31:00 | INFO | bridge_app | Git readiness — repo=yes, head=yes, branch=codex/react_electorn_ui, clean=no, staged=0, unstaged=3, untracked=18, next=continue
2026-04-04 19:31:00 | INFO | bridge_app | Added 7 bridge entries to C:\Users\winss\Documents\Projects\shorts-uploader-engine\.gitignore: ['taskJsons/', '.aider.tags.cache.v4/', 'bridge_progress/', 'logs.meta', '.aider.input.history', '.aider.chat.history.md', 'bridge_progress.meta']
2026-04-04 19:31:00 | INFO | bridge_app | Git readiness — repo=yes, head=yes, branch=codex/react_electorn_ui, clean=no, staged=0, unstaged=4, untracked=18, next=continue
2026-04-04 19:31:00 | INFO | bridge_app | Pre-flight checks passed.
2026-04-04 19:31:01 | INFO | bridge_app | Rollback point: 36c7ccc8f1e5822792bdedea2fdbb45f11e7f79f
2026-04-04 19:31:01 | INFO | bridge_app | If this run fails, undo all changes with:  git reset --hard 36c7ccc8f1e5822792bdedea2fdbb45f11e7f79f
2026-04-04 19:31:01 | INFO | bridge_app | Project type (from saved knowledge): script-driven media upload automation with Electron desktop UI
2026-04-04 19:31:01 | INFO | bridge_app | Project understanding ready: 8 docs, 17 files, confirmed=True
2026-04-04 19:31:01 | INFO | bridge_app | Project knowledge loaded: 17 files registered, 7 features done
2026-04-04 19:31:04 | INFO | bridge_app | Validator: project type set from knowledge: 'script-driven media upload automation with Electron desktop UI' → 'unknown'
2026-04-04 19:31:04 | INFO | bridge_app | Loaded 42 task(s) from plan file
2026-04-04 19:31:04 | INFO | bridge_app | Running Aider connection test…
2026-04-04 19:31:04 | INFO | bridge_app | Task 0: estimated LLM generation ~60s (timeout=300s, diff format)
2026-04-04 19:31:06 | INFO | bridge_app | Task 0 [aider]: Can't initialize prompt toolkit: No Windows console found. Are you running 
2026-04-04 19:31:06 | INFO | bridge_app | Task 0 [aider]: cmd.exe?
2026-04-04 19:31:10 | INFO | bridge_app | Task 0 [aider]: 
2026-04-04 19:31:10 | INFO | bridge_app | Task 0 [aider]: Aider v0.86.2
2026-04-04 19:31:10 | INFO | bridge_app | Task 0 [aider]: Model: ollama/qwen2.5-coder:14b with diff edit format
2026-04-04 19:31:10 | INFO | bridge_app | Task 0 [aider]: Git repo: .git with 485 files
2026-04-04 19:31:10 | INFO | bridge_app | Task 0 [aider]: Repo-map: using 1024 tokens, manual refresh
2026-04-04 19:31:10 | INFO | bridge_app | Task 0 [aider]: 
2026-04-04 19:31:22 | INFO | bridge_app | Task 0 [aider]: OK.
2026-04-04 19:31:22 | INFO | bridge_app | Task 0 [aider]: 
2026-04-04 19:31:22 | INFO | bridge_app | Task 0 [aider]: Tokens: 4.5k sent, 3 received.
2026-04-04 19:31:23 | WARNING | bridge_app | Task 0: model edited 4 out-of-scope file(s) — reverting: .gitignore, .metadata_history.json, bridge_progress/project_knowledge.json, bridge_progress/project_snapshot.json
2026-04-04 19:31:23 | INFO | bridge_app | Aider connection test passed ✓
2026-04-04 19:31:23 | INFO | bridge_app | Task 2: skipping — already completed (checkpoint)
2026-04-04 19:31:23 | INFO | bridge_app | Task 3: skipping — already completed (checkpoint)
2026-04-04 19:31:23 | INFO | bridge_app | Task 4: skipping — already completed (checkpoint)
2026-04-04 19:31:23 | INFO | bridge_app | Task 5: skipping — already completed (checkpoint)
2026-04-04 19:31:24 | INFO | bridge_app | Task 6 — attempt 1/3 — files: app/electron/services/uploadService.js
2026-04-04 19:31:24 | INFO | bridge_app | Task 6: estimated LLM generation ~98s (timeout=300s, diff format)
2026-04-04 19:31:26 | INFO | bridge_app | Task 6 [aider]: Can't initialize prompt toolkit: No Windows console found. Are you running 
2026-04-04 19:31:26 | INFO | bridge_app | Task 6 [aider]: cmd.exe?
2026-04-04 19:31:30 | INFO | bridge_app | Task 6 [aider]: 
2026-04-04 19:31:30 | INFO | bridge_app | Task 6 [aider]: Aider v0.86.2
2026-04-04 19:31:30 | INFO | bridge_app | Task 6 [aider]: Model: ollama/qwen2.5-coder:14b with diff edit format
2026-04-04 19:31:30 | INFO | bridge_app | Task 6 [aider]: Git repo: .git with 485 files
2026-04-04 19:31:30 | INFO | bridge_app | Task 6 [aider]: Repo-map: using 1024 tokens, manual refresh
2026-04-04 19:31:30 | INFO | bridge_app | Task 6 [aider]: Added app\electron\services\uploadService.js to the chat.
2026-04-04 19:31:30 | INFO | bridge_app | Task 6 [aider]: 
2026-04-04 19:31:30 | INFO | bridge_app | Task 6 [aider]: 
2026-04-04 19:31:30 | INFO | bridge_app | Task 6 [aider]: app\electron\ipc\systemHandlers.js
2026-04-04 19:31:30 | INFO | bridge_app | Task 6 [aider]: 
2026-04-04 19:31:30 | INFO | bridge_app | Task 6 [aider]: app\electron\preload.js
2026-04-04 19:31:30 | INFO | bridge_app | Task 6 [aider]: 
2026-04-04 19:31:30 | INFO | bridge_app | Task 6 [aider]: app\electron\services\pathService.js
2026-04-04 19:31:30 | INFO | bridge_app | Task 6 [aider]: 
2026-04-04 19:31:30 | INFO | bridge_app | Task 6 [aider]: app\useAppStore.js
2026-04-04 19:36:24 | INFO | bridge_app | Task 6 [aider]: To refactor the upload command building so that it consumes advanced operator 
2026-04-04 19:36:24 | INFO | bridge_app | Task 6 [aider]: inputs from the renderer instead of relying on minimal hardcoded defaults, we 
2026-04-04 19:36:24 | INFO | bridge_app | Task 6 [aider]: need to modify `app\electron\services\uploadService.js`.
2026-04-04 19:36:24 | INFO | bridge_app | Task 6 [aider]: 
2026-04-04 19:36:24 | INFO | bridge_app | Task 6 [aider]: Here are the *SEARCH/REPLACE* blocks:
2026-04-04 19:36:24 | INFO | bridge_app | Task 6 [aider]: 
2026-04-04 19:36:24 | INFO | bridge_app | Task 6 [aider]: C:\Users\winss\Documents\Projects\shorts-uploader-engine\app\electron\services\
2026-04-04 19:36:24 | INFO | bridge_app | Task 6 [aider]: uploadService.js
2026-04-04 19:36:24 | INFO | bridge_app | Task 6 [aider]: ```javascript
2026-04-04 19:36:24 | INFO | bridge_app | Task 6 [aider]: <<<<<<< SEARCH
2026-04-04 19:36:24 | INFO | bridge_app | Task 6 [aider]: function buildUploadCommand(payload)
2026-04-04 19:36:24 | INFO | bridge_app | Task 6 [aider]: {
2026-04-04 19:36:24 | INFO | bridge_app | Task 6 [aider]:     const platforms = payload.platforms || {};
2026-04-04 19:36:24 | INFO | bridge_app | Task 6 [aider]:     const options = payload.options || {};
2026-04-04 19:36:24 | INFO | bridge_app | Task 6 [aider]:     const youtubeEnabled = Boolean(platforms.youtube);
2026-04-04 19:36:24 | INFO | bridge_app | Task 6 [aider]:     const instagramEnabled = Boolean(platforms.instagram);
2026-04-04 19:36:24 | INFO | bridge_app | Task 6 [aider]:     const facebookEnabled = Boolean(platforms.facebook);
2026-04-04 19:36:24 | INFO | bridge_app | Task 6 [aider]:     const selectedMetaPlatform = instagramEnabled && facebookEnabled ? "both" :
2026-04-04 19:36:24 | INFO | bridge_app | Task 6 [aider]: instagramEnabled ? "instagram" : "facebook";
2026-04-04 19:36:24 | INFO | bridge_app | Task 6 [aider]: 
2026-04-04 19:36:24 | INFO | bridge_app | Task 6 [aider]:     if (!youtubeEnabled && !instagramEnabled && !facebookEnabled)
2026-04-04 19:36:24 | INFO | bridge_app | Task 6 [aider]:     {
2026-04-04 19:36:24 | INFO | bridge_app | Task 6 [aider]:         throw new Error("Select at least one platform before starting an 
2026-04-04 19:36:24 | INFO | bridge_app | Task 6 [aider]: upload.");
2026-04-04 19:36:24 | INFO | bridge_app | Task 6 [aider]:     }
2026-04-04 19:36:24 | INFO | bridge_app | Task 6 [aider]: 
2026-04-04 19:36:24 | INFO | bridge_app | Task 6 [aider]:     if (!youtubeEnabled && (instagramEnabled || facebookEnabled))
2026-04-04 19:36:24 | INFO | bridge_app | Task 6 [aider]:     {
2026-04-04 19:36:24 | INFO | bridge_app | Task 6 [aider]:         return {
2026-04-04 19:36:24 | INFO | bridge_app | Task 6 [aider]:             scriptName: "metaBatchReelsUpload.py",
2026-04-04 19:36:24 | INFO | bridge_app | Task 6 [aider]:             platformLabel: selectedMetaPlatform,
2026-04-04 19:36:24 | INFO | bridge_app | Task 6 [aider]:             scriptArgs: [
2026-04-04 19:36:24 | INFO | bridge_app | Task 6 [aider]:                 "--platform",
2026-04-04 19:36:24 | INFO | bridge_app | Task 6 [aider]:                 selectedMetaPlatform,
2026-04-04 19:36:24 | INFO | bridge_app | Task 6 [aider]:                 "--max-videos",
2026-04-04 19:36:24 | INFO | bridge_app | Task 6 [aider]:                 "1"
2026-04-04 19:36:24 | INFO | bridge_app | Task 6 [aider]:             ]
2026-04-04 19:36:24 | INFO | bridge_app | Task 6 [aider]:         };
2026-04-04 19:36:24 | INFO | bridge_app | Task 6 [aider]:     }
2026-04-04 19:36:24 | INFO | bridge_app | Task 6 [aider]: 
2026-04-04 19:36:24 | INFO | bridge_app | Task 6 [aider]:     const args = [
2026-04-04 19:36:24 | INFO | bridge_app | Task 6 [aider]:         "--upload-platform",
2026-04-04 19:36:24 | INFO | bridge_app | Task 6 [aider]:         "youtube",
2026-04-04 19:36:24 | INFO | bridge_app | Task 6 [aider]:         "--max-videos",
2026-04-04 19:36:24 | INFO | bridge_app | Task 6 [aider]:         "1",
2026-04-04 19:36:24 | INFO | bridge_app | Task 6 [aider]:         "--allow-fallback"
2026-04-04 19:36:24 | INFO | bridge_app | Task 6 [aider]:     ];
2026-04-04 19:36:24 | INFO | bridge_app | Task 6 [aider]: 
2026-04-04 19:36:24 | INFO | bridge_app | Task 6 [aider]:     if (options.includeShorts)
2026-04-04 19:36:24 | INFO | bridge_app | Task 6 [aider]:     {
2026-04-04 19:36:24 | INFO | bridge_app | Task 6 [aider]:         args.push("--shorts-policy", "convert");
2026-04-04 19:36:24 | INFO | bridge_app | Task 6 [aider]:     }
2026-04-04 19:36:24 | INFO | bridge_app | Task 6 [aider]:     else
2026-04-04 19:36:24 | INFO | bridge_app | Task 6 [aider]:     {
2026-04-04 19:36:24 | INFO | bridge_app | Task 6 [aider]:         args.push("--shorts-policy", "off");
2026-04-04 19:36:24 | INFO | bridge_app | Task 6 [aider]:     }
2026-04-04 19:36:24 | INFO | bridge_app | Task 6 [aider]: 
2026-04-04 19:36:24 | INFO | bridge_app | Task 6 [aider]:     if (!options.includeMetadata)
2026-04-04 19:36:24 | INFO | bridge_app | Task 6 [aider]:     {
2026-04-04 19:36:24 | INFO | bridge_app | Task 6 [aider]:         args.push("--no-ai");
2026-04-04 19:36:24 | INFO | bridge_app | Task 6 [aider]:     }
2026-04-04 19:36:24 | INFO | bridge_app | Task 6 [aider]: 
2026-04-04 19:36:24 | INFO | bridge_app | Task 6 [aider]:     if (!options.includeMusic)
2026-04-04 19:36:24 | INFO | bridge_app | Task 6 [aider]:     {
2026-04-04 19:36:24 | INFO | bridge_app | Task 6 [aider]:         args.push("--music-dir=");
2026-04-04 19:36:24 | INFO | bridge_app | Task 6 [aider]:     }
2026-04-04 19:36:24 | INFO | bridge_app | Task 6 [aider]: 
2026-04-04 19:36:24 | INFO | bridge_app | Task 6 [aider]:     if (instagramEnabled || facebookEnabled)
2026-04-04 19:36:24 | INFO | bridge_app | Task 6 [aider]:     {
2026-04-04 19:36:24 | INFO | bridge_app | Task 6 [aider]:         args.push("--crosspost-meta");
2026-04-04 19:36:24 | INFO | bridge_app | Task 6 [aider]:         args.push("--meta-platform", selectedMetaPlatform);
2026-04-04 19:36:24 | INFO | bridge_app | Task 6 [aider]:     }
2026-04-04 19:36:24 | INFO | bridge_app | Task 6 [aider]: 
2026-04-04 19:36:24 | INFO | bridge_app | Task 6 [aider]:     return {
2026-04-04 19:36:24 | INFO | bridge_app | Task 6 [aider]:         scriptName: "youtubeBatchUpload.py",
2026-04-04 19:36:24 | INFO | bridge_app | Task 6 [aider]:         platformLabel: instagramEnabled || facebookEnabled ? "youtube+" + 
2026-04-04 19:36:24 | INFO | bridge_app | Task 6 [aider]: selectedMetaPlatform : "youtube",
2026-04-04 19:36:24 | INFO | bridge_app | Task 6 [aider]:         scriptArgs: args
2026-04-04 19:36:24 | INFO | bridge_app | Task 6 [aider]:     };
2026-04-04 19:36:24 | INFO | bridge_app | Task 6 [aider]: }
2026-04-04 19:36:24 | INFO | bridge_app | Task 6 [aider]: =======
2026-04-04 19:36:24 | INFO | bridge_app | Task 6 [aider]: function buildUploadCommand(payload)
2026-04-04 19:36:24 | INFO | bridge_app | Task 6 [aider]: {
2026-04-04 19:36:24 | INFO | bridge_app | Task 6 [aider]:     const platforms = payload.platforms || {};
2026-04-04 19:36:24 | INFO | bridge_app | Task 6 [aider]:     const options = payload.options || {};
2026-04-04 19:36:24 | INFO | bridge_app | Task 6 [aider]:     const advancedOptions = payload.advancedOptions || {}; // New line to 
2026-04-04 19:36:24 | INFO | bridge_app | Task 6 [aider]: consume advanced options
2026-04-04 19:36:24 | INFO | bridge_app | Task 6 [aider]: 
2026-04-04 19:36:24 | INFO | bridge_app | Task 6 [aider]:     const youtubeEnabled = Boolean(platforms.youtube);
2026-04-04 19:36:24 | INFO | bridge_app | Task 6 [aider]:     const instagramEnabled = Boolean(platforms.instagram);
2026-04-04 19:36:24 | INFO | bridge_app | Task 6 [aider]:     const facebookEnabled = Boolean(platforms.facebook);
2026-04-04 19:36:24 | INFO | bridge_app | Task 6 [aider]:     const selectedMetaPlatform = instagramEnabled && facebookEnabled ? "both" :
2026-04-04 19:36:24 | INFO | bridge_app | Task 6 [aider]: instagramEnabled ? "instagram" : "facebook";
2026-04-04 19:36:24 | INFO | bridge_app | Task 6 [aider]: 
2026-04-04 19:36:24 | INFO | bridge_app | Task 6 [aider]:     if (!youtubeEnabled && !instagramEnabled && !facebookEnabled)
2026-04-04 19:36:24 | INFO | bridge_app | Task 6 [aider]:     {
2026-04-04 19:36:24 | INFO | bridge_app | Task 6 [aider]:         throw new Error("Select at least one platform before starting an 
2026-04-04 19:36:24 | INFO | bridge_app | Task 6 [aider]: upload.");
2026-04-04 19:36:24 | INFO | bridge_app | Task 6 [aider]:     }
2026-04-04 19:36:24 | INFO | bridge_app | Task 6 [aider]: 
2026-04-04 19:36:24 | INFO | bridge_app | Task 6 [aider]:     if (!youtubeEnabled && (instagramEnabled || facebookEnabled))
2026-04-04 19:36:24 | INFO | bridge_app | Task 6 [aider]:     {
2026-04-04 19:36:24 | INFO | bridge_app | Task 6 [aider]:         return {
2026-04-04 19:36:24 | INFO | bridge_app | Task 6 [aider]:             scriptName: "metaBatchReelsUpload.py",
2026-04-04 19:36:24 | INFO | bridge_app | Task 6 [aider]:             platformLabel: selectedMetaPlatform,
2026-04-04 19:36:24 | INFO | bridge_app | Task 6 [aider]:             scriptArgs: [
2026-04-04 19:36:24 | INFO | bridge_app | Task 6 [aider]:                 "--platform",
2026-04-04 19:36:24 | INFO | bridge_app | Task 6 [aider]:                 selectedMetaPlatform,
2026-04-04 19:36:24 | INFO | bridge_app | Task 6 [aider]:                 "--max-videos",
2026-04-04 19:36:24 | INFO | bridge_app | Task 6 [aider]:                 advancedOptions.maxVideos || "1", // Use advanced options
2026-04-04 19:36:24 | INFO | bridge_app | Task 6 [aider]:                 "--shorts-policy",
2026-04-04 19:36:24 | INFO | bridge_app | Task 6 [aider]:                 advancedOptions.includeShorts ? "convert" : "off", // Use 
2026-04-04 19:36:24 | INFO | bridge_app | Task 6 [aider]: advanced options
2026-04-04 19:36:24 | INFO | bridge_app | Task 6 [aider]:                 "--no-ai",
2026-04-04 19:36:24 | INFO | bridge_app | Task 6 [aider]:                 !advancedOptions.includeMetadata, // Use advanced options
2026-04-04 19:36:24 | INFO | bridge_app | Task 6 [aider]:                 "--music-dir=",
2026-04-04 19:36:24 | INFO | bridge_app | Task 6 [aider]:                 !advancedOptions.includeMusic // Use advanced options
2026-04-04 19:36:24 | INFO | bridge_app | Task 6 [aider]:             ]
2026-04-04 19:36:24 | INFO | bridge_app | Task 6 [aider]:         };
2026-04-04 19:36:24 | INFO | bridge_app | Task 6 [aider]:     }
2026-04-04 19:36:24 | INFO | bridge_app | Task 6 [aider]: 
2026-04-04 19:36:24 | INFO | bridge_app | Task 6 [aider]:     const args = [
2026-04-04 19:36:24 | INFO | bridge_app | Task 6 [aider]:         "--upload-platform",
2026-04-04 19:36:24 | INFO | bridge_app | Task 6 [aider]:         "youtube",
2026-04-04 19:36:24 | INFO | bridge_app | Task 6 [aider]:         "--max-videos",
2026-04-04 19:36:24 | INFO | bridge_app | Task 6 [aider]:         advancedOptions.maxVideos || "1", // Use advanced options
2026-04-04 19:36:24 | INFO | bridge_app | Task 6 [aider]:         "--allow-fallback"
2026-04-04 19:36:24 | INFO | bridge_app | Task 6 [aider]:     ];
2026-04-04 19:36:24 | INFO | bridge_app | Task 6 [aider]: 
2026-04-04 19:36:24 | INFO | bridge_app | Task 6 [aider]:     if (options.includeShorts)
2026-04-04 19:36:24 | INFO | bridge_app | Task 6 [aider]:     {
2026-04-04 19:36:24 | INFO | bridge_app | Task 6 [aider]:         args.push("--shorts-policy", "convert");
2026-04-04 19:36:24 | INFO | bridge_app | Task 6 [aider]:     }
2026-04-04 19:36:24 | INFO | bridge_app | Task 6 [aider]:     else
2026-04-04 19:36:24 | INFO | bridge_app | Task 6 [aider]:     {
2026-04-04 19:36:24 | INFO | bridge_app | Task 6 [aider]:         args.push("--shorts-policy", "off");
2026-04-04 19:36:24 | INFO | bridge_app | Task 6 [aider]:     }
2026-04-04 19:36:24 | INFO | bridge_app | Task 6 [aider]: 
2026-04-04 19:36:24 | INFO | bridge_app | Task 6 [aider]:     if (!options.includeMetadata)
2026-04-04 19:36:24 | INFO | bridge_app | Task 6 [aider]:     {
2026-04-04 19:36:24 | INFO | bridge_app | Task 6 [aider]:         args.push("--no-ai");
2026-04-04 19:36:24 | INFO | bridge_app | Task 6 [aider]:     }
2026-04-04 19:36:24 | INFO | bridge_app | Task 6 [aider]: 
2026-04-04 19:36:24 | INFO | bridge_app | Task 6 [aider]:     if (!options.includeMusic)
2026-04-04 19:36:24 | INFO | bridge_app | Task 6 [aider]:     {
2026-04-04 19:36:24 | INFO | bridge_app | Task 6 [aider]:         args.push("--music-dir=");
2026-04-04 19:36:24 | INFO | bridge_app | Task 6 [aider]:     }
2026-04-04 19:36:24 | INFO | bridge_app | Task 6 [aider]: 
2026-04-04 19:36:24 | INFO | bridge_app | Task 6 [aider]:     if (instagramEnabled || facebookEnabled)
2026-04-04 19:36:24 | INFO | bridge_app | Task 6 [aider]:     {
2026-04-04 19:36:24 | INFO | bridge_app | Task 6 [aider]:         args.push("--crosspost-meta");
2026-04-04 19:36:24 | INFO | bridge_app | Task 6 [aider]:         args.push("--meta-platform", selectedMetaPlatform);
2026-04-04 19:36:24 | INFO | bridge_app | Task 6 [aider]:     }
2026-04-04 19:36:24 | INFO | bridge_app | Task 6 [aider]: 
2026-04-04 19:36:24 | INFO | bridge_app | Task 6 [aider]:     return {
2026-04-04 19:36:24 | INFO | bridge_app | Task 6 [aider]:         scriptName: "youtubeBatchUpload.py",
2026-04-04 19:36:24 | INFO | bridge_app | Task 6 [aider]:         platformLabel: instagramEnabled || facebookEnabled ? "youtube+" + 
2026-04-04 19:36:24 | INFO | bridge_app | Task 6 [aider]: selectedMetaPlatform : "youtube",
2026-04-04 19:36:24 | INFO | bridge_app | Task 6 [aider]:         scriptArgs: args
2026-04-04 19:36:24 | INFO | bridge_app | Task 6 [aider]:     };
2026-04-04 19:36:24 | INFO | bridge_app | Task 6 [aider]: }
2026-04-04 19:36:24 | INFO | bridge_app | Task 6 [aider]: >>>>>>> REPLACE
2026-04-04 19:36:24 | INFO | bridge_app | Task 6 [aider]: ```
2026-04-04 19:36:24 | INFO | bridge_app | Task 6 [aider]: 
2026-04-04 19:36:24 | INFO | bridge_app | Task 6 [aider]: This change will allow the `buildUploadCommand` function to consume advanced 
2026-04-04 19:36:24 | INFO | bridge_app | Task 6 [aider]: operator inputs from the renderer, making it more flexible and configurable.
2026-04-04 19:36:24 | INFO | bridge_app | Task 6 [aider]: 
2026-04-04 19:36:24 | INFO | bridge_app | Task 6 [aider]: Tokens: 7.8k sent, 948 received.
2026-04-04 19:36:25 | INFO | bridge_app | Task 6 [aider]: 
2026-04-04 19:36:25 | INFO | bridge_app | Task 6 [aider]: metaBatchReelsUpload.py
2026-04-04 19:36:25 | INFO | bridge_app | Task 6 [aider]: 
2026-04-04 19:36:25 | INFO | bridge_app | Task 6 [aider]: youtubeBatchUpload.py
2026-04-04 19:36:25 | INFO | bridge_app | Task 6 [aider]: Warning: it's best to only add files that need changes to the chat.
2026-04-04 19:36:25 | INFO | bridge_app | Task 6 [aider]: https://aider.chat/docs/troubleshooting/edit-errors.html
2026-04-04 19:36:25 | INFO | bridge_app | Task 6 [aider]: Your estimated chat context of 33,571 tokens exceeds the 32,768 token limit for
2026-04-04 19:36:25 | INFO | bridge_app | Task 6 [aider]: ollama/qwen2.5-coder:14b!
2026-04-04 19:36:25 | INFO | bridge_app | Task 6 [aider]: To reduce the chat context:
2026-04-04 19:36:25 | INFO | bridge_app | Task 6 [aider]: - Use /drop to remove unneeded files from the chat
2026-04-04 19:36:25 | INFO | bridge_app | Task 6 [aider]: - Use /clear to clear the chat history
2026-04-04 19:36:25 | INFO | bridge_app | Task 6 [aider]: - Break your code into smaller files
2026-04-04 19:36:25 | INFO | bridge_app | Task 6 [aider]: It's probably safe to try and send the request, most providers won't charge if 
2026-04-04 19:36:25 | INFO | bridge_app | Task 6 [aider]: the context limit is exceeded.
2026-04-04 19:38:28 | INFO | bridge_app | Task 6 [aider]: Ok, any changes I propose will be to those files.
2026-04-04 19:38:28 | WARNING | bridge_app | Task 6: Aider timed out after 300s
2026-04-04 19:38:28 | WARNING | bridge_app | Task 6: first attempt timed out — retrying with lightweight config (no repo-map, no context files)
2026-04-04 19:38:28 | INFO | bridge_app | Task 6: lightweight mode — repo-map disabled, no context files
2026-04-04 19:38:29 | INFO | bridge_app | Task 6 [aider]: Can't initialize prompt toolkit: No Windows console found. Are you running 
2026-04-04 19:38:29 | INFO | bridge_app | Task 6 [aider]: cmd.exe?
2026-04-04 19:38:33 | INFO | bridge_app | Task 6 [aider]: 
2026-04-04 19:38:33 | INFO | bridge_app | Task 6 [aider]: Aider v0.86.2
2026-04-04 19:38:33 | INFO | bridge_app | Task 6 [aider]: Model: ollama/qwen2.5-coder:14b with diff edit format
2026-04-04 19:38:33 | INFO | bridge_app | Task 6 [aider]: Git repo: .git with 485 files
2026-04-04 19:38:33 | INFO | bridge_app | Task 6 [aider]: Repo-map: disabled
2026-04-04 19:38:33 | INFO | bridge_app | Task 6 [aider]: Added app\electron\services\uploadService.js to the chat.
2026-04-04 19:38:33 | INFO | bridge_app | Task 6 [aider]: 
2026-04-04 19:38:33 | INFO | bridge_app | Task 6 [aider]: 
2026-04-04 19:38:33 | INFO | bridge_app | Task 6 [aider]: app\electron\ipc\systemHandlers.js
2026-04-04 19:38:33 | INFO | bridge_app | Task 6 [aider]: 
2026-04-04 19:38:33 | INFO | bridge_app | Task 6 [aider]: app\electron\preload.js
2026-04-04 19:38:33 | INFO | bridge_app | Task 6 [aider]: 
2026-04-04 19:38:33 | INFO | bridge_app | Task 6 [aider]: app\electron\services\pathService.js
2026-04-04 19:38:33 | INFO | bridge_app | Task 6 [aider]: 
2026-04-04 19:38:33 | INFO | bridge_app | Task 6 [aider]: app\useAppStore.js
2026-04-04 19:41:18 | INFO | bridge_app | Bridge starting — repo: C:\Users\winss\Documents\Projects\shorts-uploader-engine
2026-04-04 19:41:18 | INFO | bridge_app | Bridge running in MANUAL-SUPERVISOR mode — review requests will be written to bridge_progress/manual_supervisor/ and the UI proxy thread handles supervisor dispatch.
2026-04-04 19:41:19 | INFO | bridge_app | Git readiness — repo=yes, head=yes, branch=codex/react_electorn_ui, clean=no, staged=0, unstaged=0, untracked=18, next=continue
2026-04-04 19:41:19 | INFO | bridge_app | Added 7 bridge entries to C:\Users\winss\Documents\Projects\shorts-uploader-engine\.gitignore: ['taskJsons/', '.aider.tags.cache.v4/', 'bridge_progress/', 'logs.meta', '.aider.input.history', '.aider.chat.history.md', 'bridge_progress.meta']
2026-04-04 19:41:19 | INFO | bridge_app | Git readiness — repo=yes, head=yes, branch=codex/react_electorn_ui, clean=no, staged=0, unstaged=1, untracked=18, next=continue
2026-04-04 19:41:19 | INFO | bridge_app | Pre-flight checks passed.
2026-04-04 19:41:19 | INFO | bridge_app | Rollback point: 36c7ccc8f1e5822792bdedea2fdbb45f11e7f79f
2026-04-04 19:41:19 | INFO | bridge_app | If this run fails, undo all changes with:  git reset --hard 36c7ccc8f1e5822792bdedea2fdbb45f11e7f79f
2026-04-04 19:41:19 | INFO | bridge_app | Project type (from saved knowledge): script-driven media upload automation with Electron desktop UI
2026-04-04 19:41:20 | INFO | bridge_app | Project understanding ready: 8 docs, 16 files, confirmed=True
2026-04-04 19:41:20 | INFO | bridge_app | Project knowledge loaded: 16 files registered, 3 features done
2026-04-04 19:41:25 | INFO | bridge_app | Validator: project type set from knowledge: 'script-driven media upload automation with Electron desktop UI' → 'unknown'
2026-04-04 19:41:25 | INFO | bridge_app | Loaded 42 task(s) from plan file
2026-04-04 19:41:25 | INFO | bridge_app | Running Aider connection test…
2026-04-04 19:41:25 | INFO | bridge_app | Task 0: estimated LLM generation ~60s (timeout=300s, diff format)
2026-04-04 19:41:30 | INFO | bridge_app | Task 0 [aider]: Can't initialize prompt toolkit: No Windows console found. Are you running 
2026-04-04 19:41:30 | INFO | bridge_app | Task 0 [aider]: cmd.exe?
2026-04-04 19:41:36 | INFO | bridge_app | Task 0 [aider]: 
2026-04-04 19:41:36 | INFO | bridge_app | Task 0 [aider]: Aider v0.86.2
2026-04-04 19:41:36 | INFO | bridge_app | Task 0 [aider]: Model: ollama/qwen2.5-coder:14b with diff edit format
2026-04-04 19:41:36 | INFO | bridge_app | Task 0 [aider]: Git repo: .git with 485 files
2026-04-04 19:41:36 | INFO | bridge_app | Task 0 [aider]: Repo-map: using 1024 tokens, manual refresh
2026-04-04 19:41:36 | INFO | bridge_app | Task 0 [aider]: 
2026-04-04 19:46:30 | INFO | bridge_app | Bridge starting — repo: C:\Users\winss\Documents\Projects\shorts-uploader-engine
2026-04-04 19:46:30 | INFO | bridge_app | Bridge running in MANUAL-SUPERVISOR mode — review requests will be written to bridge_progress/manual_supervisor/ and the UI proxy thread handles supervisor dispatch.
2026-04-04 19:46:30 | INFO | bridge_app | Git readiness — repo=yes, head=yes, branch=codex/react_electorn_ui, clean=no, staged=0, unstaged=2, untracked=18, next=continue
2026-04-04 19:46:31 | INFO | bridge_app | Added 7 bridge entries to C:\Users\winss\Documents\Projects\shorts-uploader-engine\.gitignore: ['taskJsons/', '.aider.tags.cache.v4/', 'bridge_progress/', 'logs.meta', '.aider.input.history', '.aider.chat.history.md', 'bridge_progress.meta']
2026-04-04 19:46:31 | INFO | bridge_app | Git readiness — repo=yes, head=yes, branch=codex/react_electorn_ui, clean=no, staged=0, unstaged=2, untracked=18, next=continue
2026-04-04 19:46:31 | INFO | bridge_app | Pre-flight checks passed.
2026-04-04 19:46:31 | INFO | bridge_app | Rollback point: 36c7ccc8f1e5822792bdedea2fdbb45f11e7f79f
2026-04-04 19:46:31 | INFO | bridge_app | If this run fails, undo all changes with:  git reset --hard 36c7ccc8f1e5822792bdedea2fdbb45f11e7f79f
2026-04-04 19:46:31 | INFO | bridge_app | Project type (from saved knowledge): script-driven media upload automation with Electron desktop UI
2026-04-04 19:46:31 | INFO | bridge_app | Project understanding ready: 8 docs, 16 files, confirmed=True
2026-04-04 19:46:31 | INFO | bridge_app | Project knowledge loaded: 16 files registered, 3 features done
2026-04-04 19:46:32 | INFO | bridge_app | Validator: project type set from knowledge: 'script-driven media upload automation with Electron desktop UI' → 'unknown'
2026-04-04 19:46:32 | INFO | bridge_app | Loaded 42 task(s) from plan file
2026-04-04 19:46:32 | INFO | bridge_app | Running Aider connection test…
2026-04-04 19:46:32 | INFO | bridge_app | Task 0: estimated LLM generation ~60s (timeout=600s, diff format)
2026-04-04 19:46:34 | INFO | bridge_app | Task 0 [aider]: Can't initialize prompt toolkit: No Windows console found. Are you running 
2026-04-04 19:46:34 | INFO | bridge_app | Task 0 [aider]: cmd.exe?
2026-04-04 19:46:39 | INFO | bridge_app | Task 0 [aider]: 
2026-04-04 19:46:39 | INFO | bridge_app | Task 0 [aider]: Aider v0.86.2
2026-04-04 19:46:39 | INFO | bridge_app | Task 0 [aider]: Model: ollama/qwen2.5-coder:14b with diff edit format
2026-04-04 19:46:39 | INFO | bridge_app | Task 0 [aider]: Git repo: .git with 485 files
2026-04-04 19:46:39 | INFO | bridge_app | Task 0 [aider]: Repo-map: using 1024 tokens, manual refresh
2026-04-04 19:46:39 | INFO | bridge_app | Task 0 [aider]: 
2026-04-04 19:46:50 | INFO | bridge_app | Task 0 [aider]: OK.
2026-04-04 19:46:50 | INFO | bridge_app | Task 0 [aider]: 
2026-04-04 19:46:50 | INFO | bridge_app | Task 0 [aider]: Tokens: 4.5k sent, 3 received.
2026-04-04 19:46:51 | WARNING | bridge_app | Task 0: model edited 2 out-of-scope file(s) — reverting: .gitignore, bridge_progress/project_knowledge.json
2026-04-04 19:46:51 | INFO | bridge_app | Aider connection test passed ✓
2026-04-04 19:46:51 | INFO | bridge_app | Task 2: skipping — already completed (checkpoint)
2026-04-04 19:46:51 | INFO | bridge_app | Task 3: skipping — already completed (checkpoint)
2026-04-04 19:46:51 | INFO | bridge_app | Task 4: skipping — already completed (checkpoint)
2026-04-04 19:46:51 | INFO | bridge_app | Task 5: skipping — already completed (checkpoint)
2026-04-04 19:46:52 | INFO | bridge_app | Task 6 — attempt 1/11 — files: app/electron/services/uploadService.js
2026-04-04 19:46:52 | INFO | bridge_app | Task 6: estimated LLM generation ~98s (timeout=600s, diff format)
2026-04-04 19:46:54 | INFO | bridge_app | Task 6 [aider]: Can't initialize prompt toolkit: No Windows console found. Are you running 
2026-04-04 19:46:54 | INFO | bridge_app | Task 6 [aider]: cmd.exe?
2026-04-04 19:46:58 | INFO | bridge_app | Task 6 [aider]: 
2026-04-04 19:46:58 | INFO | bridge_app | Task 6 [aider]: Aider v0.86.2
2026-04-04 19:46:58 | INFO | bridge_app | Task 6 [aider]: Model: ollama/qwen2.5-coder:14b with diff edit format
2026-04-04 19:46:58 | INFO | bridge_app | Task 6 [aider]: Git repo: .git with 485 files
2026-04-04 19:46:58 | INFO | bridge_app | Task 6 [aider]: Repo-map: using 1024 tokens, manual refresh
2026-04-04 19:46:58 | INFO | bridge_app | Task 6 [aider]: Added app\electron\services\uploadService.js to the chat.
2026-04-04 19:46:58 | INFO | bridge_app | Task 6 [aider]: 
2026-04-04 19:46:58 | INFO | bridge_app | Task 6 [aider]: 
2026-04-04 19:46:58 | INFO | bridge_app | Task 6 [aider]: app\electron\ipc\systemHandlers.js
2026-04-04 19:46:58 | INFO | bridge_app | Task 6 [aider]: 
2026-04-04 19:46:58 | INFO | bridge_app | Task 6 [aider]: app\electron\preload.js
2026-04-04 19:46:58 | INFO | bridge_app | Task 6 [aider]: 
2026-04-04 19:46:58 | INFO | bridge_app | Task 6 [aider]: app\electron\services\pathService.js
2026-04-04 19:46:58 | INFO | bridge_app | Task 6 [aider]: 
2026-04-04 19:46:58 | INFO | bridge_app | Task 6 [aider]: app\useAppStore.js
2026-04-04 19:51:19 | INFO | bridge_app | Task 6 [aider]: To refactor the upload command building so that it consumes advanced operator 
2026-04-04 19:51:19 | INFO | bridge_app | Task 6 [aider]: inputs from the renderer instead of relying on minimal hardcoded defaults, we 
2026-04-04 19:51:19 | INFO | bridge_app | Task 6 [aider]: need to modify `app\electron\services\uploadService.js`.
2026-04-04 19:51:19 | INFO | bridge_app | Task 6 [aider]: 
2026-04-04 19:51:19 | INFO | bridge_app | Task 6 [aider]: Here are the *SEARCH/REPLACE* blocks:
2026-04-04 19:51:19 | INFO | bridge_app | Task 6 [aider]: 
2026-04-04 19:51:19 | INFO | bridge_app | Task 6 [aider]: C:\Users\winss\Documents\Projects\shorts-uploader-engine\app\electron\services\
2026-04-04 19:51:19 | INFO | bridge_app | Task 6 [aider]: uploadService.js
2026-04-04 19:51:19 | INFO | bridge_app | Task 6 [aider]: ```javascript
2026-04-04 19:51:19 | INFO | bridge_app | Task 6 [aider]: <<<<<<< SEARCH
2026-04-04 19:51:19 | INFO | bridge_app | Task 6 [aider]: function buildUploadCommand(payload)
2026-04-04 19:51:19 | INFO | bridge_app | Task 6 [aider]: {
2026-04-04 19:51:19 | INFO | bridge_app | Task 6 [aider]:     const platforms = payload.platforms || {};
2026-04-04 19:51:19 | INFO | bridge_app | Task 6 [aider]:     const options = payload.options || {};
2026-04-04 19:51:19 | INFO | bridge_app | Task 6 [aider]:     const youtubeEnabled = Boolean(platforms.youtube);
2026-04-04 19:51:19 | INFO | bridge_app | Task 6 [aider]:     const instagramEnabled = Boolean(platforms.instagram);
2026-04-04 19:51:19 | INFO | bridge_app | Task 6 [aider]:     const facebookEnabled = Boolean(platforms.facebook);
2026-04-04 19:51:19 | INFO | bridge_app | Task 6 [aider]:     const selectedMetaPlatform = instagramEnabled && facebookEnabled ? "both" :
2026-04-04 19:51:19 | INFO | bridge_app | Task 6 [aider]: instagramEnabled ? "instagram" : "facebook";
2026-04-04 19:51:19 | INFO | bridge_app | Task 6 [aider]: 
2026-04-04 19:51:19 | INFO | bridge_app | Task 6 [aider]:     if (!youtubeEnabled && !instagramEnabled && !facebookEnabled)
2026-04-04 19:51:19 | INFO | bridge_app | Task 6 [aider]:     {
2026-04-04 19:51:19 | INFO | bridge_app | Task 6 [aider]:         throw new Error("Select at least one platform before starting an 
2026-04-04 19:51:19 | INFO | bridge_app | Task 6 [aider]: upload.");
2026-04-04 19:51:19 | INFO | bridge_app | Task 6 [aider]:     }
2026-04-04 19:51:19 | INFO | bridge_app | Task 6 [aider]: 
2026-04-04 19:51:19 | INFO | bridge_app | Task 6 [aider]:     if (!youtubeEnabled && (instagramEnabled || facebookEnabled))
2026-04-04 19:51:19 | INFO | bridge_app | Task 6 [aider]:     {
2026-04-04 19:51:19 | INFO | bridge_app | Task 6 [aider]:         return {
2026-04-04 19:51:19 | INFO | bridge_app | Task 6 [aider]:             scriptName: "metaBatchReelsUpload.py",
2026-04-04 19:51:19 | INFO | bridge_app | Task 6 [aider]:             platformLabel: selectedMetaPlatform,
2026-04-04 19:51:19 | INFO | bridge_app | Task 6 [aider]:             scriptArgs: [
2026-04-04 19:51:19 | INFO | bridge_app | Task 6 [aider]:                 "--platform",
2026-04-04 19:51:19 | INFO | bridge_app | Task 6 [aider]:                 selectedMetaPlatform,
2026-04-04 19:51:19 | INFO | bridge_app | Task 6 [aider]:                 "--max-videos",
2026-04-04 19:51:19 | INFO | bridge_app | Task 6 [aider]:                 "1"
2026-04-04 19:51:19 | INFO | bridge_app | Task 6 [aider]:             ]
2026-04-04 19:51:19 | INFO | bridge_app | Task 6 [aider]:         };
2026-04-04 19:51:19 | INFO | bridge_app | Task 6 [aider]:     }
2026-04-04 19:51:19 | INFO | bridge_app | Task 6 [aider]: 
2026-04-04 19:51:19 | INFO | bridge_app | Task 6 [aider]:     const args = [
2026-04-04 19:51:19 | INFO | bridge_app | Task 6 [aider]:         "--upload-platform",
2026-04-04 19:51:19 | INFO | bridge_app | Task 6 [aider]:         "youtube",
2026-04-04 19:51:19 | INFO | bridge_app | Task 6 [aider]:         "--max-videos",
2026-04-04 19:51:19 | INFO | bridge_app | Task 6 [aider]:         "1",
2026-04-04 19:51:19 | INFO | bridge_app | Task 6 [aider]:         "--allow-fallback"
2026-04-04 19:51:19 | INFO | bridge_app | Task 6 [aider]:     ];
2026-04-04 19:51:19 | INFO | bridge_app | Task 6 [aider]: 
2026-04-04 19:51:19 | INFO | bridge_app | Task 6 [aider]:     if (options.includeShorts)
2026-04-04 19:51:19 | INFO | bridge_app | Task 6 [aider]:     {
2026-04-04 19:51:19 | INFO | bridge_app | Task 6 [aider]:         args.push("--shorts-policy", "convert");
2026-04-04 19:51:19 | INFO | bridge_app | Task 6 [aider]:     }
2026-04-04 19:51:19 | INFO | bridge_app | Task 6 [aider]:     else
2026-04-04 19:51:19 | INFO | bridge_app | Task 6 [aider]:     {
2026-04-04 19:51:19 | INFO | bridge_app | Task 6 [aider]:         args.push("--shorts-policy", "off");
2026-04-04 19:51:19 | INFO | bridge_app | Task 6 [aider]:     }
2026-04-04 19:51:19 | INFO | bridge_app | Task 6 [aider]: 
2026-04-04 19:51:19 | INFO | bridge_app | Task 6 [aider]:     if (!options.includeMetadata)
2026-04-04 19:51:19 | INFO | bridge_app | Task 6 [aider]:     {
2026-04-04 19:51:19 | INFO | bridge_app | Task 6 [aider]:         args.push("--no-ai");
2026-04-04 19:51:19 | INFO | bridge_app | Task 6 [aider]:     }
2026-04-04 19:51:19 | INFO | bridge_app | Task 6 [aider]: 
2026-04-04 19:51:19 | INFO | bridge_app | Task 6 [aider]:     if (!options.includeMusic)
2026-04-04 19:51:19 | INFO | bridge_app | Task 6 [aider]:     {
2026-04-04 19:51:19 | INFO | bridge_app | Task 6 [aider]:         args.push("--music-dir=");
2026-04-04 19:51:19 | INFO | bridge_app | Task 6 [aider]:     }
2026-04-04 19:51:19 | INFO | bridge_app | Task 6 [aider]: 
2026-04-04 19:51:19 | INFO | bridge_app | Task 6 [aider]:     if (instagramEnabled || facebookEnabled)
2026-04-04 19:51:19 | INFO | bridge_app | Task 6 [aider]:     {
2026-04-04 19:51:19 | INFO | bridge_app | Task 6 [aider]:         args.push("--crosspost-meta");
2026-04-04 19:51:19 | INFO | bridge_app | Task 6 [aider]:         args.push("--meta-platform", selectedMetaPlatform);
2026-04-04 19:51:19 | INFO | bridge_app | Task 6 [aider]:     }
2026-04-04 19:51:19 | INFO | bridge_app | Task 6 [aider]: 
2026-04-04 19:51:19 | INFO | bridge_app | Task 6 [aider]:     return {
2026-04-04 19:51:19 | INFO | bridge_app | Task 6 [aider]:         scriptName: "youtubeBatchUpload.py",
2026-04-04 19:51:19 | INFO | bridge_app | Task 6 [aider]:         platformLabel: instagramEnabled || facebookEnabled ? "youtube+" + 
2026-04-04 19:51:19 | INFO | bridge_app | Task 6 [aider]: selectedMetaPlatform : "youtube",
2026-04-04 19:51:19 | INFO | bridge_app | Task 6 [aider]:         scriptArgs: args
2026-04-04 19:51:19 | INFO | bridge_app | Task 6 [aider]:     };
2026-04-04 19:51:19 | INFO | bridge_app | Task 6 [aider]: }
2026-04-04 19:51:19 | INFO | bridge_app | Task 6 [aider]: =======
2026-04-04 19:51:19 | INFO | bridge_app | Task 6 [aider]: function buildUploadCommand(payload)
2026-04-04 19:51:19 | INFO | bridge_app | Task 6 [aider]: {
2026-04-04 19:51:19 | INFO | bridge_app | Task 6 [aider]:     const platforms = payload.platforms || {};
2026-04-04 19:51:19 | INFO | bridge_app | Task 6 [aider]:     const options = payload.options || {};
2026-04-04 19:51:19 | INFO | bridge_app | Task 6 [aider]:     const advancedOptions = payload.advancedOptions || {}; // New line to 
2026-04-04 19:51:19 | INFO | bridge_app | Task 6 [aider]: consume advanced options
2026-04-04 19:51:19 | INFO | bridge_app | Task 6 [aider]: 
2026-04-04 19:51:19 | INFO | bridge_app | Task 6 [aider]:     const youtubeEnabled = Boolean(platforms.youtube);
2026-04-04 19:51:19 | INFO | bridge_app | Task 6 [aider]:     const instagramEnabled = Boolean(platforms.instagram);
2026-04-04 19:51:19 | INFO | bridge_app | Task 6 [aider]:     const facebookEnabled = Boolean(platforms.facebook);
2026-04-04 19:51:19 | INFO | bridge_app | Task 6 [aider]:     const selectedMetaPlatform = instagramEnabled && facebookEnabled ? "both" :
2026-04-04 19:51:19 | INFO | bridge_app | Task 6 [aider]: instagramEnabled ? "instagram" : "facebook";
2026-04-04 19:51:19 | INFO | bridge_app | Task 6 [aider]: 
2026-04-04 19:51:19 | INFO | bridge_app | Task 6 [aider]:     if (!youtubeEnabled && !instagramEnabled && !facebookEnabled)
2026-04-04 19:51:19 | INFO | bridge_app | Task 6 [aider]:     {
2026-04-04 19:51:19 | INFO | bridge_app | Task 6 [aider]:         throw new Error("Select at least one platform before starting an 
2026-04-04 19:51:19 | INFO | bridge_app | Task 6 [aider]: upload.");
2026-04-04 19:51:19 | INFO | bridge_app | Task 6 [aider]:     }
2026-04-04 19:51:19 | INFO | bridge_app | Task 6 [aider]: 
2026-04-04 19:51:19 | INFO | bridge_app | Task 6 [aider]:     if (!youtubeEnabled && (instagramEnabled || facebookEnabled))
2026-04-04 19:51:19 | INFO | bridge_app | Task 6 [aider]:     {
2026-04-04 19:51:19 | INFO | bridge_app | Task 6 [aider]:         return {
2026-04-04 19:51:19 | INFO | bridge_app | Task 6 [aider]:             scriptName: "metaBatchReelsUpload.py",
2026-04-04 19:51:19 | INFO | bridge_app | Task 6 [aider]:             platformLabel: selectedMetaPlatform,
2026-04-04 19:51:19 | INFO | bridge_app | Task 6 [aider]:             scriptArgs: [
2026-04-04 19:51:19 | INFO | bridge_app | Task 6 [aider]:                 "--platform",
2026-04-04 19:51:19 | INFO | bridge_app | Task 6 [aider]:                 selectedMetaPlatform,
2026-04-04 19:51:19 | INFO | bridge_app | Task 6 [aider]:                 "--max-videos",
2026-04-04 19:51:19 | INFO | bridge_app | Task 6 [aider]:                 advancedOptions.maxVideos || "1" // Use advanced options if 
2026-04-04 19:51:19 | INFO | bridge_app | Task 6 [aider]: provided
2026-04-04 19:51:19 | INFO | bridge_app | Task 6 [aider]:             ]
2026-04-04 19:51:19 | INFO | bridge_app | Task 6 [aider]:         };
2026-04-04 19:51:19 | INFO | bridge_app | Task 6 [aider]:     }
2026-04-04 19:51:19 | INFO | bridge_app | Task 6 [aider]: 
2026-04-04 19:51:19 | INFO | bridge_app | Task 6 [aider]:     const args = [
2026-04-04 19:51:19 | INFO | bridge_app | Task 6 [aider]:         "--upload-platform",
2026-04-04 19:51:19 | INFO | bridge_app | Task 6 [aider]:         "youtube",
2026-04-04 19:51:19 | INFO | bridge_app | Task 6 [aider]:         "--max-videos",
2026-04-04 19:51:19 | INFO | bridge_app | Task 6 [aider]:         advancedOptions.maxVideos || "1", // Use advanced options if provided
2026-04-04 19:51:19 | INFO | bridge_app | Task 6 [aider]:         "--allow-fallback"
2026-04-04 19:51:19 | INFO | bridge_app | Task 6 [aider]:     ];
2026-04-04 19:51:19 | INFO | bridge_app | Task 6 [aider]: 
2026-04-04 19:51:19 | INFO | bridge_app | Task 6 [aider]:     if (options.includeShorts)
2026-04-04 19:51:19 | INFO | bridge_app | Task 6 [aider]:     {
2026-04-04 19:51:19 | INFO | bridge_app | Task 6 [aider]:         args.push("--shorts-policy", advancedOptions.shortsPolicy || 
2026-04-04 19:51:19 | INFO | bridge_app | Task 6 [aider]: "convert"); // Use advanced options if provided
2026-04-04 19:51:19 | INFO | bridge_app | Task 6 [aider]:     }
2026-04-04 19:51:19 | INFO | bridge_app | Task 6 [aider]:     else
2026-04-04 19:51:19 | INFO | bridge_app | Task 6 [aider]:     {
2026-04-04 19:51:19 | INFO | bridge_app | Task 6 [aider]:         args.push("--shorts-policy", "off");
2026-04-04 19:51:19 | INFO | bridge_app | Task 6 [aider]:     }
2026-04-04 19:51:19 | INFO | bridge_app | Task 6 [aider]: 
2026-04-04 19:51:19 | INFO | bridge_app | Task 6 [aider]:     if (!options.includeMetadata)
2026-04-04 19:51:19 | INFO | bridge_app | Task 6 [aider]:     {
2026-04-04 19:51:19 | INFO | bridge_app | Task 6 [aider]:         args.push("--no-ai");
2026-04-04 19:51:19 | INFO | bridge_app | Task 6 [aider]:     }
2026-04-04 19:51:19 | INFO | bridge_app | Task 6 [aider]: 
2026-04-04 19:51:19 | INFO | bridge_app | Task 6 [aider]:     if (!options.includeMusic)
2026-04-04 19:51:19 | INFO | bridge_app | Task 6 [aider]:     {
2026-04-04 19:51:19 | INFO | bridge_app | Task 6 [aider]:         args.push("--music-dir=", advancedOptions.musicDir || ""); // Use 
2026-04-04 19:51:19 | INFO | bridge_app | Task 6 [aider]: advanced options if provided
2026-04-04 19:51:19 | INFO | bridge_app | Task 6 [aider]:     }
2026-04-04 19:51:19 | INFO | bridge_app | Task 6 [aider]: 
2026-04-04 19:51:19 | INFO | bridge_app | Task 6 [aider]:     if (instagramEnabled || facebookEnabled)
2026-04-04 19:51:19 | INFO | bridge_app | Task 6 [aider]:     {
2026-04-04 19:51:19 | INFO | bridge_app | Task 6 [aider]:         args.push("--crosspost-meta");
2026-04-04 19:51:19 | INFO | bridge_app | Task 6 [aider]:         args.push("--meta-platform", selectedMetaPlatform);
2026-04-04 19:51:19 | INFO | bridge_app | Task 6 [aider]:     }
2026-04-04 19:51:19 | INFO | bridge_app | Task 6 [aider]: 
2026-04-04 19:51:19 | INFO | bridge_app | Task 6 [aider]:     return {
2026-04-04 19:51:19 | INFO | bridge_app | Task 6 [aider]:         scriptName: "youtubeBatchUpload.py",
2026-04-04 19:51:19 | INFO | bridge_app | Task 6 [aider]:         platformLabel: instagramEnabled || facebookEnabled ? "youtube+" + 
2026-04-04 19:51:19 | INFO | bridge_app | Task 6 [aider]: selectedMetaPlatform : "youtube",
2026-04-04 19:51:19 | INFO | bridge_app | Task 6 [aider]:         scriptArgs: args
2026-04-04 19:51:19 | INFO | bridge_app | Task 6 [aider]:     };
2026-04-04 19:51:19 | INFO | bridge_app | Task 6 [aider]: }
2026-04-04 19:51:19 | INFO | bridge_app | Task 6 [aider]: >>>>>>> REPLACE
2026-04-04 19:51:19 | INFO | bridge_app | Task 6 [aider]: ```
2026-04-04 19:51:19 | INFO | bridge_app | Task 6 [aider]: 
2026-04-04 19:51:19 | INFO | bridge_app | Task 6 [aider]: This change ensures that the `buildUploadCommand` function now consumes 
2026-04-04 19:51:19 | INFO | bridge_app | Task 6 [aider]: advanced operator inputs from the renderer, allowing for more flexible and 
2026-04-04 19:51:19 | INFO | bridge_app | Task 6 [aider]: customizable upload commands.
2026-04-04 19:51:19 | INFO | bridge_app | Task 6 [aider]: 
2026-04-04 19:51:19 | INFO | bridge_app | Task 6 [aider]: Tokens: 7.8k sent, 920 received.
2026-04-04 19:51:19 | INFO | bridge_app | Task 6 [aider]: 
2026-04-04 19:51:19 | INFO | bridge_app | Task 6 [aider]: metaBatchReelsUpload.py
2026-04-04 19:51:19 | INFO | bridge_app | Task 6 [aider]: 
2026-04-04 19:51:19 | INFO | bridge_app | Task 6 [aider]: youtubeBatchUpload.py
2026-04-04 19:51:19 | INFO | bridge_app | Task 6 [aider]: Warning: it's best to only add files that need changes to the chat.
2026-04-04 19:51:19 | INFO | bridge_app | Task 6 [aider]: https://aider.chat/docs/troubleshooting/edit-errors.html
2026-04-04 19:51:19 | INFO | bridge_app | Task 6 [aider]: Your estimated chat context of 33,543 tokens exceeds the 32,768 token limit for
2026-04-04 19:51:19 | INFO | bridge_app | Task 6 [aider]: ollama/qwen2.5-coder:14b!
2026-04-04 19:51:19 | INFO | bridge_app | Task 6 [aider]: To reduce the chat context:
2026-04-04 19:51:19 | INFO | bridge_app | Task 6 [aider]: - Use /drop to remove unneeded files from the chat
2026-04-04 19:51:19 | INFO | bridge_app | Task 6 [aider]: - Use /clear to clear the chat history
2026-04-04 19:51:19 | INFO | bridge_app | Task 6 [aider]: - Break your code into smaller files
2026-04-04 19:51:19 | INFO | bridge_app | Task 6 [aider]: It's probably safe to try and send the request, most providers won't charge if 
2026-04-04 19:51:19 | INFO | bridge_app | Task 6 [aider]: the context limit is exceeded.
2026-04-04 19:53:20 | INFO | bridge_app | Task 6 [aider]: Ok, I will keep that in mind. If you need further modifications or have 
2026-04-04 19:53:20 | INFO | bridge_app | Task 6 [aider]: additional files to add, please let me know.
2026-04-04 19:53:20 | INFO | bridge_app | Task 6 [aider]: 
2026-04-04 19:53:20 | INFO | bridge_app | Task 6 [aider]: Tokens: 33k sent, 27 received.
2026-04-04 19:53:20 | WARNING | bridge_app | Task 6: Aider exited 0 but these file(s) are unchanged: uploadService.js
2026-04-04 19:53:20 | WARNING | bridge_app | Task 6: Aider exited with code 0
2026-04-04 19:53:22 | INFO | bridge_app | Manual supervisor review requested: C:\Users\winss\Documents\Projects\shorts-uploader-engine\bridge_progress\manual_supervisor\requests\task_0006_request.json
2026-04-04 19:53:22 | INFO | bridge_app | Waiting for manual supervisor decision: C:\Users\winss\Documents\Projects\shorts-uploader-engine\bridge_progress\manual_supervisor\decisions\task_0006_decision.json
2026-04-04 19:53:30 | WARNING | bridge_app | Task 6: manual supervisor requested rework (attempt 1): Make the required changes to app/electron/services/uploadService.js to refactor upload command building to consume advanced operator inputs from the renderer instead of relying on minimal hardcoded defaults.
2026-04-04 19:53:32 | INFO | bridge_app | Task 6 — attempt 2/11 — files: app/electron/services/uploadService.js
2026-04-04 19:53:32 | INFO | bridge_app | Task 6: estimated LLM generation ~98s (timeout=600s, diff format)
2026-04-04 19:53:34 | INFO | bridge_app | Task 6 [aider]: Can't initialize prompt toolkit: No Windows console found. Are you running 
2026-04-04 19:53:34 | INFO | bridge_app | Task 6 [aider]: cmd.exe?
2026-04-04 19:53:38 | INFO | bridge_app | Task 6 [aider]: 
2026-04-04 19:53:38 | INFO | bridge_app | Task 6 [aider]: Aider v0.86.2
2026-04-04 19:53:38 | INFO | bridge_app | Task 6 [aider]: Model: ollama/qwen2.5-coder:14b with diff edit format
2026-04-04 19:53:38 | INFO | bridge_app | Task 6 [aider]: Git repo: .git with 485 files
2026-04-04 19:53:38 | INFO | bridge_app | Task 6 [aider]: Repo-map: using 1024 tokens, manual refresh
2026-04-04 19:53:38 | INFO | bridge_app | Task 6 [aider]: Added app\electron\services\uploadService.js to the chat.
2026-04-04 19:53:38 | INFO | bridge_app | Task 6 [aider]: 
2026-04-04 19:53:38 | INFO | bridge_app | Task 6 [aider]: 
2026-04-04 19:53:38 | INFO | bridge_app | Task 6 [aider]: app\electron\ipc\systemHandlers.js
2026-04-04 19:53:38 | INFO | bridge_app | Task 6 [aider]: 
2026-04-04 19:53:38 | INFO | bridge_app | Task 6 [aider]: app\electron\preload.js
2026-04-04 19:53:38 | INFO | bridge_app | Task 6 [aider]: 
2026-04-04 19:53:38 | INFO | bridge_app | Task 6 [aider]: app\electron\services\pathService.js
2026-04-04 19:53:38 | INFO | bridge_app | Task 6 [aider]: 
2026-04-04 19:53:38 | INFO | bridge_app | Task 6 [aider]: app\useAppStore.js
2026-04-04 20:01:35 | INFO | bridge_app | Bridge starting — repo: C:\Users\winss\Documents\Projects\shorts-uploader-engine
2026-04-04 20:01:35 | INFO | bridge_app | Bridge running in MANUAL-SUPERVISOR mode — review requests will be written to bridge_progress/manual_supervisor/ and the UI proxy thread handles supervisor dispatch.
2026-04-04 20:01:35 | INFO | bridge_app | Git readiness — repo=yes, head=yes, branch=codex/react_electorn_ui, clean=no, staged=0, unstaged=0, untracked=18, next=continue
2026-04-04 20:01:35 | INFO | bridge_app | Added 7 bridge entries to C:\Users\winss\Documents\Projects\shorts-uploader-engine\.gitignore: ['taskJsons/', '.aider.tags.cache.v4/', 'bridge_progress/', 'logs.meta', '.aider.input.history', '.aider.chat.history.md', 'bridge_progress.meta']
2026-04-04 20:01:35 | INFO | bridge_app | Git readiness — repo=yes, head=yes, branch=codex/react_electorn_ui, clean=no, staged=0, unstaged=1, untracked=18, next=continue
2026-04-04 20:01:35 | INFO | bridge_app | Pre-flight checks passed.
2026-04-04 20:01:35 | INFO | bridge_app | Rollback point: 36c7ccc8f1e5822792bdedea2fdbb45f11e7f79f
2026-04-04 20:01:35 | INFO | bridge_app | If this run fails, undo all changes with:  git reset --hard 36c7ccc8f1e5822792bdedea2fdbb45f11e7f79f
2026-04-04 20:01:35 | INFO | bridge_app | Project type (from saved knowledge): script-driven media upload automation with Electron desktop UI
2026-04-04 20:01:36 | INFO | bridge_app | Project understanding ready: 8 docs, 16 files, confirmed=True
2026-04-04 20:01:36 | INFO | bridge_app | Project knowledge loaded: 16 files registered, 3 features done
2026-04-04 20:01:38 | INFO | bridge_app | Validator: project type set from knowledge: 'script-driven media upload automation with Electron desktop UI' → 'unknown'
2026-04-04 20:01:38 | INFO | bridge_app | Loaded 42 task(s) from plan file
2026-04-04 20:01:38 | INFO | bridge_app | Running Aider connection test…
2026-04-04 20:01:38 | INFO | bridge_app | Task 0: estimated LLM generation ~60s (timeout=600s, diff format)
2026-04-04 20:01:41 | INFO | bridge_app | Task 0 [aider]: Can't initialize prompt toolkit: No Windows console found. Are you running 
2026-04-04 20:01:41 | INFO | bridge_app | Task 0 [aider]: cmd.exe?
2026-04-04 20:01:46 | INFO | bridge_app | Task 0 [aider]: 
2026-04-04 20:01:46 | INFO | bridge_app | Task 0 [aider]: Aider v0.86.2
2026-04-04 20:01:46 | INFO | bridge_app | Task 0 [aider]: Model: ollama/qwen2.5-coder:14b with diff edit format
2026-04-04 20:01:46 | INFO | bridge_app | Task 0 [aider]: Git repo: .git with 485 files
2026-04-04 20:01:46 | INFO | bridge_app | Task 0 [aider]: Repo-map: using 1024 tokens, manual refresh
2026-04-04 20:01:46 | INFO | bridge_app | Task 0 [aider]: 
2026-04-04 20:05:09 | INFO | bridge_app | Bridge starting — repo: C:\Users\winss\Documents\Projects\shorts-uploader-engine
2026-04-04 20:05:09 | INFO | bridge_app | Bridge running in MANUAL-SUPERVISOR mode — review requests will be written to bridge_progress/manual_supervisor/ and the UI proxy thread handles supervisor dispatch.
2026-04-04 20:05:09 | INFO | bridge_app | Git readiness — repo=yes, head=yes, branch=codex/react_electorn_ui, clean=no, staged=0, unstaged=2, untracked=18, next=continue
2026-04-04 20:05:09 | INFO | bridge_app | Added 7 bridge entries to C:\Users\winss\Documents\Projects\shorts-uploader-engine\.gitignore: ['taskJsons/', '.aider.tags.cache.v4/', 'bridge_progress/', 'logs.meta', '.aider.input.history', '.aider.chat.history.md', 'bridge_progress.meta']
2026-04-04 20:05:10 | INFO | bridge_app | Git readiness — repo=yes, head=yes, branch=codex/react_electorn_ui, clean=no, staged=0, unstaged=2, untracked=18, next=continue
2026-04-04 20:05:10 | INFO | bridge_app | Pre-flight checks passed.
2026-04-04 20:05:10 | INFO | bridge_app | Rollback point: 36c7ccc8f1e5822792bdedea2fdbb45f11e7f79f
2026-04-04 20:05:10 | INFO | bridge_app | If this run fails, undo all changes with:  git reset --hard 36c7ccc8f1e5822792bdedea2fdbb45f11e7f79f
2026-04-04 20:05:10 | INFO | bridge_app | Project type (from saved knowledge): script-driven media upload automation with Electron desktop UI
2026-04-04 20:05:10 | INFO | bridge_app | Project understanding ready: 8 docs, 16 files, confirmed=True
2026-04-04 20:05:10 | INFO | bridge_app | Project knowledge loaded: 16 files registered, 3 features done
2026-04-04 20:05:12 | INFO | bridge_app | Validator: project type set from knowledge: 'script-driven media upload automation with Electron desktop UI' → 'unknown'
2026-04-04 20:05:12 | INFO | bridge_app | Loaded 42 task(s) from plan file
2026-04-04 20:05:12 | INFO | bridge_app | Running Aider connection test…
2026-04-04 20:05:12 | INFO | bridge_app | Task 0: estimated LLM generation ~60s (timeout=600s, diff format)
2026-04-04 20:05:14 | INFO | bridge_app | Task 0 [aider]: Can't initialize prompt toolkit: No Windows console found. Are you running 
2026-04-04 20:05:14 | INFO | bridge_app | Task 0 [aider]: cmd.exe?
2026-04-04 20:05:19 | INFO | bridge_app | Task 0 [aider]: 
2026-04-04 20:05:19 | INFO | bridge_app | Task 0 [aider]: Aider v0.86.2
2026-04-04 20:05:19 | INFO | bridge_app | Task 0 [aider]: Model: ollama/qwen2.5-coder:14b with diff edit format
2026-04-04 20:05:19 | INFO | bridge_app | Task 0 [aider]: Git repo: .git with 485 files
2026-04-04 20:05:19 | INFO | bridge_app | Task 0 [aider]: Repo-map: using 1024 tokens, manual refresh
2026-04-04 20:05:19 | INFO | bridge_app | Task 0 [aider]: 
2026-04-04 20:05:49 | INFO | bridge_app | Bridge starting — repo: C:\Users\winss\Documents\Projects\shorts-uploader-engine
2026-04-04 20:05:49 | INFO | bridge_app | Bridge running in MANUAL-SUPERVISOR mode — review requests will be written to bridge_progress/manual_supervisor/ and the UI proxy thread handles supervisor dispatch.
2026-04-04 20:05:49 | INFO | bridge_app | Git readiness — repo=yes, head=yes, branch=codex/react_electorn_ui, clean=no, staged=0, unstaged=2, untracked=18, next=continue
2026-04-04 20:05:49 | INFO | bridge_app | Added 7 bridge entries to C:\Users\winss\Documents\Projects\shorts-uploader-engine\.gitignore: ['taskJsons/', '.aider.tags.cache.v4/', 'bridge_progress/', 'logs.meta', '.aider.input.history', '.aider.chat.history.md', 'bridge_progress.meta']
2026-04-04 20:05:49 | INFO | bridge_app | Git readiness — repo=yes, head=yes, branch=codex/react_electorn_ui, clean=no, staged=0, unstaged=2, untracked=18, next=continue
2026-04-04 20:05:49 | INFO | bridge_app | Pre-flight checks passed.
2026-04-04 20:05:49 | INFO | bridge_app | Rollback point: 36c7ccc8f1e5822792bdedea2fdbb45f11e7f79f
2026-04-04 20:05:49 | INFO | bridge_app | If this run fails, undo all changes with:  git reset --hard 36c7ccc8f1e5822792bdedea2fdbb45f11e7f79f
2026-04-04 20:05:49 | INFO | bridge_app | Project type (from saved knowledge): script-driven media upload automation with Electron desktop UI
2026-04-04 20:05:49 | INFO | bridge_app | Project understanding ready: 8 docs, 16 files, confirmed=True
2026-04-04 20:05:49 | INFO | bridge_app | Project knowledge loaded: 16 files registered, 3 features done
2026-04-04 20:05:51 | INFO | bridge_app | Validator: project type set from knowledge: 'script-driven media upload automation with Electron desktop UI' → 'unknown'
2026-04-04 20:05:51 | INFO | bridge_app | Loaded 42 task(s) from plan file
2026-04-04 20:05:51 | INFO | bridge_app | Running Aider connection test…
2026-04-04 20:05:51 | INFO | bridge_app | Task 0: estimated LLM generation ~60s (timeout=600s, diff format)
2026-04-04 20:05:53 | INFO | bridge_app | Task 0 [aider]: Can't initialize prompt toolkit: No Windows console found. Are you running 
2026-04-04 20:05:53 | INFO | bridge_app | Task 0 [aider]: cmd.exe?
2026-04-04 20:05:57 | INFO | bridge_app | Task 0 [aider]: 
2026-04-04 20:05:57 | INFO | bridge_app | Task 0 [aider]: Aider v0.86.2
2026-04-04 20:05:57 | INFO | bridge_app | Task 0 [aider]: Model: ollama/qwen2.5-coder:14b with diff edit format
2026-04-04 20:05:57 | INFO | bridge_app | Task 0 [aider]: Git repo: .git with 485 files
2026-04-04 20:05:57 | INFO | bridge_app | Task 0 [aider]: Repo-map: using 1024 tokens, manual refresh
2026-04-04 20:05:57 | INFO | bridge_app | Task 0 [aider]: 
2026-04-04 20:06:08 | INFO | bridge_app | Task 0 [aider]: OK.
2026-04-04 20:06:08 | INFO | bridge_app | Task 0 [aider]: 
2026-04-04 20:06:08 | INFO | bridge_app | Task 0 [aider]: Tokens: 4.5k sent, 3 received.
2026-04-04 20:06:09 | WARNING | bridge_app | Task 0: model edited 2 out-of-scope file(s) — reverting: .gitignore, bridge_progress/project_knowledge.json
2026-04-04 20:06:09 | INFO | bridge_app | Aider connection test passed ✓
2026-04-04 20:06:09 | INFO | bridge_app | Task 2: skipping — already completed (checkpoint)
2026-04-04 20:06:09 | INFO | bridge_app | Task 3: skipping — already completed (checkpoint)
2026-04-04 20:06:09 | INFO | bridge_app | Task 4: skipping — already completed (checkpoint)
2026-04-04 20:06:09 | INFO | bridge_app | Task 5: skipping — already completed (checkpoint)
2026-04-04 20:06:10 | INFO | bridge_app | Task 6 — attempt 1/11 — files: app/electron/services/uploadService.js
2026-04-04 20:06:10 | INFO | bridge_app | Task 6: estimated LLM generation ~98s (timeout=600s, diff format)
2026-04-04 20:06:12 | INFO | bridge_app | Task 6 [aider]: Can't initialize prompt toolkit: No Windows console found. Are you running 
2026-04-04 20:06:12 | INFO | bridge_app | Task 6 [aider]: cmd.exe?
2026-04-04 20:06:16 | INFO | bridge_app | Task 6 [aider]: 
2026-04-04 20:06:16 | INFO | bridge_app | Task 6 [aider]: Aider v0.86.2
2026-04-04 20:06:16 | INFO | bridge_app | Task 6 [aider]: Model: ollama/qwen2.5-coder:14b with diff edit format
2026-04-04 20:06:16 | INFO | bridge_app | Task 6 [aider]: Git repo: .git with 485 files
2026-04-04 20:06:16 | INFO | bridge_app | Task 6 [aider]: Repo-map: using 1024 tokens, manual refresh
2026-04-04 20:06:16 | INFO | bridge_app | Task 6 [aider]: Added app\electron\services\uploadService.js to the chat.
2026-04-04 20:06:16 | INFO | bridge_app | Task 6 [aider]: 
2026-04-04 20:06:16 | INFO | bridge_app | Task 6 [aider]: 
2026-04-04 20:06:16 | INFO | bridge_app | Task 6 [aider]: app\electron\ipc\systemHandlers.js
2026-04-04 20:06:16 | INFO | bridge_app | Task 6 [aider]: 
2026-04-04 20:06:16 | INFO | bridge_app | Task 6 [aider]: app\electron\services\pathService.js
2026-04-04 20:06:16 | INFO | bridge_app | Task 6 [aider]: 
2026-04-04 20:06:16 | INFO | bridge_app | Task 6 [aider]: app\useAppStore.js
2026-04-04 20:10:49 | INFO | bridge_app | Task 6 [aider]: To refactor the upload command building so that it consumes advanced operator 
2026-04-04 20:10:49 | INFO | bridge_app | Task 6 [aider]: inputs from the renderer instead of relying on minimal hardcoded defaults, we 
2026-04-04 20:10:49 | INFO | bridge_app | Task 6 [aider]: need to modify `app\electron\services\uploadService.js`.
2026-04-04 20:10:49 | INFO | bridge_app | Task 6 [aider]: 
2026-04-04 20:10:49 | INFO | bridge_app | Task 6 [aider]: Here are the *SEARCH/REPLACE* blocks:
2026-04-04 20:10:49 | INFO | bridge_app | Task 6 [aider]: 
2026-04-04 20:10:49 | INFO | bridge_app | Task 6 [aider]: C:\Users\winss\Documents\Projects\shorts-uploader-engine\app\electron\services\
2026-04-04 20:10:49 | INFO | bridge_app | Task 6 [aider]: uploadService.js
2026-04-04 20:10:49 | INFO | bridge_app | Task 6 [aider]: ```javascript
2026-04-04 20:10:49 | INFO | bridge_app | Task 6 [aider]: <<<<<<< SEARCH
2026-04-04 20:10:49 | INFO | bridge_app | Task 6 [aider]: function buildUploadCommand(payload)
2026-04-04 20:10:49 | INFO | bridge_app | Task 6 [aider]: {
2026-04-04 20:10:49 | INFO | bridge_app | Task 6 [aider]:     const platforms = payload.platforms || {};
2026-04-04 20:10:49 | INFO | bridge_app | Task 6 [aider]:     const options = payload.options || {};
2026-04-04 20:10:49 | INFO | bridge_app | Task 6 [aider]:     const youtubeEnabled = Boolean(platforms.youtube);
2026-04-04 20:10:49 | INFO | bridge_app | Task 6 [aider]:     const instagramEnabled = Boolean(platforms.instagram);
2026-04-04 20:10:49 | INFO | bridge_app | Task 6 [aider]:     const facebookEnabled = Boolean(platforms.facebook);
2026-04-04 20:10:49 | INFO | bridge_app | Task 6 [aider]:     const selectedMetaPlatform = instagramEnabled && facebookEnabled ? "both" :
2026-04-04 20:10:49 | INFO | bridge_app | Task 6 [aider]: instagramEnabled ? "instagram" : "facebook";
2026-04-04 20:10:49 | INFO | bridge_app | Task 6 [aider]: 
2026-04-04 20:10:49 | INFO | bridge_app | Task 6 [aider]:     if (!youtubeEnabled && !instagramEnabled && !facebookEnabled)
2026-04-04 20:10:49 | INFO | bridge_app | Task 6 [aider]:     {
2026-04-04 20:10:49 | INFO | bridge_app | Task 6 [aider]:         throw new Error("Select at least one platform before starting an 
2026-04-04 20:10:49 | INFO | bridge_app | Task 6 [aider]: upload.");
2026-04-04 20:10:49 | INFO | bridge_app | Task 6 [aider]:     }
2026-04-04 20:10:49 | INFO | bridge_app | Task 6 [aider]: 
2026-04-04 20:10:49 | INFO | bridge_app | Task 6 [aider]:     if (!youtubeEnabled && (instagramEnabled || facebookEnabled))
2026-04-04 20:10:49 | INFO | bridge_app | Task 6 [aider]:     {
2026-04-04 20:10:49 | INFO | bridge_app | Task 6 [aider]:         return {
2026-04-04 20:10:49 | INFO | bridge_app | Task 6 [aider]:             scriptName: "metaBatchReelsUpload.py",
2026-04-04 20:10:49 | INFO | bridge_app | Task 6 [aider]:             platformLabel: selectedMetaPlatform,
2026-04-04 20:10:49 | INFO | bridge_app | Task 6 [aider]:             scriptArgs: [
2026-04-04 20:10:49 | INFO | bridge_app | Task 6 [aider]:                 "--platform",
2026-04-04 20:10:49 | INFO | bridge_app | Task 6 [aider]:                 selectedMetaPlatform,
2026-04-04 20:10:49 | INFO | bridge_app | Task 6 [aider]:                 "--max-videos",
2026-04-04 20:10:49 | INFO | bridge_app | Task 6 [aider]:                 "1"
2026-04-04 20:10:49 | INFO | bridge_app | Task 6 [aider]:             ]
2026-04-04 20:10:49 | INFO | bridge_app | Task 6 [aider]:         };
2026-04-04 20:10:49 | INFO | bridge_app | Task 6 [aider]:     }
2026-04-04 20:10:49 | INFO | bridge_app | Task 6 [aider]: 
2026-04-04 20:10:49 | INFO | bridge_app | Task 6 [aider]:     const args = [
2026-04-04 20:10:49 | INFO | bridge_app | Task 6 [aider]:         "--upload-platform",
2026-04-04 20:10:49 | INFO | bridge_app | Task 6 [aider]:         "youtube",
2026-04-04 20:10:49 | INFO | bridge_app | Task 6 [aider]:         "--max-videos",
2026-04-04 20:10:49 | INFO | bridge_app | Task 6 [aider]:         "1",
2026-04-04 20:10:49 | INFO | bridge_app | Task 6 [aider]:         "--allow-fallback"
2026-04-04 20:10:49 | INFO | bridge_app | Task 6 [aider]:     ];
2026-04-04 20:10:49 | INFO | bridge_app | Task 6 [aider]: 
2026-04-04 20:10:49 | INFO | bridge_app | Task 6 [aider]:     if (options.includeShorts)
2026-04-04 20:10:49 | INFO | bridge_app | Task 6 [aider]:     {
2026-04-04 20:10:49 | INFO | bridge_app | Task 6 [aider]:         args.push("--shorts-policy", "convert");
2026-04-04 20:10:49 | INFO | bridge_app | Task 6 [aider]:     }
2026-04-04 20:10:49 | INFO | bridge_app | Task 6 [aider]:     else
2026-04-04 20:10:49 | INFO | bridge_app | Task 6 [aider]:     {
2026-04-04 20:10:49 | INFO | bridge_app | Task 6 [aider]:         args.push("--shorts-policy", "off");
2026-04-04 20:10:49 | INFO | bridge_app | Task 6 [aider]:     }
2026-04-04 20:10:49 | INFO | bridge_app | Task 6 [aider]: 
2026-04-04 20:10:49 | INFO | bridge_app | Task 6 [aider]:     if (!options.includeMetadata)
2026-04-04 20:10:49 | INFO | bridge_app | Task 6 [aider]:     {
2026-04-04 20:10:49 | INFO | bridge_app | Task 6 [aider]:         args.push("--no-ai");
2026-04-04 20:10:49 | INFO | bridge_app | Task 6 [aider]:     }
2026-04-04 20:10:49 | INFO | bridge_app | Task 6 [aider]: 
2026-04-04 20:10:49 | INFO | bridge_app | Task 6 [aider]:     if (!options.includeMusic)
2026-04-04 20:10:49 | INFO | bridge_app | Task 6 [aider]:     {
2026-04-04 20:10:49 | INFO | bridge_app | Task 6 [aider]:         args.push("--music-dir=");
2026-04-04 20:10:49 | INFO | bridge_app | Task 6 [aider]:     }
2026-04-04 20:10:49 | INFO | bridge_app | Task 6 [aider]: 
2026-04-04 20:10:49 | INFO | bridge_app | Task 6 [aider]:     if (instagramEnabled || facebookEnabled)
2026-04-04 20:10:49 | INFO | bridge_app | Task 6 [aider]:     {
2026-04-04 20:10:49 | INFO | bridge_app | Task 6 [aider]:         args.push("--crosspost-meta");
2026-04-04 20:10:49 | INFO | bridge_app | Task 6 [aider]:         args.push("--meta-platform", selectedMetaPlatform);
2026-04-04 20:10:49 | INFO | bridge_app | Task 6 [aider]:     }
2026-04-04 20:10:49 | INFO | bridge_app | Task 6 [aider]: 
2026-04-04 20:10:49 | INFO | bridge_app | Task 6 [aider]:     return {
2026-04-04 20:10:49 | INFO | bridge_app | Task 6 [aider]:         scriptName: "youtubeBatchUpload.py",
2026-04-04 20:10:49 | INFO | bridge_app | Task 6 [aider]:         platformLabel: instagramEnabled || facebookEnabled ? "youtube+" + 
2026-04-04 20:10:49 | INFO | bridge_app | Task 6 [aider]: selectedMetaPlatform : "youtube",
2026-04-04 20:10:49 | INFO | bridge_app | Task 6 [aider]:         scriptArgs: args
2026-04-04 20:10:49 | INFO | bridge_app | Task 6 [aider]:     };
2026-04-04 20:10:49 | INFO | bridge_app | Task 6 [aider]: }
2026-04-04 20:10:49 | INFO | bridge_app | Task 6 [aider]: =======
2026-04-04 20:10:49 | INFO | bridge_app | Task 6 [aider]: function buildUploadCommand(payload)
2026-04-04 20:10:49 | INFO | bridge_app | Task 6 [aider]: {
2026-04-04 20:10:49 | INFO | bridge_app | Task 6 [aider]:     const platforms = payload.platforms || {};
2026-04-04 20:10:49 | INFO | bridge_app | Task 6 [aider]:     const options = payload.options || {};
2026-04-04 20:10:49 | INFO | bridge_app | Task 6 [aider]:     const advancedOptions = payload.advancedOptions || {}; // New line to 
2026-04-04 20:10:49 | INFO | bridge_app | Task 6 [aider]: consume advanced options
2026-04-04 20:10:49 | INFO | bridge_app | Task 6 [aider]: 
2026-04-04 20:10:49 | INFO | bridge_app | Task 6 [aider]:     const youtubeEnabled = Boolean(platforms.youtube);
2026-04-04 20:10:49 | INFO | bridge_app | Task 6 [aider]:     const instagramEnabled = Boolean(platforms.instagram);
2026-04-04 20:10:49 | INFO | bridge_app | Task 6 [aider]:     const facebookEnabled = Boolean(platforms.facebook);
2026-04-04 20:10:49 | INFO | bridge_app | Task 6 [aider]:     const selectedMetaPlatform = instagramEnabled && facebookEnabled ? "both" :
2026-04-04 20:10:49 | INFO | bridge_app | Task 6 [aider]: instagramEnabled ? "instagram" : "facebook";
2026-04-04 20:10:49 | INFO | bridge_app | Task 6 [aider]: 
2026-04-04 20:10:49 | INFO | bridge_app | Task 6 [aider]:     if (!youtubeEnabled && !instagramEnabled && !facebookEnabled)
2026-04-04 20:10:49 | INFO | bridge_app | Task 6 [aider]:     {
2026-04-04 20:10:49 | INFO | bridge_app | Task 6 [aider]:         throw new Error("Select at least one platform before starting an 
2026-04-04 20:10:49 | INFO | bridge_app | Task 6 [aider]: upload.");
2026-04-04 20:10:49 | INFO | bridge_app | Task 6 [aider]:     }
2026-04-04 20:10:49 | INFO | bridge_app | Task 6 [aider]: 
2026-04-04 20:10:49 | INFO | bridge_app | Task 6 [aider]:     if (!youtubeEnabled && (instagramEnabled || facebookEnabled))
2026-04-04 20:10:49 | INFO | bridge_app | Task 6 [aider]:     {
2026-04-04 20:10:49 | INFO | bridge_app | Task 6 [aider]:         return {
2026-04-04 20:10:49 | INFO | bridge_app | Task 6 [aider]:             scriptName: "metaBatchReelsUpload.py",
2026-04-04 20:10:49 | INFO | bridge_app | Task 6 [aider]:             platformLabel: selectedMetaPlatform,
2026-04-04 20:10:49 | INFO | bridge_app | Task 6 [aider]:             scriptArgs: [
2026-04-04 20:10:49 | INFO | bridge_app | Task 6 [aider]:                 "--platform",
2026-04-04 20:10:49 | INFO | bridge_app | Task 6 [aider]:                 selectedMetaPlatform,
2026-04-04 20:10:49 | INFO | bridge_app | Task 6 [aider]:                 "--max-videos",
2026-04-04 20:10:49 | INFO | bridge_app | Task 6 [aider]:                 advancedOptions.maxVideos || "1", // Use advanced options
2026-04-04 20:10:49 | INFO | bridge_app | Task 6 [aider]:                 ...(advancedOptions.includeShorts ? ["--shorts-policy", 
2026-04-04 20:10:49 | INFO | bridge_app | Task 6 [aider]: "convert"] : []),
2026-04-04 20:10:49 | INFO | bridge_app | Task 6 [aider]:                 ...(advancedOptions.includeMetadata ? [] : ["--no-ai"]),
2026-04-04 20:10:49 | INFO | bridge_app | Task 6 [aider]:                 ...(advancedOptions.includeMusic ? [] : ["--music-dir="]),
2026-04-04 20:10:49 | INFO | bridge_app | Task 6 [aider]:                 ...(instagramEnabled || facebookEnabled ? ["--crosspost-meta", 
2026-04-04 20:10:49 | INFO | bridge_app | Task 6 [aider]: "--meta-platform", selectedMetaPlatform] : [])
2026-04-04 20:10:49 | INFO | bridge_app | Task 6 [aider]:             ]
2026-04-04 20:10:49 | INFO | bridge_app | Task 6 [aider]:         };
2026-04-04 20:10:49 | INFO | bridge_app | Task 6 [aider]:     }
2026-04-04 20:10:49 | INFO | bridge_app | Task 6 [aider]: 
2026-04-04 20:10:49 | INFO | bridge_app | Task 6 [aider]:     const args = [
2026-04-04 20:10:49 | INFO | bridge_app | Task 6 [aider]:         "--upload-platform",
2026-04-04 20:10:49 | INFO | bridge_app | Task 6 [aider]:         "youtube",
2026-04-04 20:10:49 | INFO | bridge_app | Task 6 [aider]:         "--max-videos",
2026-04-04 20:10:49 | INFO | bridge_app | Task 6 [aider]:         advancedOptions.maxVideos || "1", // Use advanced options
2026-04-04 20:10:49 | INFO | bridge_app | Task 6 [aider]:         "--allow-fallback"
2026-04-04 20:10:49 | INFO | bridge_app | Task 6 [aider]:     ];
2026-04-04 20:10:49 | INFO | bridge_app | Task 6 [aider]: 
2026-04-04 20:10:49 | INFO | bridge_app | Task 6 [aider]:     if (options.includeShorts)
2026-04-04 20:10:49 | INFO | bridge_app | Task 6 [aider]:     {
2026-04-04 20:10:49 | INFO | bridge_app | Task 6 [aider]:         args.push("--shorts-policy", "convert");
2026-04-04 20:10:49 | INFO | bridge_app | Task 6 [aider]:     }
2026-04-04 20:10:49 | INFO | bridge_app | Task 6 [aider]:     else
2026-04-04 20:10:49 | INFO | bridge_app | Task 6 [aider]:     {
2026-04-04 20:10:49 | INFO | bridge_app | Task 6 [aider]:         args.push("--shorts-policy", "off");
2026-04-04 20:10:49 | INFO | bridge_app | Task 6 [aider]:     }
2026-04-04 20:10:49 | INFO | bridge_app | Task 6 [aider]: 
2026-04-04 20:10:49 | INFO | bridge_app | Task 6 [aider]:     if (!options.includeMetadata)
2026-04-04 20:10:49 | INFO | bridge_app | Task 6 [aider]:     {
2026-04-04 20:10:49 | INFO | bridge_app | Task 6 [aider]:         args.push("--no-ai");
2026-04-04 20:10:49 | INFO | bridge_app | Task 6 [aider]:     }
2026-04-04 20:10:49 | INFO | bridge_app | Task 6 [aider]: 
2026-04-04 20:10:49 | INFO | bridge_app | Task 6 [aider]:     if (!options.includeMusic)
2026-04-04 20:10:49 | INFO | bridge_app | Task 6 [aider]:     {
2026-04-04 20:10:49 | INFO | bridge_app | Task 6 [aider]:         args.push("--music-dir=");
2026-04-04 20:10:49 | INFO | bridge_app | Task 6 [aider]:     }
2026-04-04 20:10:49 | INFO | bridge_app | Task 6 [aider]: 
2026-04-04 20:10:49 | INFO | bridge_app | Task 6 [aider]:     if (instagramEnabled || facebookEnabled)
2026-04-04 20:10:49 | INFO | bridge_app | Task 6 [aider]:     {
2026-04-04 20:10:49 | INFO | bridge_app | Task 6 [aider]:         args.push("--crosspost-meta");
2026-04-04 20:10:49 | INFO | bridge_app | Task 6 [aider]:         args.push("--meta-platform", selectedMetaPlatform);
2026-04-04 20:10:49 | INFO | bridge_app | Task 6 [aider]:     }
2026-04-04 20:10:49 | INFO | bridge_app | Task 6 [aider]: 
2026-04-04 20:10:49 | INFO | bridge_app | Task 6 [aider]:     return {
2026-04-04 20:10:49 | INFO | bridge_app | Task 6 [aider]:         scriptName: "youtubeBatchUpload.py",
2026-04-04 20:10:49 | INFO | bridge_app | Task 6 [aider]:         platformLabel: instagramEnabled || facebookEnabled ? "youtube+" + 
2026-04-04 20:10:49 | INFO | bridge_app | Task 6 [aider]: selectedMetaPlatform : "youtube",
2026-04-04 20:10:49 | INFO | bridge_app | Task 6 [aider]:         scriptArgs: args
2026-04-04 20:10:49 | INFO | bridge_app | Task 6 [aider]:     };
2026-04-04 20:10:49 | INFO | bridge_app | Task 6 [aider]: }
2026-04-04 20:10:49 | INFO | bridge_app | Task 6 [aider]: >>>>>>> REPLACE
2026-04-04 20:10:49 | INFO | bridge_app | Task 6 [aider]: ```
2026-04-04 20:10:49 | INFO | bridge_app | Task 6 [aider]: 
2026-04-04 20:10:49 | INFO | bridge_app | Task 6 [aider]: This change ensures that the `buildUploadCommand` function now consumes 
2026-04-04 20:10:49 | INFO | bridge_app | Task 6 [aider]: advanced operator inputs from the renderer, allowing for more flexible and 
2026-04-04 20:10:49 | INFO | bridge_app | Task 6 [aider]: customizable upload commands.
2026-04-04 20:10:49 | INFO | bridge_app | Task 6 [aider]: 
2026-04-04 20:10:49 | INFO | bridge_app | Task 6 [aider]: Tokens: 7.7k sent, 963 received.
2026-04-04 20:10:49 | INFO | bridge_app | Task 6 [aider]: 
2026-04-04 20:10:49 | INFO | bridge_app | Task 6 [aider]: metaBatchReelsUpload.py
2026-04-04 20:10:49 | INFO | bridge_app | Task 6 [aider]: 
2026-04-04 20:10:49 | INFO | bridge_app | Task 6 [aider]: youtubeBatchUpload.py
2026-04-04 20:10:49 | INFO | bridge_app | Task 6 [aider]: Warning: it's best to only add files that need changes to the chat.
2026-04-04 20:10:49 | INFO | bridge_app | Task 6 [aider]: https://aider.chat/docs/troubleshooting/edit-errors.html
2026-04-04 20:10:49 | INFO | bridge_app | Task 6 [aider]: Your estimated chat context of 33,480 tokens exceeds the 32,768 token limit for
2026-04-04 20:10:49 | INFO | bridge_app | Task 6 [aider]: ollama/qwen2.5-coder:14b!
2026-04-04 20:10:49 | INFO | bridge_app | Task 6 [aider]: To reduce the chat context:
2026-04-04 20:10:49 | INFO | bridge_app | Task 6 [aider]: - Use /drop to remove unneeded files from the chat
2026-04-04 20:10:49 | INFO | bridge_app | Task 6 [aider]: - Use /clear to clear the chat history
2026-04-04 20:10:49 | INFO | bridge_app | Task 6 [aider]: - Break your code into smaller files
2026-04-04 20:10:49 | INFO | bridge_app | Task 6 [aider]: It's probably safe to try and send the request, most providers won't charge if 
2026-04-04 20:10:49 | INFO | bridge_app | Task 6 [aider]: the context limit is exceeded.
2026-04-04 20:12:40 | INFO | bridge_app | Task 6 [aider]: Ok, any changes I propose will be to those files.
2026-04-04 20:12:40 | INFO | bridge_app | Task 6 [aider]: 
2026-04-04 20:12:40 | INFO | bridge_app | Task 6 [aider]: Tokens: 33k sent, 13 received.
2026-04-04 20:12:41 | WARNING | bridge_app | Task 6: Aider exited 0 but these file(s) are unchanged: uploadService.js
2026-04-04 20:12:41 | WARNING | bridge_app | Task 6: Aider exited with code 0
2026-04-04 20:12:42 | INFO | bridge_app | Manual supervisor review requested: C:\Users\winss\Documents\Projects\shorts-uploader-engine\bridge_progress\manual_supervisor\requests\task_0006_request.json
2026-04-04 20:12:42 | INFO | bridge_app | Waiting for manual supervisor decision: C:\Users\winss\Documents\Projects\shorts-uploader-engine\bridge_progress\manual_supervisor\decisions\task_0006_decision.json
2026-04-04 20:12:48 | WARNING | bridge_app | Task 6: manual supervisor requested rework (attempt 1): Implement the upload command refactoring in app/electron/services/uploadService.js to consume advanced operator inputs passed from the renderer instead of using hardcoded defaults.
2026-04-04 20:12:51 | INFO | bridge_app | Task 6 — attempt 2/11 — files: app/electron/services/uploadService.js
2026-04-04 20:12:51 | INFO | bridge_app | Task 6: estimated LLM generation ~98s (timeout=600s, diff format)
2026-04-04 20:12:53 | INFO | bridge_app | Task 6 [aider]: Can't initialize prompt toolkit: No Windows console found. Are you running 
2026-04-04 20:12:53 | INFO | bridge_app | Task 6 [aider]: cmd.exe?
2026-04-04 20:12:56 | INFO | bridge_app | Task 6 [aider]: 
2026-04-04 20:12:56 | INFO | bridge_app | Task 6 [aider]: Aider v0.86.2
2026-04-04 20:12:56 | INFO | bridge_app | Task 6 [aider]: Model: ollama/qwen2.5-coder:14b with diff edit format
2026-04-04 20:12:56 | INFO | bridge_app | Task 6 [aider]: Git repo: .git with 485 files
2026-04-04 20:12:56 | INFO | bridge_app | Task 6 [aider]: Repo-map: using 1024 tokens, manual refresh
2026-04-04 20:12:56 | INFO | bridge_app | Task 6 [aider]: Added app\electron\services\uploadService.js to the chat.
2026-04-04 20:12:56 | INFO | bridge_app | Task 6 [aider]: 
2026-04-04 20:12:56 | INFO | bridge_app | Task 6 [aider]: 
2026-04-04 20:12:56 | INFO | bridge_app | Task 6 [aider]: app\electron\ipc\systemHandlers.js
2026-04-04 20:12:56 | INFO | bridge_app | Task 6 [aider]: 
2026-04-04 20:12:56 | INFO | bridge_app | Task 6 [aider]: app\electron\services\pathService.js
2026-04-04 20:12:56 | INFO | bridge_app | Task 6 [aider]: 
2026-04-04 20:12:56 | INFO | bridge_app | Task 6 [aider]: app\useAppStore.js
2026-04-04 20:18:09 | INFO | bridge_app | Task 6 [aider]: To implement the upload command refactoring in 
2026-04-04 20:18:09 | INFO | bridge_app | Task 6 [aider]: `app/electron/services/uploadService.js` to consume advanced operator inputs 
2026-04-04 20:18:09 | INFO | bridge_app | Task 6 [aider]: passed from the renderer instead of using hardcoded defaults, we need to modify
2026-04-04 20:18:09 | INFO | bridge_app | Task 6 [aider]: the `buildUploadCommand` function to accept additional parameters and use them.
2026-04-04 20:18:09 | INFO | bridge_app | Task 6 [aider]: 
2026-04-04 20:18:09 | INFO | bridge_app | Task 6 [aider]: Here are the *SEARCH/REPLACE* blocks:
2026-04-04 20:18:09 | INFO | bridge_app | Task 6 [aider]: 
2026-04-04 20:18:09 | INFO | bridge_app | Task 6 [aider]: C:\Users\winss\Documents\Projects\shorts-uploader-engine\app\electron\services\
2026-04-04 20:18:09 | INFO | bridge_app | Task 6 [aider]: uploadService.js
2026-04-04 20:18:09 | INFO | bridge_app | Task 6 [aider]: ```javascript
2026-04-04 20:18:09 | INFO | bridge_app | Task 6 [aider]: <<<<<<< SEARCH
2026-04-04 20:18:09 | INFO | bridge_app | Task 6 [aider]: function buildUploadCommand(payload)
2026-04-04 20:18:09 | INFO | bridge_app | Task 6 [aider]: {
2026-04-04 20:18:09 | INFO | bridge_app | Task 6 [aider]:     const platforms = payload.platforms || {};
2026-04-04 20:18:09 | INFO | bridge_app | Task 6 [aider]:     const options = payload.options || {};
2026-04-04 20:18:09 | INFO | bridge_app | Task 6 [aider]:     const youtubeEnabled = Boolean(platforms.youtube);
2026-04-04 20:18:09 | INFO | bridge_app | Task 6 [aider]:     const instagramEnabled = Boolean(platforms.instagram);
2026-04-04 20:18:09 | INFO | bridge_app | Task 6 [aider]:     const facebookEnabled = Boolean(platforms.facebook);
2026-04-04 20:18:09 | INFO | bridge_app | Task 6 [aider]:     const selectedMetaPlatform = instagramEnabled && facebookEnabled ? "both" :
2026-04-04 20:18:09 | INFO | bridge_app | Task 6 [aider]: instagramEnabled ? "instagram" : "facebook";
2026-04-04 20:18:09 | INFO | bridge_app | Task 6 [aider]: 
2026-04-04 20:18:09 | INFO | bridge_app | Task 6 [aider]:     if (!youtubeEnabled && !instagramEnabled && !facebookEnabled)
2026-04-04 20:18:09 | INFO | bridge_app | Task 6 [aider]:     {
2026-04-04 20:18:09 | INFO | bridge_app | Task 6 [aider]:         throw new Error("Select at least one platform before starting an 
2026-04-04 20:18:09 | INFO | bridge_app | Task 6 [aider]: upload.");
2026-04-04 20:18:09 | INFO | bridge_app | Task 6 [aider]:     }
2026-04-04 20:18:09 | INFO | bridge_app | Task 6 [aider]: 
2026-04-04 20:18:09 | INFO | bridge_app | Task 6 [aider]:     if (!youtubeEnabled && (instagramEnabled || facebookEnabled))
2026-04-04 20:18:09 | INFO | bridge_app | Task 6 [aider]:     {
2026-04-04 20:18:09 | INFO | bridge_app | Task 6 [aider]:         return {
2026-04-04 20:18:09 | INFO | bridge_app | Task 6 [aider]:             scriptName: "metaBatchReelsUpload.py",
2026-04-04 20:18:09 | INFO | bridge_app | Task 6 [aider]:             platformLabel: selectedMetaPlatform,
2026-04-04 20:18:09 | INFO | bridge_app | Task 6 [aider]:             scriptArgs: [
2026-04-04 20:18:09 | INFO | bridge_app | Task 6 [aider]:                 "--platform",
2026-04-04 20:18:09 | INFO | bridge_app | Task 6 [aider]:                 selectedMetaPlatform,
2026-04-04 20:18:09 | INFO | bridge_app | Task 6 [aider]:                 "--max-videos",
2026-04-04 20:18:09 | INFO | bridge_app | Task 6 [aider]:                 "1"
2026-04-04 20:18:09 | INFO | bridge_app | Task 6 [aider]:             ]
2026-04-04 20:18:09 | INFO | bridge_app | Task 6 [aider]:         };
2026-04-04 20:18:09 | INFO | bridge_app | Task 6 [aider]:     }
2026-04-04 20:18:09 | INFO | bridge_app | Task 6 [aider]: 
2026-04-04 20:18:09 | INFO | bridge_app | Task 6 [aider]:     const args = [
2026-04-04 20:18:09 | INFO | bridge_app | Task 6 [aider]:         "--upload-platform",
2026-04-04 20:18:09 | INFO | bridge_app | Task 6 [aider]:         "youtube",
2026-04-04 20:18:09 | INFO | bridge_app | Task 6 [aider]:         "--max-videos",
2026-04-04 20:18:09 | INFO | bridge_app | Task 6 [aider]:         "1",
2026-04-04 20:18:09 | INFO | bridge_app | Task 6 [aider]:         "--allow-fallback"
2026-04-04 20:18:09 | INFO | bridge_app | Task 6 [aider]:     ];
2026-04-04 20:18:09 | INFO | bridge_app | Task 6 [aider]: 
2026-04-04 20:18:09 | INFO | bridge_app | Task 6 [aider]:     if (options.includeShorts)
2026-04-04 20:18:09 | INFO | bridge_app | Task 6 [aider]:     {
2026-04-04 20:18:09 | INFO | bridge_app | Task 6 [aider]:         args.push("--shorts-policy", "convert");
2026-04-04 20:18:09 | INFO | bridge_app | Task 6 [aider]:     }
2026-04-04 20:18:09 | INFO | bridge_app | Task 6 [aider]:     else
2026-04-04 20:18:09 | INFO | bridge_app | Task 6 [aider]:     {
2026-04-04 20:18:09 | INFO | bridge_app | Task 6 [aider]:         args.push("--shorts-policy", "off");
2026-04-04 20:18:09 | INFO | bridge_app | Task 6 [aider]:     }
2026-04-04 20:18:09 | INFO | bridge_app | Task 6 [aider]: 
2026-04-04 20:18:09 | INFO | bridge_app | Task 6 [aider]:     if (!options.includeMetadata)
2026-04-04 20:18:09 | INFO | bridge_app | Task 6 [aider]:     {
2026-04-04 20:18:09 | INFO | bridge_app | Task 6 [aider]:         args.push("--no-ai");
2026-04-04 20:18:09 | INFO | bridge_app | Task 6 [aider]:     }
2026-04-04 20:18:09 | INFO | bridge_app | Task 6 [aider]: 
2026-04-04 20:18:09 | INFO | bridge_app | Task 6 [aider]:     if (!options.includeMusic)
2026-04-04 20:18:09 | INFO | bridge_app | Task 6 [aider]:     {
2026-04-04 20:18:09 | INFO | bridge_app | Task 6 [aider]:         args.push("--music-dir=");
2026-04-04 20:18:09 | INFO | bridge_app | Task 6 [aider]:     }
2026-04-04 20:18:09 | INFO | bridge_app | Task 6 [aider]: 
2026-04-04 20:18:09 | INFO | bridge_app | Task 6 [aider]:     if (instagramEnabled || facebookEnabled)
2026-04-04 20:18:09 | INFO | bridge_app | Task 6 [aider]:     {
2026-04-04 20:18:09 | INFO | bridge_app | Task 6 [aider]:         args.push("--crosspost-meta");
2026-04-04 20:18:09 | INFO | bridge_app | Task 6 [aider]:         args.push("--meta-platform", selectedMetaPlatform);
2026-04-04 20:18:09 | INFO | bridge_app | Task 6 [aider]:     }
2026-04-04 20:18:09 | INFO | bridge_app | Task 6 [aider]: 
2026-04-04 20:18:09 | INFO | bridge_app | Task 6 [aider]:     return {
2026-04-04 20:18:09 | INFO | bridge_app | Task 6 [aider]:         scriptName: "youtubeBatchUpload.py",
2026-04-04 20:18:09 | INFO | bridge_app | Task 6 [aider]:         platformLabel: instagramEnabled || facebookEnabled ? "youtube+" + 
2026-04-04 20:18:09 | INFO | bridge_app | Task 6 [aider]: selectedMetaPlatform : "youtube",
2026-04-04 20:18:09 | INFO | bridge_app | Task 6 [aider]:         scriptArgs: args
2026-04-04 20:18:09 | INFO | bridge_app | Task 6 [aider]:     };
2026-04-04 20:18:09 | INFO | bridge_app | Task 6 [aider]: }
2026-04-04 20:18:09 | INFO | bridge_app | Task 6 [aider]: =======
2026-04-04 20:18:09 | INFO | bridge_app | Task 6 [aider]: function buildUploadCommand(payload)
2026-04-04 20:18:09 | INFO | bridge_app | Task 6 [aider]: {
2026-04-04 20:18:09 | INFO | bridge_app | Task 6 [aider]:     const platforms = payload.platforms || {};
2026-04-04 20:18:09 | INFO | bridge_app | Task 6 [aider]:     const options = payload.options || {};
2026-04-04 20:18:09 | INFO | bridge_app | Task 6 [aider]:     const advancedOptions = payload.advancedOptions || {}; // New line to 
2026-04-04 20:18:09 | INFO | bridge_app | Task 6 [aider]: include advanced options
2026-04-04 20:18:09 | INFO | bridge_app | Task 6 [aider]: 
2026-04-04 20:18:09 | INFO | bridge_app | Task 6 [aider]:     const youtubeEnabled = Boolean(platforms.youtube);
2026-04-04 20:18:09 | INFO | bridge_app | Task 6 [aider]:     const instagramEnabled = Boolean(platforms.instagram);
2026-04-04 20:18:09 | INFO | bridge_app | Task 6 [aider]:     const facebookEnabled = Boolean(platforms.facebook);
2026-04-04 20:18:09 | INFO | bridge_app | Task 6 [aider]:     const selectedMetaPlatform = instagramEnabled && facebookEnabled ? "both" :
2026-04-04 20:18:09 | INFO | bridge_app | Task 6 [aider]: instagramEnabled ? "instagram" : "facebook";
2026-04-04 20:18:09 | INFO | bridge_app | Task 6 [aider]: 
2026-04-04 20:18:09 | INFO | bridge_app | Task 6 [aider]:     if (!youtubeEnabled && !instagramEnabled && !facebookEnabled)
2026-04-04 20:18:09 | INFO | bridge_app | Task 6 [aider]:     {
2026-04-04 20:18:09 | INFO | bridge_app | Task 6 [aider]:         throw new Error("Select at least one platform before starting an 
2026-04-04 20:18:09 | INFO | bridge_app | Task 6 [aider]: upload.");
2026-04-04 20:18:09 | INFO | bridge_app | Task 6 [aider]:     }
2026-04-04 20:18:09 | INFO | bridge_app | Task 6 [aider]: 
2026-04-04 20:18:09 | INFO | bridge_app | Task 6 [aider]:     if (!youtubeEnabled && (instagramEnabled || facebookEnabled))
2026-04-04 20:18:09 | INFO | bridge_app | Task 6 [aider]:     {
2026-04-04 20:18:09 | INFO | bridge_app | Task 6 [aider]:         return {
2026-04-04 20:18:09 | INFO | bridge_app | Task 6 [aider]:             scriptName: "metaBatchReelsUpload.py",
2026-04-04 20:18:09 | INFO | bridge_app | Task 6 [aider]:             platformLabel: selectedMetaPlatform,
2026-04-04 20:18:09 | INFO | bridge_app | Task 6 [aider]:             scriptArgs: [
2026-04-04 20:18:09 | INFO | bridge_app | Task 6 [aider]:                 "--platform",
2026-04-04 20:18:09 | INFO | bridge_app | Task 6 [aider]:                 selectedMetaPlatform,
2026-04-04 20:18:09 | INFO | bridge_app | Task 6 [aider]:                 "--max-videos",
2026-04-04 20:18:09 | INFO | bridge_app | Task 6 [aider]:                 advancedOptions.maxVideos || "1" // Use advanced options
2026-04-04 20:18:09 | INFO | bridge_app | Task 6 [aider]:             ]
2026-04-04 20:18:09 | INFO | bridge_app | Task 6 [aider]:         };
2026-04-04 20:18:09 | INFO | bridge_app | Task 6 [aider]:     }
2026-04-04 20:18:09 | INFO | bridge_app | Task 6 [aider]: 
2026-04-04 20:18:09 | INFO | bridge_app | Task 6 [aider]:     const args = [
2026-04-04 20:18:09 | INFO | bridge_app | Task 6 [aider]:         "--upload-platform",
2026-04-04 20:18:09 | INFO | bridge_app | Task 6 [aider]:         "youtube",
2026-04-04 20:18:09 | INFO | bridge_app | Task 6 [aider]:         "--max-videos",
2026-04-04 20:18:09 | INFO | bridge_app | Task 6 [aider]:         advancedOptions.maxVideos || "1", // Use advanced options
2026-04-04 20:18:09 | INFO | bridge_app | Task 6 [aider]:         "--allow-fallback"
2026-04-04 20:18:09 | INFO | bridge_app | Task 6 [aider]:     ];
2026-04-04 20:18:09 | INFO | bridge_app | Task 6 [aider]: 
2026-04-04 20:18:09 | INFO | bridge_app | Task 6 [aider]:     if (options.includeShorts)
2026-04-04 20:18:09 | INFO | bridge_app | Task 6 [aider]:     {
2026-04-04 20:18:09 | INFO | bridge_app | Task 6 [aider]:         args.push("--shorts-policy", advancedOptions.shortsPolicy || 
2026-04-04 20:18:09 | INFO | bridge_app | Task 6 [aider]: "convert"); // Use advanced options
2026-04-04 20:18:09 | INFO | bridge_app | Task 6 [aider]:     }
2026-04-04 20:18:09 | INFO | bridge_app | Task 6 [aider]:     else
2026-04-04 20:18:09 | INFO | bridge_app | Task 6 [aider]:     {
2026-04-04 20:18:09 | INFO | bridge_app | Task 6 [aider]:         args.push("--shorts-policy", "off");
2026-04-04 20:18:09 | INFO | bridge_app | Task 6 [aider]:     }
2026-04-04 20:18:09 | INFO | bridge_app | Task 6 [aider]: 
2026-04-04 20:18:09 | INFO | bridge_app | Task 6 [aider]:     if (!options.includeMetadata)
2026-04-04 20:18:09 | INFO | bridge_app | Task 6 [aider]:     {
2026-04-04 20:18:09 | INFO | bridge_app | Task 6 [aider]:         args.push("--no-ai");
2026-04-04 20:18:09 | INFO | bridge_app | Task 6 [aider]:     }
2026-04-04 20:18:09 | INFO | bridge_app | Task 6 [aider]: 
2026-04-04 20:18:09 | INFO | bridge_app | Task 6 [aider]:     if (!options.includeMusic)
2026-04-04 20:18:09 | INFO | bridge_app | Task 6 [aider]:     {
2026-04-04 20:18:09 | INFO | bridge_app | Task 6 [aider]:         args.push("--music-dir=", advancedOptions.musicDir || ""); // Use 
2026-04-04 20:18:09 | INFO | bridge_app | Task 6 [aider]: advanced options
2026-04-04 20:18:09 | INFO | bridge_app | Task 6 [aider]:     }
2026-04-04 20:18:09 | INFO | bridge_app | Task 6 [aider]: 
2026-04-04 20:18:09 | INFO | bridge_app | Task 6 [aider]:     if (instagramEnabled || facebookEnabled)
2026-04-04 20:18:09 | INFO | bridge_app | Task 6 [aider]:     {
2026-04-04 20:18:09 | INFO | bridge_app | Task 6 [aider]:         args.push("--crosspost-meta");
2026-04-04 20:18:09 | INFO | bridge_app | Task 6 [aider]:         args.push("--meta-platform", selectedMetaPlatform);
2026-04-04 20:18:09 | INFO | bridge_app | Task 6 [aider]:     }
2026-04-04 20:18:09 | INFO | bridge_app | Task 6 [aider]: 
2026-04-04 20:18:09 | INFO | bridge_app | Task 6 [aider]:     return {
2026-04-04 20:18:09 | INFO | bridge_app | Task 6 [aider]:         scriptName: "youtubeBatchUpload.py",
2026-04-04 20:18:09 | INFO | bridge_app | Task 6 [aider]:         platformLabel: instagramEnabled || facebookEnabled ? "youtube+" + 
2026-04-04 20:18:09 | INFO | bridge_app | Task 6 [aider]: selectedMetaPlatform : "youtube",
2026-04-04 20:18:09 | INFO | bridge_app | Task 6 [aider]:         scriptArgs: args
2026-04-04 20:18:09 | INFO | bridge_app | Task 6 [aider]:     };
2026-04-04 20:18:09 | INFO | bridge_app | Task 6 [aider]: }
2026-04-04 20:18:09 | INFO | bridge_app | Task 6 [aider]: >>>>>>> REPLACE
2026-04-04 20:18:09 | INFO | bridge_app | Task 6 [aider]: ```
2026-04-04 20:18:09 | INFO | bridge_app | Task 6 [aider]: 
2026-04-04 20:18:09 | INFO | bridge_app | Task 6 [aider]: C:\Users\winss\Documents\Projects\shorts-uploader-engine\app\electron\services\
2026-04-04 20:18:09 | INFO | bridge_app | Task 6 [aider]: uploadService.js
2026-04-04 20:18:09 | INFO | bridge_app | Task 6 [aider]: ```javascript
2026-04-04 20:18:09 | INFO | bridge_app | Task 6 [aider]: <<<<<<< SEARCH
2026-04-04 20:18:09 | INFO | bridge_app | Task 6 [aider]: const response = await window.api.runUpload({
2026-04-04 20:18:09 | INFO | bridge_app | Task 6 [aider]:     platforms: state.uploadPlatforms,
2026-04-04 20:18:09 | INFO | bridge_app | Task 6 [aider]:     options: state.uploadOptions,
2026-04-04 20:18:09 | INFO | bridge_app | Task 6 [aider]:     metadata: state.metadata
2026-04-04 20:18:09 | INFO | bridge_app | Task 6 [aider]: });
2026-04-04 20:18:09 | INFO | bridge_app | Task 6 [aider]: =======
2026-04-04 20:18:09 | INFO | bridge_app | Task 6 [aider]: const response = await window.api.runUpload({
2026-04-04 20:18:09 | INFO | bridge_app | Task 6 [aider]:     platforms: state.uploadPlatforms,
2026-04-04 20:18:09 | INFO | bridge_app | Task 6 [aider]:     options: state.uploadOptions,
2026-04-04 20:18:09 | INFO | bridge_app | Task 6 [aider]:     advancedOptions: state.advancedUploadSettings, // Include advanced options
2026-04-04 20:18:09 | INFO | bridge_app | Task 6 [aider]:     metadata: state.metadata
2026-04-04 20:18:09 | INFO | bridge_app | Task 6 [aider]: });
2026-04-04 20:18:09 | INFO | bridge_app | Task 6 [aider]: >>>>>>> REPLACE
2026-04-04 20:18:09 | INFO | bridge_app | Task 6 [aider]: ```
2026-04-04 20:18:09 | INFO | bridge_app | Task 6 [aider]: 
2026-04-04 20:18:09 | INFO | bridge_app | Task 6 [aider]: Tokens: 7.7k sent, 1.0k received.
2026-04-04 20:18:09 | INFO | bridge_app | Task 6 [aider]: 
2026-04-04 20:18:09 | INFO | bridge_app | Task 6 [aider]: metaBatchReelsUpload.py
2026-04-04 20:18:09 | INFO | bridge_app | Task 6 [aider]: 
2026-04-04 20:18:09 | INFO | bridge_app | Task 6 [aider]: youtubeBatchUpload.py
2026-04-04 20:18:09 | INFO | bridge_app | Task 6 [aider]: Warning: it's best to only add files that need changes to the chat.
2026-04-04 20:18:09 | INFO | bridge_app | Task 6 [aider]: https://aider.chat/docs/troubleshooting/edit-errors.html
2026-04-04 20:18:09 | INFO | bridge_app | Task 6 [aider]: Your estimated chat context of 33,462 tokens exceeds the 32,768 token limit for
2026-04-04 20:18:09 | INFO | bridge_app | Task 6 [aider]: ollama/qwen2.5-coder:14b!
2026-04-04 20:18:09 | INFO | bridge_app | Task 6 [aider]: To reduce the chat context:
2026-04-04 20:18:09 | INFO | bridge_app | Task 6 [aider]: - Use /drop to remove unneeded files from the chat
2026-04-04 20:18:09 | INFO | bridge_app | Task 6 [aider]: - Use /clear to clear the chat history
2026-04-04 20:18:09 | INFO | bridge_app | Task 6 [aider]: - Break your code into smaller files
2026-04-04 20:18:09 | INFO | bridge_app | Task 6 [aider]: It's probably safe to try and send the request, most providers won't charge if 
2026-04-04 20:18:09 | INFO | bridge_app | Task 6 [aider]: the context limit is exceeded.
2026-04-04 21:45:49 | INFO | bridge_app | Bridge starting — repo: C:\Users\winss\Documents\Projects\shorts-uploader-engine
2026-04-04 21:45:49 | INFO | bridge_app | Bridge running in MANUAL-SUPERVISOR mode — review requests will be written to bridge_progress/manual_supervisor/ and the UI proxy thread handles supervisor dispatch.
2026-04-04 21:45:49 | INFO | bridge_app | Git readiness — repo=yes, head=yes, branch=codex/react_electorn_ui, clean=no, staged=0, unstaged=0, untracked=18, next=continue
2026-04-04 21:45:49 | INFO | bridge_app | Added 7 bridge entries to C:\Users\winss\Documents\Projects\shorts-uploader-engine\.gitignore: ['taskJsons/', '.aider.tags.cache.v4/', 'bridge_progress/', 'logs.meta', '.aider.input.history', '.aider.chat.history.md', 'bridge_progress.meta']
2026-04-04 21:45:50 | INFO | bridge_app | Git readiness — repo=yes, head=yes, branch=codex/react_electorn_ui, clean=no, staged=0, unstaged=1, untracked=18, next=continue
2026-04-04 21:45:50 | INFO | bridge_app | Pre-flight checks passed.
2026-04-04 21:45:50 | INFO | bridge_app | Rollback point: 36c7ccc8f1e5822792bdedea2fdbb45f11e7f79f
2026-04-04 21:45:50 | INFO | bridge_app | If this run fails, undo all changes with:  git reset --hard 36c7ccc8f1e5822792bdedea2fdbb45f11e7f79f
2026-04-04 21:45:50 | INFO | bridge_app | Project type (from saved knowledge): script-driven media upload automation with Electron desktop UI
2026-04-04 21:45:50 | INFO | bridge_app | Project understanding ready: 8 docs, 16 files, confirmed=True
2026-04-04 21:45:50 | INFO | bridge_app | Project knowledge loaded: 16 files registered, 3 features done
2026-04-04 21:45:53 | INFO | bridge_app | Validator: project type set from knowledge: 'script-driven media upload automation with Electron desktop UI' → 'unknown'
2026-04-04 21:45:53 | INFO | bridge_app | Loaded 42 task(s) from plan file
2026-04-04 21:45:53 | INFO | bridge_app | Running Aider connection test…
2026-04-04 21:45:53 | INFO | bridge_app | Task 0: estimated LLM generation ~60s (timeout=600s, diff format)
2026-04-04 21:45:55 | INFO | bridge_app | Task 0 [aider]: Can't initialize prompt toolkit: No Windows console found. Are you running 
2026-04-04 21:45:55 | INFO | bridge_app | Task 0 [aider]: cmd.exe?
2026-04-04 21:46:00 | INFO | bridge_app | Task 0 [aider]: 
2026-04-04 21:46:00 | INFO | bridge_app | Task 0 [aider]: Aider v0.86.2
2026-04-04 21:46:00 | INFO | bridge_app | Task 0 [aider]: Model: ollama/qwen2.5-coder:14b with diff edit format
2026-04-04 21:46:00 | INFO | bridge_app | Task 0 [aider]: Git repo: .git with 485 files
2026-04-04 21:46:00 | INFO | bridge_app | Task 0 [aider]: Repo-map: using 1024 tokens, manual refresh
2026-04-04 21:46:00 | INFO | bridge_app | Task 0 [aider]: 
2026-04-04 21:46:12 | INFO | bridge_app | Task 0 [aider]: OK
2026-04-04 21:46:12 | INFO | bridge_app | Task 0 [aider]: 
2026-04-04 21:46:12 | INFO | bridge_app | Task 0 [aider]: Tokens: 4.0k sent, 2 received.
2026-04-04 21:46:12 | WARNING | bridge_app | Task 0: model edited 2 out-of-scope file(s) — reverting: .gitignore, bridge_progress/project_knowledge.json
2026-04-04 21:46:12 | INFO | bridge_app | Aider connection test passed ✓
2026-04-04 21:46:12 | INFO | bridge_app | Task 2: skipping — already completed (checkpoint)
2026-04-04 21:46:12 | INFO | bridge_app | Task 3: skipping — already completed (checkpoint)
2026-04-04 21:46:12 | INFO | bridge_app | Task 4: skipping — already completed (checkpoint)
2026-04-04 21:46:12 | INFO | bridge_app | Task 5: skipping — already completed (checkpoint)
2026-04-04 21:46:14 | INFO | bridge_app | Task 6 — attempt 1/11 — files: app/electron/services/uploadService.js
2026-04-04 21:46:14 | INFO | bridge_app | Task 6: estimated LLM generation ~98s (timeout=600s, diff format)
2026-04-04 21:46:16 | INFO | bridge_app | Task 6 [aider]: Can't initialize prompt toolkit: No Windows console found. Are you running 
2026-04-04 21:46:16 | INFO | bridge_app | Task 6 [aider]: cmd.exe?
2026-04-04 21:46:19 | INFO | bridge_app | Task 6 [aider]: 
2026-04-04 21:46:19 | INFO | bridge_app | Task 6 [aider]: Aider v0.86.2
2026-04-04 21:46:19 | INFO | bridge_app | Task 6 [aider]: Model: ollama/qwen2.5-coder:14b with diff edit format
2026-04-04 21:46:19 | INFO | bridge_app | Task 6 [aider]: Git repo: .git with 485 files
2026-04-04 21:46:19 | INFO | bridge_app | Task 6 [aider]: Repo-map: using 1024 tokens, manual refresh
2026-04-04 21:46:19 | INFO | bridge_app | Task 6 [aider]: Added app\electron\services\uploadService.js to the chat.
2026-04-04 21:46:19 | INFO | bridge_app | Task 6 [aider]: Added metaBatchReelsUpload.py to the chat (read-only).
2026-04-04 21:46:19 | INFO | bridge_app | Task 6 [aider]: Added youtubeBatchUpload.py to the chat (read-only).
2026-04-04 21:46:19 | INFO | bridge_app | Task 6 [aider]: 
2026-04-04 21:46:19 | INFO | bridge_app | Task 6 [aider]: 
2026-04-04 21:46:19 | INFO | bridge_app | Task 6 [aider]: app\electron\ipc\systemHandlers.js
2026-04-04 21:46:19 | INFO | bridge_app | Task 6 [aider]: 
2026-04-04 21:46:19 | INFO | bridge_app | Task 6 [aider]: app\electron\services\pathService.js
2026-04-04 21:46:19 | INFO | bridge_app | Task 6 [aider]: 
2026-04-04 21:46:19 | INFO | bridge_app | Task 6 [aider]: app\useAppStore.js
2026-04-04 21:57:33 | INFO | bridge_app | Bridge starting — repo: C:\Users\winss\Documents\Projects\shorts-uploader-engine
2026-04-04 21:57:33 | INFO | bridge_app | Bridge running in MANUAL-SUPERVISOR mode — review requests will be written to bridge_progress/manual_supervisor/ and the UI proxy thread handles supervisor dispatch.
2026-04-04 21:57:33 | INFO | bridge_app | Git readiness — repo=yes, head=yes, branch=codex/react_electorn_ui, clean=no, staged=0, unstaged=0, untracked=18, next=continue
2026-04-04 21:57:33 | INFO | bridge_app | Added 7 bridge entries to C:\Users\winss\Documents\Projects\shorts-uploader-engine\.gitignore: ['taskJsons/', '.aider.tags.cache.v4/', 'bridge_progress/', 'logs.meta', '.aider.input.history', '.aider.chat.history.md', 'bridge_progress.meta']
2026-04-04 21:57:33 | INFO | bridge_app | Git readiness — repo=yes, head=yes, branch=codex/react_electorn_ui, clean=no, staged=0, unstaged=1, untracked=18, next=continue
2026-04-04 21:57:33 | INFO | bridge_app | Pre-flight checks passed.
2026-04-04 21:57:33 | INFO | bridge_app | Rollback point: 36c7ccc8f1e5822792bdedea2fdbb45f11e7f79f
2026-04-04 21:57:33 | INFO | bridge_app | If this run fails, undo all changes with:  git reset --hard 36c7ccc8f1e5822792bdedea2fdbb45f11e7f79f
2026-04-04 21:57:33 | INFO | bridge_app | Project type (from saved knowledge): script-driven media upload automation with Electron desktop UI
2026-04-04 21:57:33 | INFO | bridge_app | Project understanding ready: 8 docs, 16 files, confirmed=True
2026-04-04 21:57:33 | INFO | bridge_app | Project knowledge loaded: 16 files registered, 3 features done
2026-04-04 21:57:35 | INFO | bridge_app | Validator: project type set from knowledge: 'script-driven media upload automation with Electron desktop UI' → 'unknown'
2026-04-04 21:57:35 | INFO | bridge_app | Loaded 42 task(s) from plan file
2026-04-04 21:57:35 | INFO | bridge_app | Running Aider connection test…
2026-04-04 21:57:35 | INFO | bridge_app | Task 0: estimated LLM generation ~60s (timeout=600s, diff format)
2026-04-04 21:57:36 | INFO | bridge_app | Task 0 [aider]: Can't initialize prompt toolkit: No Windows console found. Are you running 
2026-04-04 21:57:36 | INFO | bridge_app | Task 0 [aider]: cmd.exe?
2026-04-04 21:57:41 | INFO | bridge_app | Task 0 [aider]: 
2026-04-04 21:57:41 | INFO | bridge_app | Task 0 [aider]: Aider v0.86.2
2026-04-04 21:57:41 | INFO | bridge_app | Task 0 [aider]: Model: ollama/qwen2.5-coder:14b with diff edit format
2026-04-04 21:57:41 | INFO | bridge_app | Task 0 [aider]: Git repo: .git with 485 files
2026-04-04 21:57:41 | INFO | bridge_app | Task 0 [aider]: Repo-map: using 1024 tokens, manual refresh
2026-04-04 21:57:41 | INFO | bridge_app | Task 0 [aider]: 
2026-04-04 21:57:54 | INFO | bridge_app | Task 0 [aider]: OK
2026-04-04 21:57:54 | INFO | bridge_app | Task 0 [aider]: 
2026-04-04 21:57:54 | INFO | bridge_app | Task 0 [aider]: Tokens: 4.0k sent, 2 received.
2026-04-04 21:57:54 | WARNING | bridge_app | Task 0: model edited 2 out-of-scope file(s) — reverting: .gitignore, bridge_progress/project_knowledge.json
2026-04-04 21:57:54 | INFO | bridge_app | Aider connection test passed ✓
2026-04-04 21:57:54 | INFO | bridge_app | Task 2: skipping — already completed (checkpoint)
2026-04-04 21:57:54 | INFO | bridge_app | Task 3: skipping — already completed (checkpoint)
2026-04-04 21:57:54 | INFO | bridge_app | Task 4: skipping — already completed (checkpoint)
2026-04-04 21:57:54 | INFO | bridge_app | Task 5: skipping — already completed (checkpoint)
2026-04-04 21:57:56 | INFO | bridge_app | Task 6 — attempt 1/11 — files: app/electron/services/uploadService.js
2026-04-04 21:57:56 | INFO | bridge_app | Task 6: estimated LLM generation ~98s (timeout=600s, diff format)
2026-04-04 21:57:57 | INFO | bridge_app | Task 6 [aider]: Can't initialize prompt toolkit: No Windows console found. Are you running 
2026-04-04 21:57:57 | INFO | bridge_app | Task 6 [aider]: cmd.exe?
2026-04-04 21:58:00 | INFO | bridge_app | Task 6 [aider]: 
2026-04-04 21:58:00 | INFO | bridge_app | Task 6 [aider]: Aider v0.86.2
2026-04-04 21:58:00 | INFO | bridge_app | Task 6 [aider]: Model: ollama/qwen2.5-coder:14b with diff edit format
2026-04-04 21:58:00 | INFO | bridge_app | Task 6 [aider]: Git repo: .git with 485 files
2026-04-04 21:58:00 | INFO | bridge_app | Task 6 [aider]: Repo-map: using 1024 tokens, manual refresh
2026-04-04 21:58:00 | INFO | bridge_app | Task 6 [aider]: Added app\electron\services\uploadService.js to the chat.
2026-04-04 21:58:00 | INFO | bridge_app | Task 6 [aider]: 
2026-04-04 21:58:00 | INFO | bridge_app | Task 6 [aider]: 
2026-04-04 21:58:00 | INFO | bridge_app | Task 6 [aider]: app\electron\ipc\systemHandlers.js
2026-04-04 21:58:00 | INFO | bridge_app | Task 6 [aider]: 
2026-04-04 21:58:00 | INFO | bridge_app | Task 6 [aider]: app\electron\services\pathService.js
2026-04-04 21:58:00 | INFO | bridge_app | Task 6 [aider]: 
2026-04-04 21:58:00 | INFO | bridge_app | Task 6 [aider]: app\useAppStore.js
2026-04-04 21:58:01 | INFO | bridge_app | Task 6 [aider]: 
2026-04-04 21:58:01 | INFO | bridge_app | Task 6 [aider]: metaBatchReelsUpload.py
2026-04-04 21:58:01 | INFO | bridge_app | Task 6 [aider]: 
2026-04-04 21:58:01 | INFO | bridge_app | Task 6 [aider]: youtubeBatchUpload.py
2026-04-04 21:58:01 | INFO | bridge_app | Task 6 [aider]: Warning: it's best to only add files that need changes to the chat.
2026-04-04 21:58:01 | INFO | bridge_app | Task 6 [aider]: https://aider.chat/docs/troubleshooting/edit-errors.html
2026-04-04 22:08:41 | INFO | bridge_app | Task 6 [aider]: C:\Users\winss\Documents\Projects\shorts-uploader-engine\app\electron\services\
2026-04-04 22:08:41 | WARNING | bridge_app | Task 6: Aider timed out after 600s
2026-04-04 22:08:41 | WARNING | bridge_app | Task 6: first attempt timed out — retrying with lightweight config (no repo-map, no context files)
2026-04-04 22:08:41 | INFO | bridge_app | Task 6: lightweight mode — repo-map disabled, no context files
2026-04-04 22:08:42 | INFO | bridge_app | Task 6 [aider]: Can't initialize prompt toolkit: No Windows console found. Are you running 
2026-04-04 22:08:42 | INFO | bridge_app | Task 6 [aider]: cmd.exe?
2026-04-04 22:08:46 | INFO | bridge_app | Task 6 [aider]: 
2026-04-04 22:08:46 | INFO | bridge_app | Task 6 [aider]: Aider v0.86.2
2026-04-04 22:08:46 | INFO | bridge_app | Task 6 [aider]: Model: ollama/qwen2.5-coder:14b with diff edit format
2026-04-04 22:08:46 | INFO | bridge_app | Task 6 [aider]: Git repo: .git with 485 files
2026-04-04 22:08:46 | INFO | bridge_app | Task 6 [aider]: Repo-map: disabled
2026-04-04 22:08:46 | INFO | bridge_app | Task 6 [aider]: Added app\electron\services\uploadService.js to the chat.
2026-04-04 22:08:46 | INFO | bridge_app | Task 6 [aider]: 
2026-04-04 22:08:46 | INFO | bridge_app | Task 6 [aider]: 
2026-04-04 22:08:46 | INFO | bridge_app | Task 6 [aider]: app\electron\ipc\systemHandlers.js
2026-04-04 22:08:46 | INFO | bridge_app | Task 6 [aider]: 
2026-04-04 22:08:46 | INFO | bridge_app | Task 6 [aider]: app\electron\services\pathService.js
2026-04-04 22:08:46 | INFO | bridge_app | Task 6 [aider]: 
2026-04-04 22:08:46 | INFO | bridge_app | Task 6 [aider]: app\useAppStore.js
2026-04-04 22:08:46 | INFO | bridge_app | Task 6 [aider]: 
2026-04-04 22:08:46 | INFO | bridge_app | Task 6 [aider]: metaBatchReelsUpload.py
2026-04-04 22:08:46 | INFO | bridge_app | Task 6 [aider]: 
2026-04-04 22:08:46 | INFO | bridge_app | Task 6 [aider]: youtubeBatchUpload.py
2026-04-04 22:08:46 | INFO | bridge_app | Task 6 [aider]: Warning: it's best to only add files that need changes to the chat.
2026-04-04 22:08:46 | INFO | bridge_app | Task 6 [aider]: https://aider.chat/docs/troubleshooting/edit-errors.html
2026-04-04 22:15:50 | INFO | bridge_app | Bridge starting — repo: C:\Users\winss\Documents\Projects\shorts-uploader-engine
2026-04-04 22:15:50 | INFO | bridge_app | Bridge running in MANUAL-SUPERVISOR mode — review requests will be written to bridge_progress/manual_supervisor/ and the UI proxy thread handles supervisor dispatch.
2026-04-04 22:15:50 | INFO | bridge_app | Git readiness — repo=yes, head=yes, branch=codex/react_electorn_ui, clean=no, staged=0, unstaged=0, untracked=18, next=continue
2026-04-04 22:15:50 | INFO | bridge_app | Added 7 bridge entries to C:\Users\winss\Documents\Projects\shorts-uploader-engine\.gitignore: ['taskJsons/', '.aider.tags.cache.v4/', 'bridge_progress/', 'logs.meta', '.aider.input.history', '.aider.chat.history.md', 'bridge_progress.meta']
2026-04-04 22:15:51 | INFO | bridge_app | Git readiness — repo=yes, head=yes, branch=codex/react_electorn_ui, clean=no, staged=0, unstaged=1, untracked=18, next=continue
2026-04-04 22:15:51 | INFO | bridge_app | Pre-flight checks passed.
2026-04-04 22:15:51 | INFO | bridge_app | Rollback point: 36c7ccc8f1e5822792bdedea2fdbb45f11e7f79f
2026-04-04 22:15:51 | INFO | bridge_app | If this run fails, undo all changes with:  git reset --hard 36c7ccc8f1e5822792bdedea2fdbb45f11e7f79f
2026-04-04 22:15:51 | INFO | bridge_app | Project type (from saved knowledge): script-driven media upload automation with Electron desktop UI
2026-04-04 22:15:51 | INFO | bridge_app | Project understanding ready: 8 docs, 16 files, confirmed=True
2026-04-04 22:15:51 | INFO | bridge_app | Project knowledge loaded: 16 files registered, 3 features done
2026-04-04 22:15:53 | INFO | bridge_app | Validator: project type set from knowledge: 'script-driven media upload automation with Electron desktop UI' → 'unknown'
2026-04-04 22:15:53 | INFO | bridge_app | Loaded 42 task(s) from plan file
2026-04-04 22:15:53 | INFO | bridge_app | Running Aider connection test…
2026-04-04 22:15:53 | INFO | bridge_app | Task 0: estimated LLM generation ~60s (timeout=600s, diff format)
2026-04-04 22:15:55 | INFO | bridge_app | Task 0 [aider]: Can't initialize prompt toolkit: No Windows console found. Are you running 
2026-04-04 22:15:55 | INFO | bridge_app | Task 0 [aider]: cmd.exe?
2026-04-04 22:16:00 | INFO | bridge_app | Task 0 [aider]: 
2026-04-04 22:16:00 | INFO | bridge_app | Task 0 [aider]: Aider v0.86.2
2026-04-04 22:16:00 | INFO | bridge_app | Task 0 [aider]: Model: ollama/qwen2.5-coder:14b with diff edit format
2026-04-04 22:16:00 | INFO | bridge_app | Task 0 [aider]: Git repo: .git with 485 files
2026-04-04 22:16:00 | INFO | bridge_app | Task 0 [aider]: Repo-map: using 1024 tokens, manual refresh
2026-04-04 22:16:00 | INFO | bridge_app | Task 0 [aider]: 
2026-04-04 22:18:59 | INFO | bridge_app | Task 0 [aider]: OK
2026-04-04 22:18:59 | INFO | bridge_app | Task 0 [aider]: 
2026-04-04 22:18:59 | INFO | bridge_app | Task 0 [aider]: Tokens: 4.1k sent, 2 received.
2026-04-04 22:19:00 | WARNING | bridge_app | Task 0: model edited 2 out-of-scope file(s) — reverting: .gitignore, bridge_progress/project_knowledge.json
2026-04-04 22:19:00 | INFO | bridge_app | Aider connection test passed ✓
2026-04-04 22:19:00 | INFO | bridge_app | Task 2: skipping — already completed (checkpoint)
2026-04-04 22:19:00 | INFO | bridge_app | Task 3: skipping — already completed (checkpoint)
2026-04-04 22:19:00 | INFO | bridge_app | Task 4: skipping — already completed (checkpoint)
2026-04-04 22:19:00 | INFO | bridge_app | Task 5: skipping — already completed (checkpoint)
2026-04-04 22:19:01 | INFO | bridge_app | Task 6 — attempt 1/11 — files: app/electron/services/uploadService.js
2026-04-04 22:19:01 | INFO | bridge_app | Task 6: estimated LLM generation ~98s (timeout=600s, diff format)
2026-04-04 22:19:03 | INFO | bridge_app | Task 6 [aider]: Can't initialize prompt toolkit: No Windows console found. Are you running 
2026-04-04 22:19:03 | INFO | bridge_app | Task 6 [aider]: cmd.exe?
2026-04-04 22:19:07 | INFO | bridge_app | Task 6 [aider]: 
2026-04-04 22:19:07 | INFO | bridge_app | Task 6 [aider]: Aider v0.86.2
2026-04-04 22:19:07 | INFO | bridge_app | Task 6 [aider]: Model: ollama/qwen2.5-coder:14b with diff edit format
2026-04-04 22:19:07 | INFO | bridge_app | Task 6 [aider]: Git repo: .git with 485 files
2026-04-04 22:19:07 | INFO | bridge_app | Task 6 [aider]: Repo-map: using 1024 tokens, manual refresh
2026-04-04 22:19:07 | INFO | bridge_app | Task 6 [aider]: Added app\electron\services\uploadService.js to the chat.
2026-04-04 22:19:07 | INFO | bridge_app | Task 6 [aider]: 
2026-04-04 22:19:07 | INFO | bridge_app | Task 6 [aider]: 
2026-04-04 22:19:07 | INFO | bridge_app | Task 6 [aider]: app\electron\ipc\systemHandlers.js
2026-04-04 22:19:07 | INFO | bridge_app | Task 6 [aider]: 
2026-04-04 22:19:07 | INFO | bridge_app | Task 6 [aider]: app\electron\services\pathService.js
2026-04-04 22:19:07 | INFO | bridge_app | Task 6 [aider]: 
2026-04-04 22:19:07 | INFO | bridge_app | Task 6 [aider]: app\useAppStore.js
2026-04-04 22:19:07 | INFO | bridge_app | Task 6 [aider]: 
2026-04-04 22:19:07 | INFO | bridge_app | Task 6 [aider]: metaBatchReelsUpload.py
2026-04-04 22:19:07 | INFO | bridge_app | Task 6 [aider]: 
2026-04-04 22:19:07 | INFO | bridge_app | Task 6 [aider]: youtubeBatchUpload.py
2026-04-04 22:19:07 | INFO | bridge_app | Task 6 [aider]: Warning: it's best to only add files that need changes to the chat.
2026-04-04 22:19:07 | INFO | bridge_app | Task 6 [aider]: https://aider.chat/docs/troubleshooting/edit-errors.html
2026-04-04 22:24:34 | INFO | bridge_app | Bridge starting — repo: C:\Users\winss\Documents\Projects\shorts-uploader-engine
2026-04-04 22:24:34 | INFO | bridge_app | Bridge running in MANUAL-SUPERVISOR mode — review requests will be written to bridge_progress/manual_supervisor/ and the UI proxy thread handles supervisor dispatch.
2026-04-04 22:24:34 | INFO | bridge_app | Auto-split: detected small model 'qwen2.5-coder:7b' — enabling --auto-split-threshold 3 automatically. Tasks with 3+ files will be split into single-file sub-tasks. Pass --auto-split-threshold 0 to disable.
2026-04-04 22:24:34 | INFO | bridge_app | Git readiness — repo=yes, head=yes, branch=codex/react_electorn_ui, clean=no, staged=0, unstaged=0, untracked=18, next=continue
2026-04-04 22:24:34 | INFO | bridge_app | Added 7 bridge entries to C:\Users\winss\Documents\Projects\shorts-uploader-engine\.gitignore: ['taskJsons/', '.aider.tags.cache.v4/', 'bridge_progress/', 'logs.meta', '.aider.input.history', '.aider.chat.history.md', 'bridge_progress.meta']
2026-04-04 22:24:35 | INFO | bridge_app | Git readiness — repo=yes, head=yes, branch=codex/react_electorn_ui, clean=no, staged=0, unstaged=1, untracked=18, next=continue
2026-04-04 22:24:35 | INFO | bridge_app | Pre-flight checks passed.
2026-04-04 22:24:35 | INFO | bridge_app | Rollback point: 36c7ccc8f1e5822792bdedea2fdbb45f11e7f79f
2026-04-04 22:24:35 | INFO | bridge_app | If this run fails, undo all changes with:  git reset --hard 36c7ccc8f1e5822792bdedea2fdbb45f11e7f79f
2026-04-04 22:24:35 | INFO | bridge_app | Project type (from saved knowledge): script-driven media upload automation with Electron desktop UI
2026-04-04 22:24:35 | INFO | bridge_app | Project understanding ready: 8 docs, 16 files, confirmed=True
2026-04-04 22:24:35 | INFO | bridge_app | Project knowledge loaded: 16 files registered, 3 features done
2026-04-04 22:24:37 | INFO | bridge_app | Validator: project type set from knowledge: 'script-driven media upload automation with Electron desktop UI' → 'unknown'
2026-04-04 22:24:37 | INFO | bridge_app | Loaded 42 task(s) from plan file
2026-04-04 22:24:37 | INFO | bridge_app | Running Aider connection test…
2026-04-04 22:24:37 | INFO | bridge_app | Task 0: estimated LLM generation ~60s (timeout=600s, diff format)
2026-04-04 22:24:39 | INFO | bridge_app | Task 0 [aider]: Can't initialize prompt toolkit: No Windows console found. Are you running 
2026-04-04 22:24:39 | INFO | bridge_app | Task 0 [aider]: cmd.exe?
2026-04-04 22:24:44 | INFO | bridge_app | Task 0 [aider]: 
2026-04-04 22:24:44 | INFO | bridge_app | Task 0 [aider]: Aider v0.86.2
2026-04-04 22:24:44 | INFO | bridge_app | Task 0 [aider]: Model: ollama/qwen2.5-coder:7b with diff edit format
2026-04-04 22:24:44 | INFO | bridge_app | Task 0 [aider]: Git repo: .git with 485 files
2026-04-04 22:24:44 | INFO | bridge_app | Task 0 [aider]: Repo-map: using 1024 tokens, manual refresh
2026-04-04 22:24:44 | INFO | bridge_app | Task 0 [aider]: 
2026-04-04 22:30:15 | INFO | bridge_app | Task 0 [aider]: OK.
2026-04-04 22:30:15 | INFO | bridge_app | Task 0 [aider]: 
2026-04-04 22:30:15 | INFO | bridge_app | Task 0 [aider]: Tokens: 4.1k sent, 3 received.
2026-04-04 22:30:16 | WARNING | bridge_app | Task 0: model edited 2 out-of-scope file(s) — reverting: .gitignore, bridge_progress/project_knowledge.json
2026-04-04 22:30:16 | INFO | bridge_app | Aider connection test passed ✓
2026-04-04 22:30:16 | INFO | bridge_app | Task 2: skipping — already completed (checkpoint)
2026-04-04 22:30:16 | INFO | bridge_app | Task 3: skipping — already completed (checkpoint)
2026-04-04 22:30:16 | INFO | bridge_app | Task 4: skipping — already completed (checkpoint)
2026-04-04 22:30:16 | INFO | bridge_app | Task 5: skipping — already completed (checkpoint)
2026-04-04 22:30:18 | INFO | bridge_app | Task 6 — attempt 1/11 — files: app/electron/services/uploadService.js
2026-04-04 22:30:18 | INFO | bridge_app | Task 6: estimated LLM generation ~98s (timeout=600s, diff format)
2026-04-04 22:30:19 | INFO | bridge_app | Task 6 [aider]: Can't initialize prompt toolkit: No Windows console found. Are you running 
2026-04-04 22:30:19 | INFO | bridge_app | Task 6 [aider]: cmd.exe?
2026-04-04 22:30:23 | INFO | bridge_app | Task 6 [aider]: 
2026-04-04 22:30:23 | INFO | bridge_app | Task 6 [aider]: Aider v0.86.2
2026-04-04 22:30:23 | INFO | bridge_app | Task 6 [aider]: Model: ollama/qwen2.5-coder:7b with diff edit format
2026-04-04 22:30:23 | INFO | bridge_app | Task 6 [aider]: Git repo: .git with 485 files
2026-04-04 22:30:23 | INFO | bridge_app | Task 6 [aider]: Repo-map: using 1024 tokens, manual refresh
2026-04-04 22:30:23 | INFO | bridge_app | Task 6 [aider]: Added app\electron\services\uploadService.js to the chat.
2026-04-04 22:30:23 | INFO | bridge_app | Task 6 [aider]: 
2026-04-04 22:30:23 | INFO | bridge_app | Task 6 [aider]: 
2026-04-04 22:30:23 | INFO | bridge_app | Task 6 [aider]: app\electron\ipc\systemHandlers.js
2026-04-04 22:30:23 | INFO | bridge_app | Task 6 [aider]: 
2026-04-04 22:30:23 | INFO | bridge_app | Task 6 [aider]: app\electron\services\pathService.js
2026-04-04 22:30:23 | INFO | bridge_app | Task 6 [aider]: 
2026-04-04 22:30:23 | INFO | bridge_app | Task 6 [aider]: app\useAppStore.js
2026-04-04 22:30:24 | INFO | bridge_app | Task 6 [aider]: 
2026-04-04 22:30:24 | INFO | bridge_app | Task 6 [aider]: metaBatchReelsUpload.py
2026-04-04 22:30:24 | INFO | bridge_app | Task 6 [aider]: 
2026-04-04 22:30:24 | INFO | bridge_app | Task 6 [aider]: youtubeBatchUpload.py
2026-04-04 22:30:24 | INFO | bridge_app | Task 6 [aider]: Warning: it's best to only add files that need changes to the chat.
2026-04-04 22:30:24 | INFO | bridge_app | Task 6 [aider]: https://aider.chat/docs/troubleshooting/edit-errors.html
2026-04-04 22:31:15 | INFO | bridge_app | Task 6 [aider]: app\electron\services\uploadService.js
2026-04-04 22:31:15 | INFO | bridge_app | Task 6 [aider]: ```python
2026-04-04 22:31:15 | INFO | bridge_app | Task 6 [aider]: <<<<<<< SEARCH
2026-04-04 22:31:15 | INFO | bridge_app | Task 6 [aider]: function buildUploadCommand(payload)
2026-04-04 22:31:15 | INFO | bridge_app | Task 6 [aider]: {
2026-04-04 22:31:15 | INFO | bridge_app | Task 6 [aider]:     const platforms = payload.platforms || {};
2026-04-04 22:31:15 | INFO | bridge_app | Task 6 [aider]:     const options = payload.options || {};
2026-04-04 22:31:15 | INFO | bridge_app | Task 6 [aider]:     const youtubeEnabled = Boolean(platforms.youtube);
2026-04-04 22:31:15 | INFO | bridge_app | Task 6 [aider]:     const instagramEnabled = Boolean(platforms.instagram);
2026-04-04 22:31:15 | INFO | bridge_app | Task 6 [aider]:     const facebookEnabled = Boolean(platforms.facebook);
2026-04-04 22:31:15 | INFO | bridge_app | Task 6 [aider]:     const selectedMetaPlatform = instagramEnabled && facebookEnabled ? "both" :
2026-04-04 22:31:15 | INFO | bridge_app | Task 6 [aider]: instagramEnabled ? "instagram" : "facebook";
2026-04-04 22:31:15 | INFO | bridge_app | Task 6 [aider]: 
2026-04-04 22:31:15 | INFO | bridge_app | Task 6 [aider]:     if (!youtubeEnabled && !instagramEnabled && !facebookEnabled)
2026-04-04 22:31:15 | INFO | bridge_app | Task 6 [aider]:     {
2026-04-04 22:31:15 | INFO | bridge_app | Task 6 [aider]:         throw new Error("Select at least one platform before starting an 
2026-04-04 22:31:15 | INFO | bridge_app | Task 6 [aider]: upload.");
2026-04-04 22:31:15 | INFO | bridge_app | Task 6 [aider]:     }
2026-04-04 22:31:15 | INFO | bridge_app | Task 6 [aider]: 
2026-04-04 22:31:15 | INFO | bridge_app | Task 6 [aider]:     if (!youtubeEnabled && (instagramEnabled || facebookEnabled))
2026-04-04 22:31:15 | INFO | bridge_app | Task 6 [aider]:     {
2026-04-04 22:31:15 | INFO | bridge_app | Task 6 [aider]:         return {
2026-04-04 22:31:15 | INFO | bridge_app | Task 6 [aider]:             scriptName: "metaBatchReelsUpload.py",
2026-04-04 22:31:15 | INFO | bridge_app | Task 6 [aider]:             args: [
2026-04-04 22:31:15 | INFO | bridge_app | Task 6 [aider]:                 "--root", path.resolve(__dirname, "..", "..", "..", "videos"),
2026-04-04 22:31:15 | INFO | bridge_app | Task 6 [aider]:                 "--max-videos", 1,
2026-04-04 22:31:15 | INFO | bridge_app | Task 6 [aider]:                 "--privacy", "public",
2026-04-04 22:31:15 | INFO | bridge_app | Task 6 [aider]:                 "--playlist-name", ""
2026-04-04 22:31:15 | INFO | bridge_app | Task 6 [aider]:             ]
2026-04-04 22:31:15 | INFO | bridge_app | Task 6 [aider]:         };
2026-04-04 22:31:15 | INFO | bridge_app | Task 6 [aider]:     }
2026-04-04 22:31:15 | INFO | bridge_app | Task 6 [aider]: 
2026-04-04 22:31:15 | INFO | bridge_app | Task 6 [aider]:     const args = [];
2026-04-04 22:31:15 | INFO | bridge_app | Task 6 [aider]: 
2026-04-04 22:31:15 | INFO | bridge_app | Task 6 [aider]:     if (youtubeEnabled)
2026-04-04 22:31:15 | INFO | bridge_app | Task 6 [aider]:     {
2026-04-04 22:31:15 | INFO | bridge_app | Task 6 [aider]:         args.push("--root", payload.root || path.resolve(__dirname, "..", "..",
2026-04-04 22:31:15 | INFO | bridge_app | Task 6 [aider]: "..", "videos"));
2026-04-04 22:31:15 | INFO | bridge_app | Task 6 [aider]:         args.push("--max-videos", payload.maxVideos || 1);
2026-04-04 22:31:15 | INFO | bridge_app | Task 6 [aider]:         args.push("--privacy", payload.privacy || "public");
2026-04-04 22:31:15 | INFO | bridge_app | Task 6 [aider]:         args.push("--playlist-name", payload.playlistName || "");
2026-04-04 22:31:15 | INFO | bridge_app | Task 6 [aider]:     }
2026-04-04 22:31:15 | INFO | bridge_app | Task 6 [aider]: 
2026-04-04 22:31:15 | INFO | bridge_app | Task 6 [aider]:     if (instagramEnabled)
2026-04-04 22:31:15 | INFO | bridge_app | Task 6 [aider]:     {
2026-04-04 22:31:15 | INFO | bridge_app | Task 6 [aider]:         // Add Instagram-specific arguments here
2026-04-04 22:31:15 | INFO | bridge_app | Task 6 [aider]:     }
2026-04-04 22:31:15 | INFO | bridge_app | Task 6 [aider]: 
2026-04-04 22:31:15 | INFO | bridge_app | Task 6 [aider]:     if (facebookEnabled)
2026-04-04 22:31:15 | INFO | bridge_app | Task 6 [aider]:     {
2026-04-04 22:31:15 | INFO | bridge_app | Task 6 [aider]:         // Add Facebook-specific arguments here
2026-04-04 22:31:15 | INFO | bridge_app | Task 6 [aider]:     }
2026-04-04 22:31:15 | INFO | bridge_app | Task 6 [aider]: 
2026-04-04 22:31:15 | INFO | bridge_app | Task 6 [aider]:     return {
2026-04-04 22:31:15 | INFO | bridge_app | Task 6 [aider]:         scriptName: youtubeEnabled ? "youtubeBatchUpload.py" : 
2026-04-04 22:31:15 | INFO | bridge_app | Task 6 [aider]: "metaBatchReelsUpload.py",
2026-04-04 22:31:15 | INFO | bridge_app | Task 6 [aider]:         args: args
2026-04-04 22:31:15 | INFO | bridge_app | Task 6 [aider]:     };
2026-04-04 22:31:15 | INFO | bridge_app | Task 6 [aider]: }
2026-04-04 22:31:15 | INFO | bridge_app | Task 6 [aider]: =======
2026-04-04 22:31:15 | INFO | bridge_app | Task 6 [aider]: function buildUploadCommand(payload)
2026-04-04 22:31:15 | INFO | bridge_app | Task 6 [aider]: {
2026-04-04 22:31:15 | INFO | bridge_app | Task 6 [aider]:     const platforms = payload.platforms || {};
2026-04-04 22:31:15 | INFO | bridge_app | Task 6 [aider]:     const options = payload.options || {};
2026-04-04 22:31:15 | INFO | bridge_app | Task 6 [aider]:     const youtubeEnabled = Boolean(platforms.youtube);
2026-04-04 22:31:15 | INFO | bridge_app | Task 6 [aider]:     const instagramEnabled = Boolean(platforms.instagram);
2026-04-04 22:31:15 | INFO | bridge_app | Task 6 [aider]:     const facebookEnabled = Boolean(platforms.facebook);
2026-04-04 22:31:15 | INFO | bridge_app | Task 6 [aider]:     const selectedMetaPlatform = instagramEnabled && facebookEnabled ? "both" :
2026-04-04 22:31:15 | INFO | bridge_app | Task 6 [aider]: instagramEnabled ? "instagram" : "facebook";
2026-04-04 22:31:15 | INFO | bridge_app | Task 6 [aider]: 
2026-04-04 22:31:15 | INFO | bridge_app | Task 6 [aider]:     if (!youtubeEnabled && !instagramEnabled && !facebookEnabled)
2026-04-04 22:31:15 | INFO | bridge_app | Task 6 [aider]:     {
2026-04-04 22:31:15 | INFO | bridge_app | Task 6 [aider]:         throw new Error("Select at least one platform before starting an 
2026-04-04 22:31:15 | INFO | bridge_app | Task 6 [aider]: upload.");
2026-04-04 22:31:15 | INFO | bridge_app | Task 6 [aider]:     }
2026-04-04 22:31:15 | INFO | bridge_app | Task 6 [aider]: 
2026-04-04 22:31:15 | INFO | bridge_app | Task 6 [aider]:     const args = [];
2026-04-04 22:31:15 | INFO | bridge_app | Task 6 [aider]: 
2026-04-04 22:31:15 | INFO | bridge_app | Task 6 [aider]:     if (youtubeEnabled)
2026-04-04 22:31:15 | INFO | bridge_app | Task 6 [aider]:     {
2026-04-04 22:31:15 | INFO | bridge_app | Task 6 [aider]:         args.push("--root", payload.root || path.resolve(__dirname, "..", "..",
2026-04-04 22:31:15 | INFO | bridge_app | Task 6 [aider]: "..", "videos"));
2026-04-04 22:31:15 | INFO | bridge_app | Task 6 [aider]:         args.push("--max-videos", payload.maxVideos || 1);
2026-04-04 22:31:15 | INFO | bridge_app | Task 6 [aider]:         args.push("--privacy", payload.privacy || "public");
2026-04-04 22:31:15 | INFO | bridge_app | Task 6 [aider]:         args.push("--playlist-name", payload.playlistName || "");
2026-04-04 22:31:15 | INFO | bridge_app | Task 6 [aider]:     }
2026-04-04 22:31:15 | INFO | bridge_app | Task 6 [aider]: 
2026-04-04 22:31:15 | INFO | bridge_app | Task 6 [aider]:     if (instagramEnabled)
2026-04-04 22:31:15 | INFO | bridge_app | Task 6 [aider]:     {
2026-04-04 22:31:15 | INFO | bridge_app | Task 6 [aider]:         // Add Instagram-specific arguments here
2026-04-04 22:31:15 | INFO | bridge_app | Task 6 [aider]:     }
2026-04-04 22:31:15 | INFO | bridge_app | Task 6 [aider]: 
2026-04-04 22:31:15 | INFO | bridge_app | Task 6 [aider]:     if (facebookEnabled)
2026-04-04 22:31:15 | INFO | bridge_app | Task 6 [aider]:     {
2026-04-04 22:31:15 | INFO | bridge_app | Task 6 [aider]:         // Add Facebook-specific arguments here
2026-04-04 22:31:15 | INFO | bridge_app | Task 6 [aider]:     }
2026-04-04 22:31:15 | INFO | bridge_app | Task 6 [aider]: 
2026-04-04 22:31:15 | INFO | bridge_app | Task 6 [aider]:     return {
2026-04-04 22:31:15 | INFO | bridge_app | Task 6 [aider]:         scriptName: youtubeEnabled ? "youtubeBatchUpload.py" : 
2026-04-04 22:31:15 | INFO | bridge_app | Task 6 [aider]: "metaBatchReelsUpload.py",
2026-04-04 22:31:15 | INFO | bridge_app | Task 6 [aider]:         args: args
2026-04-04 22:31:15 | INFO | bridge_app | Task 6 [aider]:     };
2026-04-04 22:31:15 | INFO | bridge_app | Task 6 [aider]: }
2026-04-04 22:31:15 | INFO | bridge_app | Task 6 [aider]: >>>>>>> 3e4f5d6a1b2c3d4e5f6a7b8c9d0e1f2g3h4i5j6k7l8m9n0o1p2q3r4s5t6u7v8w9x0y1z
2026-04-04 22:31:15 | INFO | bridge_app | Task 6 [aider]: ```
2026-04-04 22:31:15 | INFO | bridge_app | Task 6 [aider]: 
2026-04-04 22:31:15 | INFO | bridge_app | Task 6 [aider]: Tokens: 33k sent, 692 received.
2026-04-04 22:31:15 | INFO | bridge_app | Task 6 [aider]: The LLM did not conform to the edit format.
2026-04-04 22:31:15 | INFO | bridge_app | Task 6 [aider]: https://aider.chat/docs/troubleshooting/edit-errors.html
2026-04-04 22:31:15 | INFO | bridge_app | Task 6 [aider]: 
2026-04-04 22:31:15 | INFO | bridge_app | Task 6 [aider]: app\electron\services\uploadService.js
2026-04-04 22:31:15 | INFO | bridge_app | Task 6 [aider]: ```python
2026-04-04 22:31:15 | INFO | bridge_app | Task 6 [aider]: <<<<<<< SEARCH
2026-04-04 22:31:15 | INFO | bridge_app | Task 6 [aider]: function buildUploadCommand(payload)
2026-04-04 22:31:15 | INFO | bridge_app | Task 6 [aider]: {
2026-04-04 22:31:15 | INFO | bridge_app | Task 6 [aider]:     const platforms = payload.platforms || {};
2026-04-04 22:31:15 | INFO | bridge_app | Task 6 [aider]:     const options = payload.options || {};
2026-04-04 22:31:15 | INFO | bridge_app | Task 6 [aider]:     const youtubeEnabled = Boolean(platforms.youtube);
2026-04-04 22:31:15 | INFO | bridge_app | Task 6 [aider]:     const instagramEnabled = Boolean(platforms.instagram);
2026-04-04 22:31:15 | INFO | bridge_app | Task 6 [aider]:     const facebookEnabled = Boolean(platforms.facebook);
2026-04-04 22:31:15 | INFO | bridge_app | Task 6 [aider]:     const selectedMetaPlatform = instagramEnabled && facebookEnabled ? "both" :
2026-04-04 22:31:15 | INFO | bridge_app | Task 6 [aider]: instagramEnabled ? "instagram" : "facebook";
2026-04-04 22:31:15 | INFO | bridge_app | Task 6 [aider]: 
2026-04-04 22:31:15 | INFO | bridge_app | Task 6 [aider]:     if (!youtubeEnabled && !instagramEnabled && !facebookEnabled)
2026-04-04 22:31:15 | INFO | bridge_app | Task 6 [aider]:     {
2026-04-04 22:31:15 | INFO | bridge_app | Task 6 [aider]:         throw new Error("Select at least one platform before starting an 
2026-04-04 22:31:15 | INFO | bridge_app | Task 6 [aider]: upload.");
2026-04-04 22:31:15 | INFO | bridge_app | Task 6 [aider]:     }
2026-04-04 22:31:15 | INFO | bridge_app | Task 6 [aider]: 
2026-04-04 22:31:15 | INFO | bridge_app | Task 6 [aider]:     if (!youtubeEnabled && (instagramEnabled || facebookEnabled))
2026-04-04 22:31:15 | INFO | bridge_app | Task 6 [aider]:     {
2026-04-04 22:31:15 | INFO | bridge_app | Task 6 [aider]:         return {
2026-04-04 22:31:15 | INFO | bridge_app | Task 6 [aider]:             scriptName: "metaBatchReelsUpload.py",
2026-04-04 22:31:15 | INFO | bridge_app | Task 6 [aider]:             args: [
2026-04-04 22:31:15 | INFO | bridge_app | Task 6 [aider]:                 "--root", path.resolve(__dirname, "..", "..", "..", "videos"),
2026-04-04 22:31:15 | INFO | bridge_app | Task 6 [aider]:                 "--max-videos", 1,
2026-04-04 22:31:15 | INFO | bridge_app | Task 6 [aider]:                 "--privacy", "public",
2026-04-04 22:31:15 | INFO | bridge_app | Task 6 [aider]:                 "--playlist-name", ""
2026-04-04 22:31:15 | INFO | bridge_app | Task 6 [aider]:             ]
2026-04-04 22:31:15 | INFO | bridge_app | Task 6 [aider]:         };
2026-04-04 22:31:15 | INFO | bridge_app | Task 6 [aider]:     }
2026-04-04 22:31:15 | INFO | bridge_app | Task 6 [aider]: 
2026-04-04 22:31:15 | INFO | bridge_app | Task 6 [aider]:     const args = [];
2026-04-04 22:31:15 | INFO | bridge_app | Task 6 [aider]: 
2026-04-04 22:31:15 | INFO | bridge_app | Task 6 [aider]:     if (youtubeEnabled)
2026-04-04 22:31:15 | INFO | bridge_app | Task 6 [aider]:     {
2026-04-04 22:31:15 | INFO | bridge_app | Task 6 [aider]:         args.push("--root", payload.root || path.resolve(__dirname, "..", "..",
2026-04-04 22:31:15 | INFO | bridge_app | Task 6 [aider]: "..", "videos"));
2026-04-04 22:31:15 | INFO | bridge_app | Task 6 [aider]:         args.push("--max-videos", payload.maxVideos || 1);
2026-04-04 22:31:15 | INFO | bridge_app | Task 6 [aider]:         args.push("--privacy", payload.privacy || "public");
2026-04-04 22:31:15 | INFO | bridge_app | Task 6 [aider]:         args.push("--playlist-name", payload.playlistName || "");
2026-04-04 22:31:15 | INFO | bridge_app | Task 6 [aider]:     }
2026-04-04 22:31:15 | INFO | bridge_app | Task 6 [aider]: 
2026-04-04 22:31:15 | INFO | bridge_app | Task 6 [aider]:     if (instagramEnabled)
2026-04-04 22:31:15 | INFO | bridge_app | Task 6 [aider]:     {
2026-04-04 22:31:15 | INFO | bridge_app | Task 6 [aider]:         // Add Instagram-specific arguments here
2026-04-04 22:31:15 | INFO | bridge_app | Task 6 [aider]:     }
2026-04-04 22:31:15 | INFO | bridge_app | Task 6 [aider]: 
2026-04-04 22:31:15 | INFO | bridge_app | Task 6 [aider]:     if (facebookEnabled)
2026-04-04 22:31:15 | INFO | bridge_app | Task 6 [aider]:     {
2026-04-04 22:31:15 | INFO | bridge_app | Task 6 [aider]:         // Add Facebook-specific arguments here
2026-04-04 22:31:15 | INFO | bridge_app | Task 6 [aider]:     }
2026-04-04 22:31:15 | INFO | bridge_app | Task 6 [aider]: 
2026-04-04 22:31:15 | INFO | bridge_app | Task 6 [aider]:     return {
2026-04-04 22:31:15 | INFO | bridge_app | Task 6 [aider]:         scriptName: youtubeEnabled ? "youtubeBatchUpload.py" : 
2026-04-04 22:31:15 | INFO | bridge_app | Task 6 [aider]: "metaBatchReelsUpload.py",
2026-04-04 22:31:15 | INFO | bridge_app | Task 6 [aider]:         args: args
2026-04-04 22:31:15 | INFO | bridge_app | Task 6 [aider]:     };
2026-04-04 22:31:15 | INFO | bridge_app | Task 6 [aider]: }
2026-04-04 22:31:15 | INFO | bridge_app | Task 6 [aider]: =======
2026-04-04 22:31:15 | INFO | bridge_app | Task 6 [aider]: function buildUploadCommand(payload)
2026-04-04 22:31:15 | INFO | bridge_app | Task 6 [aider]: {
2026-04-04 22:31:15 | INFO | bridge_app | Task 6 [aider]:     const platforms = payload.platforms || {};
2026-04-04 22:31:15 | INFO | bridge_app | Task 6 [aider]:     const options = payload.options || {};
2026-04-04 22:31:15 | INFO | bridge_app | Task 6 [aider]:     const youtubeEnabled = Boolean(platforms.youtube);
2026-04-04 22:31:15 | INFO | bridge_app | Task 6 [aider]:     const instagramEnabled = Boolean(platforms.instagram);
2026-04-04 22:31:15 | INFO | bridge_app | Task 6 [aider]:     const facebookEnabled = Boolean(platforms.facebook);
2026-04-04 22:31:15 | INFO | bridge_app | Task 6 [aider]:     const selectedMetaPlatform = instagramEnabled && facebookEnabled ? "both" :
2026-04-04 22:31:15 | INFO | bridge_app | Task 6 [aider]: instagramEnabled ? "instagram" : "facebook";
2026-04-04 22:31:15 | INFO | bridge_app | Task 6 [aider]: 
2026-04-04 22:31:15 | INFO | bridge_app | Task 6 [aider]:     if (!youtubeEnabled && !instagramEnabled && !facebookEnabled)
2026-04-04 22:31:15 | INFO | bridge_app | Task 6 [aider]:     {
2026-04-04 22:31:15 | INFO | bridge_app | Task 6 [aider]:         throw new Error("Select at least one platform before starting an 
2026-04-04 22:31:15 | INFO | bridge_app | Task 6 [aider]: upload.");
2026-04-04 22:31:15 | INFO | bridge_app | Task 6 [aider]:     }
2026-04-04 22:31:15 | INFO | bridge_app | Task 6 [aider]: 
2026-04-04 22:31:15 | INFO | bridge_app | Task 6 [aider]:     const args = [];
2026-04-04 22:31:15 | INFO | bridge_app | Task 6 [aider]: 
2026-04-04 22:31:15 | INFO | bridge_app | Task 6 [aider]:     if (youtubeEnabled)
2026-04-04 22:31:15 | INFO | bridge_app | Task 6 [aider]:     {
2026-04-04 22:31:15 | INFO | bridge_app | Task 6 [aider]:         args.push("--root", payload.root || path.resolve(__dirname, "..", "..",
2026-04-04 22:31:15 | INFO | bridge_app | Task 6 [aider]: "..", "videos"));
2026-04-04 22:31:15 | INFO | bridge_app | Task 6 [aider]:         args.push("--max-videos", payload.maxVideos || 1);
2026-04-04 22:31:15 | INFO | bridge_app | Task 6 [aider]:         args.push("--privacy", payload.privacy || "public");
2026-04-04 22:31:15 | INFO | bridge_app | Task 6 [aider]:         args.push("--playlist-name", payload.playlistName || "");
2026-04-04 22:31:15 | INFO | bridge_app | Task 6 [aider]:     }
2026-04-04 22:31:15 | INFO | bridge_app | Task 6 [aider]: 
2026-04-04 22:31:15 | INFO | bridge_app | Task 6 [aider]:     if (instagramEnabled)
2026-04-04 22:31:15 | INFO | bridge_app | Task 6 [aider]:     {
2026-04-04 22:31:15 | INFO | bridge_app | Task 6 [aider]:         // Add Instagram-specific arguments here
2026-04-04 22:31:15 | INFO | bridge_app | Task 6 [aider]:     }
2026-04-04 22:31:15 | INFO | bridge_app | Task 6 [aider]: 
2026-04-04 22:31:15 | INFO | bridge_app | Task 6 [aider]:     if (facebookEnabled)
2026-04-04 22:31:15 | INFO | bridge_app | Task 6 [aider]:     {
2026-04-04 22:31:15 | INFO | bridge_app | Task 6 [aider]:         // Add Facebook-specific arguments here
2026-04-04 22:31:15 | INFO | bridge_app | Task 6 [aider]:     }
2026-04-04 22:31:15 | INFO | bridge_app | Task 6 [aider]: 
2026-04-04 22:31:15 | INFO | bridge_app | Task 6 [aider]:     return {
2026-04-04 22:31:15 | INFO | bridge_app | Task 6 [aider]:         scriptName: youtubeEnabled ? "youtubeBatchUpload.py" : 
2026-04-04 22:31:15 | INFO | bridge_app | Task 6 [aider]: "metaBatchReelsUpload.py",
2026-04-04 22:31:15 | INFO | bridge_app | Task 6 [aider]:         args: args
2026-04-04 22:31:15 | INFO | bridge_app | Task 6 [aider]:     };
2026-04-04 22:31:15 | INFO | bridge_app | Task 6 [aider]: }
2026-04-04 22:31:15 | INFO | bridge_app | Task 6 [aider]: >>>>>>> 3e4f5d6a1b2c3d4e5f6a7b8c9d0e1f2g3h4i5j6k7l8m9n0o1p2q3r4s5t6u7v8w9x0y1z
2026-04-04 22:31:15 | INFO | bridge_app | Task 6 [aider]: ```
2026-04-04 22:31:15 | INFO | bridge_app | Task 6 [aider]: ^^^ Expected `>>>>>>> REPLACE` or `=======`
2026-04-04 22:31:15 | INFO | bridge_app | Task 6 [aider]: Your estimated chat context of 33,901 tokens exceeds the 32,768 token limit for
2026-04-04 22:31:15 | INFO | bridge_app | Task 6 [aider]: ollama/qwen2.5-coder:7b!
2026-04-04 22:31:15 | INFO | bridge_app | Task 6 [aider]: To reduce the chat context:
2026-04-04 22:31:15 | INFO | bridge_app | Task 6 [aider]: - Use /drop to remove unneeded files from the chat
2026-04-04 22:31:15 | INFO | bridge_app | Task 6 [aider]: - Use /clear to clear the chat history
2026-04-04 22:31:15 | INFO | bridge_app | Task 6 [aider]: - Break your code into smaller files
2026-04-04 22:31:15 | INFO | bridge_app | Task 6 [aider]: It's probably safe to try and send the request, most providers won't charge if 
2026-04-04 22:31:15 | INFO | bridge_app | Task 6 [aider]: the context limit is exceeded.
2026-04-05 15:55:58 | INFO | bridge_app | Bridge starting — repo: C:\Users\winss\Documents\Projects\shorts-uploader-engine
2026-04-05 15:55:58 | INFO | bridge_app | Bridge running in MANUAL-SUPERVISOR mode — review requests will be written to bridge_progress/manual_supervisor/ and the UI proxy thread handles supervisor dispatch.
2026-04-05 15:55:58 | INFO | bridge_app | Auto-split: detected small model 'qwen2.5-coder:7b' — enabling --auto-split-threshold 3 automatically. Tasks with 3+ files will be split into single-file sub-tasks. Pass --auto-split-threshold 0 to disable.
2026-04-05 15:55:58 | INFO | bridge_app | Git readiness — repo=yes, head=yes, branch=codex/react_electorn_ui, clean=no, staged=0, unstaged=1, untracked=16, next=continue
2026-04-05 15:55:58 | INFO | bridge_app | Added 7 bridge entries to C:\Users\winss\Documents\Projects\shorts-uploader-engine\.gitignore: ['taskJsons/', '.aider.tags.cache.v4/', 'bridge_progress/', 'logs.meta', '.aider.input.history', '.aider.chat.history.md', 'bridge_progress.meta']
2026-04-05 15:55:59 | INFO | bridge_app | Git readiness — repo=yes, head=yes, branch=codex/react_electorn_ui, clean=no, staged=0, unstaged=2, untracked=16, next=continue
2026-04-05 15:55:59 | INFO | bridge_app | Pre-flight checks passed.
2026-04-05 15:55:59 | INFO | bridge_app | Rollback point: 36c7ccc8f1e5822792bdedea2fdbb45f11e7f79f
2026-04-05 15:55:59 | INFO | bridge_app | If this run fails, undo all changes with:  git reset --hard 36c7ccc8f1e5822792bdedea2fdbb45f11e7f79f
2026-04-05 15:55:59 | INFO | bridge_app | Project type (from saved knowledge): script-driven media upload automation with Electron desktop UI
2026-04-05 15:56:00 | INFO | bridge_app | Project understanding ready: 8 docs, 16 files, confirmed=True
2026-04-05 15:56:00 | INFO | bridge_app | Project knowledge loaded: 16 files registered, 3 features done
2026-04-05 15:56:04 | INFO | bridge_app | Validator: project type set from knowledge: 'script-driven media upload automation with Electron desktop UI' → 'unknown'
2026-04-05 15:56:04 | INFO | bridge_app | Loaded 38 task(s) from plan file
2026-04-05 15:56:04 | INFO | bridge_app | Running Aider connection test…
2026-04-05 15:56:04 | INFO | bridge_app | Task 0: estimated LLM generation ~60s (timeout=600s, diff format)
2026-04-05 15:56:06 | INFO | bridge_app | Task 0 [aider]: Can't initialize prompt toolkit: No Windows console found. Are you running 
2026-04-05 15:56:06 | INFO | bridge_app | Task 0 [aider]: cmd.exe?
2026-04-05 15:56:12 | INFO | bridge_app | Task 0 [aider]: 
2026-04-05 15:56:12 | INFO | bridge_app | Task 0 [aider]: Aider v0.86.2
2026-04-05 15:56:12 | INFO | bridge_app | Task 0 [aider]: Model: ollama/qwen2.5-coder:7b with diff edit format
2026-04-05 15:56:12 | INFO | bridge_app | Task 0 [aider]: Git repo: .git with 485 files
2026-04-05 15:56:12 | INFO | bridge_app | Task 0 [aider]: Repo-map: using 1024 tokens, manual refresh
2026-04-05 15:56:12 | INFO | bridge_app | Task 0 [aider]: 
2026-04-05 15:56:21 | INFO | bridge_app | Task 0 [aider]: OK.
2026-04-05 15:56:21 | INFO | bridge_app | Task 0 [aider]: 
2026-04-05 15:56:21 | INFO | bridge_app | Task 0 [aider]: Tokens: 4.0k sent, 3 received.
2026-04-05 15:56:22 | WARNING | bridge_app | Task 0: model edited 3 out-of-scope file(s) — reverting: .gitignore, .metadata_history.json, bridge_progress/project_knowledge.json
2026-04-05 15:56:22 | INFO | bridge_app | Aider connection test passed ✓
2026-04-05 15:56:23 | INFO | bridge_app | Task 6 — attempt 1/11 — files: app/electron/services/uploadService.js
2026-04-05 15:56:23 | INFO | bridge_app | Task 6: estimated LLM generation ~98s (timeout=600s, diff format)
2026-04-05 15:56:25 | INFO | bridge_app | Task 6 [aider]: Can't initialize prompt toolkit: No Windows console found. Are you running 
2026-04-05 15:56:25 | INFO | bridge_app | Task 6 [aider]: cmd.exe?
2026-04-05 15:56:29 | INFO | bridge_app | Task 6 [aider]: 
2026-04-05 15:56:29 | INFO | bridge_app | Task 6 [aider]: Aider v0.86.2
2026-04-05 15:56:29 | INFO | bridge_app | Task 6 [aider]: Model: ollama/qwen2.5-coder:7b with diff edit format
2026-04-05 15:56:29 | INFO | bridge_app | Task 6 [aider]: Git repo: .git with 485 files
2026-04-05 15:56:29 | INFO | bridge_app | Task 6 [aider]: Repo-map: using 1024 tokens, manual refresh
2026-04-05 15:56:29 | INFO | bridge_app | Task 6 [aider]: Added app\electron\services\uploadService.js to the chat.
2026-04-05 15:56:29 | INFO | bridge_app | Task 6 [aider]: Added youtubeBatchUpload.py to the chat (read-only).
2026-04-05 15:56:29 | INFO | bridge_app | Task 6 [aider]: Added metaBatchReelsUpload.py to the chat (read-only).
2026-04-05 15:56:29 | INFO | bridge_app | Task 6 [aider]: 
2026-04-05 15:57:04 | INFO | bridge_app | Task 6 [aider]: To refactor `buildUploadCommand(payload)` to read advanced operator settings 
2026-04-05 15:57:04 | INFO | bridge_app | Task 6 [aider]: from the renderer payload instead of hardcoding one-item defaults, we need to 
2026-04-05 15:57:04 | INFO | bridge_app | Task 6 [aider]: modify `uploadService.js`.
2026-04-05 15:57:04 | INFO | bridge_app | Task 6 [aider]: 
2026-04-05 15:57:04 | INFO | bridge_app | Task 6 [aider]: Here are the *SEARCH/REPLACE* blocks:
2026-04-05 15:57:04 | INFO | bridge_app | Task 6 [aider]: 
2026-04-05 15:57:04 | INFO | bridge_app | Task 6 [aider]: app\electron\services\uploadService.js
2026-04-05 15:57:04 | INFO | bridge_app | Task 6 [aider]: ```python
2026-04-05 15:57:04 | INFO | bridge_app | Task 6 [aider]: <<<<<<< SEARCH
2026-04-05 15:57:04 | INFO | bridge_app | Task 6 [aider]:     if (!youtubeEnabled && (instagramEnabled || facebookEnabled))
2026-04-05 15:57:04 | INFO | bridge_app | Task 6 [aider]:     {
2026-04-05 15:57:04 | INFO | bridge_app | Task 6 [aider]:         return {
2026-04-05 15:57:04 | INFO | bridge_app | Task 6 [aider]:             scriptName: "metaBatchReelsUpload.py",
2026-04-05 15:57:04 | INFO | bridge_app | Task 6 [aider]:             platformLabel: selectedMetaPlatform,
2026-04-05 15:57:04 | INFO | bridge_app | Task 6 [aider]:             scriptArgs: [
2026-04-05 15:57:04 | INFO | bridge_app | Task 6 [aider]:                 "--platform",
2026-04-05 15:57:04 | INFO | bridge_app | Task 6 [aider]:                 selectedMetaPlatform,
2026-04-05 15:57:04 | INFO | bridge_app | Task 6 [aider]:                 "--max-videos",
2026-04-05 15:57:04 | INFO | bridge_app | Task 6 [aider]:                 "1"
2026-04-05 15:57:04 | INFO | bridge_app | Task 6 [aider]:             ]
2026-04-05 15:57:04 | INFO | bridge_app | Task 6 [aider]:         };
2026-04-05 15:57:04 | INFO | bridge_app | Task 6 [aider]:     }
2026-04-05 15:57:04 | INFO | bridge_app | Task 6 [aider]: =======
2026-04-05 15:57:04 | INFO | bridge_app | Task 6 [aider]:     if (!youtubeEnabled && (instagramEnabled || facebookEnabled))
2026-04-05 15:57:04 | INFO | bridge_app | Task 6 [aider]:     {
2026-04-05 15:57:04 | INFO | bridge_app | Task 6 [aider]:         return {
2026-04-05 15:57:04 | INFO | bridge_app | Task 6 [aider]:             scriptName: "metaBatchReelsUpload.py",
2026-04-05 15:57:04 | INFO | bridge_app | Task 6 [aider]:             platformLabel: selectedMetaPlatform,
2026-04-05 15:57:04 | INFO | bridge_app | Task 6 [aider]:             scriptArgs: [
2026-04-05 15:57:04 | INFO | bridge_app | Task 6 [aider]:                 "--platform",
2026-04-05 15:57:04 | INFO | bridge_app | Task 6 [aider]:                 selectedMetaPlatform,
2026-04-05 15:57:04 | INFO | bridge_app | Task 6 [aider]:                 "--root", payload.rootPath,
2026-04-05 15:57:04 | INFO | bridge_app | Task 6 [aider]:                 "--max-videos", payload.maxVideos.toString(),
2026-04-05 15:57:04 | INFO | bridge_app | Task 6 [aider]:                 "--privacy", payload.privacy || "public",
2026-04-05 15:57:04 | INFO | bridge_app | Task 6 [aider]:                 "--playlist-name", payload.playlistName || ""
2026-04-05 15:57:04 | INFO | bridge_app | Task 6 [aider]:             ]
2026-04-05 15:57:04 | INFO | bridge_app | Task 6 [aider]:         };
2026-04-05 15:57:04 | INFO | bridge_app | Task 6 [aider]:     }
2026-04-05 15:57:04 | INFO | bridge_app | Task 6 [aider]: >>>>>>> REPLACE
2026-04-05 15:57:04 | INFO | bridge_app | Task 6 [aider]: ```
2026-04-05 15:57:04 | INFO | bridge_app | Task 6 [aider]: 
2026-04-05 15:57:04 | INFO | bridge_app | Task 6 [aider]: Tokens: 31k sent, 233 received.
2026-04-05 15:57:04 | INFO | bridge_app | Task 6 [aider]: Applied edit to app\electron\services\uploadService.js
2026-04-05 15:57:04 | WARNING | bridge_app | Task 6: model edited 1 out-of-scope file(s) — reverting: .metadata_history.json
2026-04-05 15:57:06 | WARNING | bridge_app | Task 6: unexpected files created outside task scope: converted_shorts/VALORANT_11-13-2025_23-31-40-556.faf0382169.cropv1.shorts.b4fbd2279d.bgmixv1.mp4, converted_shorts/VALORANT_11-13-2025_23-31-40-556.faf0382169.cropv1.shorts.mp4
2026-04-05 15:57:06 | WARNING | bridge_app | Task 6: mechanical check failed — Unexpected files still exist: converted_shorts/VALORANT_11-13-2025_23-31-40-556.faf0382169.cropv1.shorts.b4fbd2279d.bgmixv1.mp4, converted_shorts/VALORANT_11-13-2025_23-31-40-556.faf0382169.cropv1.shorts.mp4
2026-04-05 15:57:06 | INFO | bridge_app | Manual supervisor review requested: C:\Users\winss\Documents\Projects\shorts-uploader-engine\bridge_progress\manual_supervisor\requests\task_0006_request.json
2026-04-05 15:57:06 | INFO | bridge_app | Waiting for manual supervisor decision: C:\Users\winss\Documents\Projects\shorts-uploader-engine\bridge_progress\manual_supervisor\decisions\task_0006_decision.json
2026-04-05 15:57:24 | INFO | bridge_app | Task 6 — attempt 2/11 — files: app/electron/services/uploadService.js
2026-04-05 15:57:24 | INFO | bridge_app | Task 6: estimated LLM generation ~102s (timeout=600s, diff format)
2026-04-05 15:57:27 | INFO | bridge_app | Task 6 [aider]: Can't initialize prompt toolkit: No Windows console found. Are you running 
2026-04-05 15:57:27 | INFO | bridge_app | Task 6 [aider]: cmd.exe?
2026-04-05 15:57:37 | INFO | bridge_app | Task 6 [aider]: 
2026-04-05 15:57:37 | INFO | bridge_app | Task 6 [aider]: Aider v0.86.2
2026-04-05 15:57:37 | INFO | bridge_app | Task 6 [aider]: Model: ollama/qwen2.5-coder:7b with diff edit format
2026-04-05 15:57:37 | INFO | bridge_app | Task 6 [aider]: Git repo: .git with 485 files
2026-04-05 15:57:37 | INFO | bridge_app | Task 6 [aider]: Repo-map: using 1024 tokens, manual refresh
2026-04-05 15:57:37 | INFO | bridge_app | Task 6 [aider]: Added app\electron\services\uploadService.js to the chat.
2026-04-05 15:57:37 | INFO | bridge_app | Task 6 [aider]: 
2026-04-05 15:57:51 | INFO | bridge_app | Task 6 [aider]: app\electron\services\uploadService.js
2026-04-05 15:57:51 | INFO | bridge_app | Task 6 [aider]: ```python
2026-04-05 15:57:51 | INFO | bridge_app | Task 6 [aider]: <<<<<<< SEARCH
2026-04-05 15:57:51 | INFO | bridge_app | Task 6 [aider]:     args.push("--playlist-name", payload.playlistName || "");
2026-04-05 15:57:51 | INFO | bridge_app | Task 6 [aider]: =======
2026-04-05 15:57:51 | INFO | bridge_app | Task 6 [aider]:     if (payload.playlistName) {
2026-04-05 15:57:51 | INFO | bridge_app | Task 6 [aider]:         args.push("--playlist-name", payload.playlistName);
2026-04-05 15:57:51 | INFO | bridge_app | Task 6 [aider]:     }
2026-04-05 15:57:51 | INFO | bridge_app | Task 6 [aider]: >>>>>>> REPLACE
2026-04-05 15:57:51 | INFO | bridge_app | Task 6 [aider]: ```
2026-04-05 15:57:51 | INFO | bridge_app | Task 6 [aider]: 
2026-04-05 15:57:51 | INFO | bridge_app | Task 6 [aider]: Tokens: 4.9k sent, 55 received.
2026-04-05 15:57:51 | INFO | bridge_app | Task 6 [aider]: The LLM did not conform to the edit format.
2026-04-05 15:57:51 | INFO | bridge_app | Task 6 [aider]: https://aider.chat/docs/troubleshooting/edit-errors.html
2026-04-05 15:57:51 | INFO | bridge_app | Task 6 [aider]: 
2026-04-05 15:57:51 | INFO | bridge_app | Task 6 [aider]: # 1 SEARCH/REPLACE block failed to match!
2026-04-05 15:57:51 | INFO | bridge_app | Task 6 [aider]: 
2026-04-05 15:57:51 | INFO | bridge_app | Task 6 [aider]: ## SearchReplaceNoExactMatch: This SEARCH block failed to exactly match lines 
2026-04-05 15:57:51 | INFO | bridge_app | Task 6 [aider]: in app\electron\services\uploadService.js
2026-04-05 15:57:51 | INFO | bridge_app | Task 6 [aider]: <<<<<<< SEARCH
2026-04-05 15:57:51 | INFO | bridge_app | Task 6 [aider]:     args.push("--playlist-name", payload.playlistName || "");
2026-04-05 15:57:51 | INFO | bridge_app | Task 6 [aider]: =======
2026-04-05 15:57:51 | INFO | bridge_app | Task 6 [aider]:     if (payload.playlistName) {
2026-04-05 15:57:51 | INFO | bridge_app | Task 6 [aider]:         args.push("--playlist-name", payload.playlistName);
2026-04-05 15:57:51 | INFO | bridge_app | Task 6 [aider]:     }
2026-04-05 15:57:51 | INFO | bridge_app | Task 6 [aider]: >>>>>>> REPLACE
2026-04-05 15:57:51 | INFO | bridge_app | Task 6 [aider]: 
2026-04-05 15:57:51 | INFO | bridge_app | Task 6 [aider]: The SEARCH section must exactly match an existing block of lines including all 
2026-04-05 15:57:51 | INFO | bridge_app | Task 6 [aider]: white space, comments, indentation, docstrings, etc
2026-04-05 15:57:51 | INFO | bridge_app | Task 6 [aider]: 
2026-04-05 15:57:57 | INFO | bridge_app | Task 6 [aider]: app\electron\services\uploadService.js
2026-04-05 15:57:57 | INFO | bridge_app | Task 6 [aider]: ```python
2026-04-05 15:57:57 | INFO | bridge_app | Task 6 [aider]: <<<<<<< SEARCH
2026-04-05 15:57:57 | INFO | bridge_app | Task 6 [aider]:     args.push("--playlist-name", payload.playlistName || "");
2026-04-05 15:57:57 | INFO | bridge_app | Task 6 [aider]: =======
2026-04-05 15:57:57 | INFO | bridge_app | Task 6 [aider]:     if (payload.playlistName) {
2026-04-05 15:57:57 | INFO | bridge_app | Task 6 [aider]:         args.push("--playlist-name", payload.playlistName);
2026-04-05 15:57:57 | INFO | bridge_app | Task 6 [aider]:     }
2026-04-05 15:57:57 | INFO | bridge_app | Task 6 [aider]: >>>>>>> REPLACE
2026-04-05 15:57:57 | INFO | bridge_app | Task 6 [aider]: ```
2026-04-05 15:57:57 | INFO | bridge_app | Task 6 [aider]: 
2026-04-05 15:57:57 | INFO | bridge_app | Task 6 [aider]: Tokens: 5.1k sent, 55 received.
2026-04-05 15:57:57 | INFO | bridge_app | Task 6 [aider]: The LLM did not conform to the edit format.
2026-04-05 15:57:57 | INFO | bridge_app | Task 6 [aider]: https://aider.chat/docs/troubleshooting/edit-errors.html
2026-04-05 15:57:57 | INFO | bridge_app | Task 6 [aider]: 
2026-04-05 15:57:57 | INFO | bridge_app | Task 6 [aider]: # 1 SEARCH/REPLACE block failed to match!
2026-04-05 15:57:57 | INFO | bridge_app | Task 6 [aider]: 
2026-04-05 15:57:57 | INFO | bridge_app | Task 6 [aider]: ## SearchReplaceNoExactMatch: This SEARCH block failed to exactly match lines 
2026-04-05 15:57:57 | INFO | bridge_app | Task 6 [aider]: in app\electron\services\uploadService.js
2026-04-05 15:57:57 | INFO | bridge_app | Task 6 [aider]: <<<<<<< SEARCH
2026-04-05 15:57:57 | INFO | bridge_app | Task 6 [aider]:     args.push("--playlist-name", payload.playlistName || "");
2026-04-05 15:57:57 | INFO | bridge_app | Task 6 [aider]: =======
2026-04-05 15:57:57 | INFO | bridge_app | Task 6 [aider]:     if (payload.playlistName) {
2026-04-05 15:57:57 | INFO | bridge_app | Task 6 [aider]:         args.push("--playlist-name", payload.playlistName);
2026-04-05 15:57:57 | INFO | bridge_app | Task 6 [aider]:     }
2026-04-05 15:57:57 | INFO | bridge_app | Task 6 [aider]: >>>>>>> REPLACE
2026-04-05 15:57:57 | INFO | bridge_app | Task 6 [aider]: 
2026-04-05 15:57:57 | INFO | bridge_app | Task 6 [aider]: The SEARCH section must exactly match an existing block of lines including all 
2026-04-05 15:57:57 | INFO | bridge_app | Task 6 [aider]: white space, comments, indentation, docstrings, etc
2026-04-05 15:57:57 | INFO | bridge_app | Task 6 [aider]: 
2026-04-05 15:58:04 | INFO | bridge_app | Task 6 [aider]: app\electron\services\uploadService.js
2026-04-05 15:58:04 | INFO | bridge_app | Task 6 [aider]: ```python
2026-04-05 15:58:04 | INFO | bridge_app | Task 6 [aider]: <<<<<<< SEARCH
2026-04-05 15:58:04 | INFO | bridge_app | Task 6 [aider]:     args.push("--playlist-name", payload.playlistName || "");
2026-04-05 15:58:04 | INFO | bridge_app | Task 6 [aider]: =======
2026-04-05 15:58:04 | INFO | bridge_app | Task 6 [aider]:     if (payload.playlistName) {
2026-04-05 15:58:04 | INFO | bridge_app | Task 6 [aider]:         args.push("--playlist-name", payload.playlistName);
2026-04-05 15:58:04 | INFO | bridge_app | Task 6 [aider]:     }
2026-04-05 15:58:04 | INFO | bridge_app | Task 6 [aider]: >>>>>>> REPLACE
2026-04-05 15:58:04 | INFO | bridge_app | Task 6 [aider]: ```
2026-04-05 15:58:04 | INFO | bridge_app | Task 6 [aider]: 
2026-04-05 15:58:04 | INFO | bridge_app | Task 6 [aider]: Tokens: 5.2k sent, 55 received.
2026-04-05 15:58:04 | INFO | bridge_app | Task 6 [aider]: The LLM did not conform to the edit format.
2026-04-05 15:58:04 | INFO | bridge_app | Task 6 [aider]: https://aider.chat/docs/troubleshooting/edit-errors.html
2026-04-05 15:58:04 | INFO | bridge_app | Task 6 [aider]: 
2026-04-05 15:58:04 | INFO | bridge_app | Task 6 [aider]: # 1 SEARCH/REPLACE block failed to match!
2026-04-05 15:58:04 | INFO | bridge_app | Task 6 [aider]: 
2026-04-05 15:58:04 | INFO | bridge_app | Task 6 [aider]: ## SearchReplaceNoExactMatch: This SEARCH block failed to exactly match lines 
2026-04-05 15:58:04 | INFO | bridge_app | Task 6 [aider]: in app\electron\services\uploadService.js
2026-04-05 15:58:04 | INFO | bridge_app | Task 6 [aider]: <<<<<<< SEARCH
2026-04-05 15:58:04 | INFO | bridge_app | Task 6 [aider]:     args.push("--playlist-name", payload.playlistName || "");
2026-04-05 15:58:04 | INFO | bridge_app | Task 6 [aider]: =======
2026-04-05 15:58:04 | INFO | bridge_app | Task 6 [aider]:     if (payload.playlistName) {
2026-04-05 15:58:04 | INFO | bridge_app | Task 6 [aider]:         args.push("--playlist-name", payload.playlistName);
2026-04-05 15:58:04 | INFO | bridge_app | Task 6 [aider]:     }
2026-04-05 15:58:04 | INFO | bridge_app | Task 6 [aider]: >>>>>>> REPLACE
2026-04-05 15:58:04 | INFO | bridge_app | Task 6 [aider]: 
2026-04-05 15:58:04 | INFO | bridge_app | Task 6 [aider]: The SEARCH section must exactly match an existing block of lines including all 
2026-04-05 15:58:04 | INFO | bridge_app | Task 6 [aider]: white space, comments, indentation, docstrings, etc
2026-04-05 15:58:04 | INFO | bridge_app | Task 6 [aider]: 
2026-04-05 15:58:10 | INFO | bridge_app | Task 6 [aider]: app\electron\services\uploadService.js
2026-04-05 15:58:10 | INFO | bridge_app | Task 6 [aider]: ```python
2026-04-05 15:58:10 | INFO | bridge_app | Task 6 [aider]: <<<<<<< SEARCH
2026-04-05 15:58:10 | INFO | bridge_app | Task 6 [aider]:     args.push("--playlist-name", payload.playlistName || "");
2026-04-05 15:58:10 | INFO | bridge_app | Task 6 [aider]: =======
2026-04-05 15:58:10 | INFO | bridge_app | Task 6 [aider]:     if (payload.playlistName) {
2026-04-05 15:58:10 | INFO | bridge_app | Task 6 [aider]:         args.push("--playlist-name", payload.playlistName);
2026-04-05 15:58:10 | INFO | bridge_app | Task 6 [aider]:     }
2026-04-05 15:58:10 | INFO | bridge_app | Task 6 [aider]: >>>>>>> REPLACE
2026-04-05 15:58:10 | INFO | bridge_app | Task 6 [aider]: ```
2026-04-05 15:58:10 | INFO | bridge_app | Task 6 [aider]: 
2026-04-05 15:58:10 | INFO | bridge_app | Task 6 [aider]: Tokens: 5.4k sent, 55 received.
2026-04-05 15:58:10 | INFO | bridge_app | Task 6 [aider]: The LLM did not conform to the edit format.
2026-04-05 15:58:10 | INFO | bridge_app | Task 6 [aider]: https://aider.chat/docs/troubleshooting/edit-errors.html
2026-04-05 15:58:10 | INFO | bridge_app | Task 6 [aider]: 
2026-04-05 15:58:10 | INFO | bridge_app | Task 6 [aider]: # 1 SEARCH/REPLACE block failed to match!
2026-04-05 15:58:10 | INFO | bridge_app | Task 6 [aider]: 
2026-04-05 15:58:10 | INFO | bridge_app | Task 6 [aider]: ## SearchReplaceNoExactMatch: This SEARCH block failed to exactly match lines 
2026-04-05 15:58:10 | INFO | bridge_app | Task 6 [aider]: in app\electron\services\uploadService.js
2026-04-05 15:58:10 | INFO | bridge_app | Task 6 [aider]: <<<<<<< SEARCH
2026-04-05 15:58:10 | INFO | bridge_app | Task 6 [aider]:     args.push("--playlist-name", payload.playlistName || "");
2026-04-05 15:58:10 | INFO | bridge_app | Task 6 [aider]: =======
2026-04-05 15:58:10 | INFO | bridge_app | Task 6 [aider]:     if (payload.playlistName) {
2026-04-05 15:58:10 | INFO | bridge_app | Task 6 [aider]:         args.push("--playlist-name", payload.playlistName);
2026-04-05 15:58:10 | INFO | bridge_app | Task 6 [aider]:     }
2026-04-05 15:58:10 | INFO | bridge_app | Task 6 [aider]: >>>>>>> REPLACE
2026-04-05 15:58:10 | INFO | bridge_app | Task 6 [aider]: 
2026-04-05 15:58:10 | INFO | bridge_app | Task 6 [aider]: The SEARCH section must exactly match an existing block of lines including all 
2026-04-05 15:58:10 | INFO | bridge_app | Task 6 [aider]: white space, comments, indentation, docstrings, etc
2026-04-05 15:58:10 | INFO | bridge_app | Task 6 [aider]: 
2026-04-05 15:58:10 | INFO | bridge_app | Task 6 [aider]: Only 3 reflections allowed, stopping.
2026-04-05 15:58:11 | WARNING | bridge_app | Task 6: model edited 1 out-of-scope file(s) — reverting: .metadata_history.json
2026-04-05 15:58:11 | WARNING | bridge_app | Task 6: Aider exited 0 but these file(s) are unchanged: uploadService.js
2026-04-05 15:58:11 | WARNING | bridge_app | Task 6: Aider failed (exit 0): Aider exit code 0: Aider reported success but did not modify: uploadService.js. Implement the task completely — do not skip or stub.
2026-04-05 15:58:11 | INFO | bridge_app | Task 6: backing off 2s before retry 3 (skipping review — no useful output)
2026-04-05 15:58:14 | INFO | bridge_app | Task 6 — attempt 3/11 — files: app/electron/services/uploadService.js
2026-04-05 15:58:14 | INFO | bridge_app | Task 6: estimated LLM generation ~102s (timeout=600s, diff format)
2026-04-05 15:58:16 | INFO | bridge_app | Task 6 [aider]: Can't initialize prompt toolkit: No Windows console found. Are you running 
2026-04-05 15:58:16 | INFO | bridge_app | Task 6 [aider]: cmd.exe?
2026-04-05 15:58:20 | INFO | bridge_app | Task 6 [aider]: 
2026-04-05 15:58:20 | INFO | bridge_app | Task 6 [aider]: Aider v0.86.2
2026-04-05 15:58:20 | INFO | bridge_app | Task 6 [aider]: Model: ollama/qwen2.5-coder:7b with diff edit format
2026-04-05 15:58:20 | INFO | bridge_app | Task 6 [aider]: Git repo: .git with 485 files
2026-04-05 15:58:20 | INFO | bridge_app | Task 6 [aider]: Repo-map: using 1024 tokens, manual refresh
2026-04-05 15:58:20 | INFO | bridge_app | Task 6 [aider]: Added app\electron\services\uploadService.js to the chat.
2026-04-05 15:58:20 | INFO | bridge_app | Task 6 [aider]: 
2026-04-05 15:58:29 | INFO | bridge_app | Task 6 [aider]: app\electron\services\uploadService.js
2026-04-05 15:58:29 | INFO | bridge_app | Task 6 [aider]: ```python
2026-04-05 15:58:29 | INFO | bridge_app | Task 6 [aider]: <<<<<<< SEARCH
2026-04-05 15:58:29 | INFO | bridge_app | Task 6 [aider]:     const scriptArgs = [
2026-04-05 15:58:29 | INFO | bridge_app | Task 6 [aider]:         "--platform",
2026-04-05 15:58:29 | INFO | bridge_app | Task 6 [aider]:         selectedMetaPlatform,
2026-04-05 15:58:29 | INFO | bridge_app | Task 6 [aider]:         "--root", payload.rootPath,
2026-04-05 15:58:29 | INFO | bridge_app | Task 6 [aider]:         "--max-videos", payload.maxVideos.toString(),
2026-04-05 15:58:29 | INFO | bridge_app | Task 6 [aider]:         "--privacy", payload.privacy || "public",
2026-04-05 15:58:29 | INFO | bridge_app | Task 6 [aider]:         "--playlist-name", payload.playlistName || ""
2026-04-05 15:58:29 | INFO | bridge_app | Task 6 [aider]:     ];
2026-04-05 15:58:29 | INFO | bridge_app | Task 6 [aider]: =======
2026-04-05 15:58:29 | INFO | bridge_app | Task 6 [aider]:     const scriptArgs = [
2026-04-05 15:58:29 | INFO | bridge_app | Task 6 [aider]:         "--platform",
2026-04-05 15:58:29 | INFO | bridge_app | Task 6 [aider]:         selectedMetaPlatform,
2026-04-05 15:58:29 | INFO | bridge_app | Task 6 [aider]:         "--root", payload.rootPath,
2026-04-05 15:58:29 | INFO | bridge_app | Task 6 [aider]:         "--max-videos", payload.maxVideos.toString(),
2026-04-05 15:58:29 | INFO | bridge_app | Task 6 [aider]:         "--privacy", payload.privacy || "public"
2026-04-05 15:58:29 | INFO | bridge_app | Task 6 [aider]:     ];
2026-04-05 15:58:29 | INFO | bridge_app | Task 6 [aider]: 
2026-04-05 15:58:29 | INFO | bridge_app | Task 6 [aider]:     if (payload.playlistName) {
2026-04-05 15:58:29 | INFO | bridge_app | Task 6 [aider]:         scriptArgs.push("--playlist-name", payload.playlistName);
2026-04-05 15:58:29 | INFO | bridge_app | Task 6 [aider]:     }
2026-04-05 15:58:29 | INFO | bridge_app | Task 6 [aider]: >>>>>>> REPLACE
2026-04-05 15:58:29 | INFO | bridge_app | Task 6 [aider]: ```
2026-04-05 15:58:29 | INFO | bridge_app | Task 6 [aider]: 
2026-04-05 15:58:29 | INFO | bridge_app | Task 6 [aider]: Tokens: 5.0k sent, 148 received.
2026-04-05 15:58:29 | INFO | bridge_app | Task 6 [aider]: The LLM did not conform to the edit format.
2026-04-05 15:58:29 | INFO | bridge_app | Task 6 [aider]: https://aider.chat/docs/troubleshooting/edit-errors.html
2026-04-05 15:58:29 | INFO | bridge_app | Task 6 [aider]: 
2026-04-05 15:58:29 | INFO | bridge_app | Task 6 [aider]: # 1 SEARCH/REPLACE block failed to match!
2026-04-05 15:58:29 | INFO | bridge_app | Task 6 [aider]: 
2026-04-05 15:58:29 | INFO | bridge_app | Task 6 [aider]: ## SearchReplaceNoExactMatch: This SEARCH block failed to exactly match lines 
2026-04-05 15:58:29 | INFO | bridge_app | Task 6 [aider]: in app\electron\services\uploadService.js
2026-04-05 15:58:29 | INFO | bridge_app | Task 6 [aider]: <<<<<<< SEARCH
2026-04-05 15:58:29 | INFO | bridge_app | Task 6 [aider]:     const scriptArgs = [
2026-04-05 15:58:29 | INFO | bridge_app | Task 6 [aider]:         "--platform",
2026-04-05 15:58:29 | INFO | bridge_app | Task 6 [aider]:         selectedMetaPlatform,
2026-04-05 15:58:29 | INFO | bridge_app | Task 6 [aider]:         "--root", payload.rootPath,
2026-04-05 15:58:29 | INFO | bridge_app | Task 6 [aider]:         "--max-videos", payload.maxVideos.toString(),
2026-04-05 15:58:29 | INFO | bridge_app | Task 6 [aider]:         "--privacy", payload.privacy || "public",
2026-04-05 15:58:29 | INFO | bridge_app | Task 6 [aider]:         "--playlist-name", payload.playlistName || ""
2026-04-05 15:58:29 | INFO | bridge_app | Task 6 [aider]:     ];
2026-04-05 15:58:29 | INFO | bridge_app | Task 6 [aider]: =======
2026-04-05 15:58:29 | INFO | bridge_app | Task 6 [aider]:     const scriptArgs = [
2026-04-05 15:58:29 | INFO | bridge_app | Task 6 [aider]:         "--platform",
2026-04-05 15:58:29 | INFO | bridge_app | Task 6 [aider]:         selectedMetaPlatform,
2026-04-05 15:58:29 | INFO | bridge_app | Task 6 [aider]:         "--root", payload.rootPath,
2026-04-05 15:58:29 | INFO | bridge_app | Task 6 [aider]:         "--max-videos", payload.maxVideos.toString(),
2026-04-05 15:58:29 | INFO | bridge_app | Task 6 [aider]:         "--privacy", payload.privacy || "public"
2026-04-05 15:58:29 | INFO | bridge_app | Task 6 [aider]:     ];
2026-04-05 15:58:29 | INFO | bridge_app | Task 6 [aider]: 
2026-04-05 15:58:29 | INFO | bridge_app | Task 6 [aider]:     if (payload.playlistName) {
2026-04-05 15:58:29 | INFO | bridge_app | Task 6 [aider]:         scriptArgs.push("--playlist-name", payload.playlistName);
2026-04-05 15:58:29 | INFO | bridge_app | Task 6 [aider]:     }
2026-04-05 15:58:29 | INFO | bridge_app | Task 6 [aider]: >>>>>>> REPLACE
2026-04-05 15:58:29 | INFO | bridge_app | Task 6 [aider]: 
2026-04-05 15:58:29 | INFO | bridge_app | Task 6 [aider]: The SEARCH section must exactly match an existing block of lines including all 
2026-04-05 15:58:29 | INFO | bridge_app | Task 6 [aider]: white space, comments, indentation, docstrings, etc
2026-04-05 15:58:29 | INFO | bridge_app | Task 6 [aider]: 
2026-04-05 15:58:37 | INFO | bridge_app | Task 6 [aider]: app\electron\services\uploadService.js
2026-04-05 15:58:37 | INFO | bridge_app | Task 6 [aider]: ```python
2026-04-05 15:58:37 | INFO | bridge_app | Task 6 [aider]: <<<<<<< SEARCH
2026-04-05 15:58:37 | INFO | bridge_app | Task 6 [aider]:     const scriptArgs = [
2026-04-05 15:58:37 | INFO | bridge_app | Task 6 [aider]:         "--platform",
2026-04-05 15:58:37 | INFO | bridge_app | Task 6 [aider]:         selectedMetaPlatform,
2026-04-05 15:58:37 | INFO | bridge_app | Task 6 [aider]:         "--root", payload.rootPath,
2026-04-05 15:58:37 | INFO | bridge_app | Task 6 [aider]:         "--max-videos", payload.maxVideos.toString(),
2026-04-05 15:58:37 | INFO | bridge_app | Task 6 [aider]:         "--privacy", payload.privacy || "public",
2026-04-05 15:58:37 | INFO | bridge_app | Task 6 [aider]:         "--playlist-name", payload.playlistName || ""
2026-04-05 15:58:37 | INFO | bridge_app | Task 6 [aider]:     ];
2026-04-05 15:58:37 | INFO | bridge_app | Task 6 [aider]: =======
2026-04-05 15:58:37 | INFO | bridge_app | Task 6 [aider]:     const scriptArgs = [
2026-04-05 15:58:37 | INFO | bridge_app | Task 6 [aider]:         "--platform",
2026-04-05 15:58:37 | INFO | bridge_app | Task 6 [aider]:         selectedMetaPlatform,
2026-04-05 15:58:37 | INFO | bridge_app | Task 6 [aider]:         "--root", payload.rootPath,
2026-04-05 15:58:37 | INFO | bridge_app | Task 6 [aider]:         "--max-videos", payload.maxVideos.toString(),
2026-04-05 15:58:37 | INFO | bridge_app | Task 6 [aider]:         "--privacy", payload.privacy || "public"
2026-04-05 15:58:37 | INFO | bridge_app | Task 6 [aider]:     ];
2026-04-05 15:58:37 | INFO | bridge_app | Task 6 [aider]: 
2026-04-05 15:58:37 | INFO | bridge_app | Task 6 [aider]:     if (payload.playlistName) {
2026-04-05 15:58:37 | INFO | bridge_app | Task 6 [aider]:         scriptArgs.push("--playlist-name", payload.playlistName);
2026-04-05 15:58:37 | INFO | bridge_app | Task 6 [aider]:     }
2026-04-05 15:58:37 | INFO | bridge_app | Task 6 [aider]: >>>>>>> REPLACE
2026-04-05 15:58:37 | INFO | bridge_app | Task 6 [aider]: ```
2026-04-05 15:58:37 | INFO | bridge_app | Task 6 [aider]: 
2026-04-05 15:58:37 | INFO | bridge_app | Task 6 [aider]: Tokens: 5.4k sent, 148 received.
2026-04-05 15:58:37 | INFO | bridge_app | Task 6 [aider]: The LLM did not conform to the edit format.
2026-04-05 15:58:37 | INFO | bridge_app | Task 6 [aider]: https://aider.chat/docs/troubleshooting/edit-errors.html
2026-04-05 15:58:37 | INFO | bridge_app | Task 6 [aider]: 
2026-04-05 15:58:37 | INFO | bridge_app | Task 6 [aider]: # 1 SEARCH/REPLACE block failed to match!
2026-04-05 15:58:37 | INFO | bridge_app | Task 6 [aider]: 
2026-04-05 15:58:37 | INFO | bridge_app | Task 6 [aider]: ## SearchReplaceNoExactMatch: This SEARCH block failed to exactly match lines 
2026-04-05 15:58:37 | INFO | bridge_app | Task 6 [aider]: in app\electron\services\uploadService.js
2026-04-05 15:58:37 | INFO | bridge_app | Task 6 [aider]: <<<<<<< SEARCH
2026-04-05 15:58:37 | INFO | bridge_app | Task 6 [aider]:     const scriptArgs = [
2026-04-05 15:58:37 | INFO | bridge_app | Task 6 [aider]:         "--platform",
2026-04-05 15:58:37 | INFO | bridge_app | Task 6 [aider]:         selectedMetaPlatform,
2026-04-05 15:58:37 | INFO | bridge_app | Task 6 [aider]:         "--root", payload.rootPath,
2026-04-05 15:58:37 | INFO | bridge_app | Task 6 [aider]:         "--max-videos", payload.maxVideos.toString(),
2026-04-05 15:58:37 | INFO | bridge_app | Task 6 [aider]:         "--privacy", payload.privacy || "public",
2026-04-05 15:58:37 | INFO | bridge_app | Task 6 [aider]:         "--playlist-name", payload.playlistName || ""
2026-04-05 15:58:37 | INFO | bridge_app | Task 6 [aider]:     ];
2026-04-05 15:58:37 | INFO | bridge_app | Task 6 [aider]: =======
2026-04-05 15:58:37 | INFO | bridge_app | Task 6 [aider]:     const scriptArgs = [
2026-04-05 15:58:37 | INFO | bridge_app | Task 6 [aider]:         "--platform",
2026-04-05 15:58:37 | INFO | bridge_app | Task 6 [aider]:         selectedMetaPlatform,
2026-04-05 15:58:37 | INFO | bridge_app | Task 6 [aider]:         "--root", payload.rootPath,
2026-04-05 15:58:37 | INFO | bridge_app | Task 6 [aider]:         "--max-videos", payload.maxVideos.toString(),
2026-04-05 15:58:37 | INFO | bridge_app | Task 6 [aider]:         "--privacy", payload.privacy || "public"
2026-04-05 15:58:37 | INFO | bridge_app | Task 6 [aider]:     ];
2026-04-05 15:58:37 | INFO | bridge_app | Task 6 [aider]: 
2026-04-05 15:58:37 | INFO | bridge_app | Task 6 [aider]:     if (payload.playlistName) {
2026-04-05 15:58:37 | INFO | bridge_app | Task 6 [aider]:         scriptArgs.push("--playlist-name", payload.playlistName);
2026-04-05 15:58:37 | INFO | bridge_app | Task 6 [aider]:     }
2026-04-05 15:58:37 | INFO | bridge_app | Task 6 [aider]: >>>>>>> REPLACE
2026-04-05 15:58:37 | INFO | bridge_app | Task 6 [aider]: 
2026-04-05 15:58:37 | INFO | bridge_app | Task 6 [aider]: The SEARCH section must exactly match an existing block of lines including all 
2026-04-05 15:58:37 | INFO | bridge_app | Task 6 [aider]: white space, comments, indentation, docstrings, etc
2026-04-05 15:58:37 | INFO | bridge_app | Task 6 [aider]: 
2026-04-05 15:58:46 | INFO | bridge_app | Task 6 [aider]: app\electron\services\uploadService.js
2026-04-05 15:58:46 | INFO | bridge_app | Task 6 [aider]: ```python
2026-04-05 15:58:46 | INFO | bridge_app | Task 6 [aider]: <<<<<<< SEARCH
2026-04-05 15:58:46 | INFO | bridge_app | Task 6 [aider]:     const scriptArgs = [
2026-04-05 15:58:46 | INFO | bridge_app | Task 6 [aider]:         "--platform",
2026-04-05 15:58:46 | INFO | bridge_app | Task 6 [aider]:         selectedMetaPlatform,
2026-04-05 15:58:46 | INFO | bridge_app | Task 6 [aider]:         "--root", payload.rootPath,
2026-04-05 15:58:46 | INFO | bridge_app | Task 6 [aider]:         "--max-videos", payload.maxVideos.toString(),
2026-04-05 15:58:46 | INFO | bridge_app | Task 6 [aider]:         "--privacy", payload.privacy || "public",
2026-04-05 15:58:46 | INFO | bridge_app | Task 6 [aider]:         "--playlist-name", payload.playlistName || ""
2026-04-05 15:58:46 | INFO | bridge_app | Task 6 [aider]:     ];
2026-04-05 15:58:46 | INFO | bridge_app | Task 6 [aider]: =======
2026-04-05 15:58:46 | INFO | bridge_app | Task 6 [aider]:     const scriptArgs = [
2026-04-05 15:58:46 | INFO | bridge_app | Task 6 [aider]:         "--platform",
2026-04-05 15:58:46 | INFO | bridge_app | Task 6 [aider]:         selectedMetaPlatform,
2026-04-05 15:58:46 | INFO | bridge_app | Task 6 [aider]:         "--root", payload.rootPath,
2026-04-05 15:58:46 | INFO | bridge_app | Task 6 [aider]:         "--max-videos", payload.maxVideos.toString(),
2026-04-05 15:58:46 | INFO | bridge_app | Task 6 [aider]:         "--privacy", payload.privacy || "public"
2026-04-05 15:58:46 | INFO | bridge_app | Task 6 [aider]:     ];
2026-04-05 15:58:46 | INFO | bridge_app | Task 6 [aider]: 
2026-04-05 15:58:46 | INFO | bridge_app | Task 6 [aider]:     if (payload.playlistName) {
2026-04-05 15:58:46 | INFO | bridge_app | Task 6 [aider]:         scriptArgs.push("--playlist-name", payload.playlistName);
2026-04-05 15:58:46 | INFO | bridge_app | Task 6 [aider]:     }
2026-04-05 15:58:46 | INFO | bridge_app | Task 6 [aider]: >>>>>>> REPLACE
2026-04-05 15:58:46 | INFO | bridge_app | Task 6 [aider]: ```
2026-04-05 15:58:46 | INFO | bridge_app | Task 6 [aider]: 
2026-04-05 15:58:46 | INFO | bridge_app | Task 6 [aider]: Tokens: 5.8k sent, 148 received.
2026-04-05 15:58:46 | INFO | bridge_app | Task 6 [aider]: The LLM did not conform to the edit format.
2026-04-05 15:58:46 | INFO | bridge_app | Task 6 [aider]: https://aider.chat/docs/troubleshooting/edit-errors.html
2026-04-05 15:58:46 | INFO | bridge_app | Task 6 [aider]: 
2026-04-05 15:58:46 | INFO | bridge_app | Task 6 [aider]: # 1 SEARCH/REPLACE block failed to match!
2026-04-05 15:58:46 | INFO | bridge_app | Task 6 [aider]: 
2026-04-05 15:58:46 | INFO | bridge_app | Task 6 [aider]: ## SearchReplaceNoExactMatch: This SEARCH block failed to exactly match lines 
2026-04-05 15:58:46 | INFO | bridge_app | Task 6 [aider]: in app\electron\services\uploadService.js
2026-04-05 15:58:46 | INFO | bridge_app | Task 6 [aider]: <<<<<<< SEARCH
2026-04-05 15:58:46 | INFO | bridge_app | Task 6 [aider]:     const scriptArgs = [
2026-04-05 15:58:46 | INFO | bridge_app | Task 6 [aider]:         "--platform",
2026-04-05 15:58:46 | INFO | bridge_app | Task 6 [aider]:         selectedMetaPlatform,
2026-04-05 15:58:46 | INFO | bridge_app | Task 6 [aider]:         "--root", payload.rootPath,
2026-04-05 15:58:46 | INFO | bridge_app | Task 6 [aider]:         "--max-videos", payload.maxVideos.toString(),
2026-04-05 15:58:46 | INFO | bridge_app | Task 6 [aider]:         "--privacy", payload.privacy || "public",
2026-04-05 15:58:46 | INFO | bridge_app | Task 6 [aider]:         "--playlist-name", payload.playlistName || ""
2026-04-05 15:58:46 | INFO | bridge_app | Task 6 [aider]:     ];
2026-04-05 15:58:46 | INFO | bridge_app | Task 6 [aider]: =======
2026-04-05 15:58:46 | INFO | bridge_app | Task 6 [aider]:     const scriptArgs = [
2026-04-05 15:58:46 | INFO | bridge_app | Task 6 [aider]:         "--platform",
2026-04-05 15:58:46 | INFO | bridge_app | Task 6 [aider]:         selectedMetaPlatform,
2026-04-05 15:58:46 | INFO | bridge_app | Task 6 [aider]:         "--root", payload.rootPath,
2026-04-05 15:58:46 | INFO | bridge_app | Task 6 [aider]:         "--max-videos", payload.maxVideos.toString(),
2026-04-05 15:58:46 | INFO | bridge_app | Task 6 [aider]:         "--privacy", payload.privacy || "public"
2026-04-05 15:58:46 | INFO | bridge_app | Task 6 [aider]:     ];
2026-04-05 15:58:46 | INFO | bridge_app | Task 6 [aider]: 
2026-04-05 15:58:46 | INFO | bridge_app | Task 6 [aider]:     if (payload.playlistName) {
2026-04-05 15:58:46 | INFO | bridge_app | Task 6 [aider]:         scriptArgs.push("--playlist-name", payload.playlistName);
2026-04-05 15:58:46 | INFO | bridge_app | Task 6 [aider]:     }
2026-04-05 15:58:46 | INFO | bridge_app | Task 6 [aider]: >>>>>>> REPLACE
2026-04-05 15:58:46 | INFO | bridge_app | Task 6 [aider]: 
2026-04-05 15:58:46 | INFO | bridge_app | Task 6 [aider]: The SEARCH section must exactly match an existing block of lines including all 
2026-04-05 15:58:46 | INFO | bridge_app | Task 6 [aider]: white space, comments, indentation, docstrings, etc
2026-04-05 15:58:46 | INFO | bridge_app | Task 6 [aider]: 
2026-04-05 15:58:55 | INFO | bridge_app | Task 6 [aider]: app\electron\services\uploadService.js
2026-04-05 15:58:55 | INFO | bridge_app | Task 6 [aider]: ```python
2026-04-05 15:58:55 | INFO | bridge_app | Task 6 [aider]: <<<<<<< SEARCH
2026-04-05 15:58:55 | INFO | bridge_app | Task 6 [aider]:     const scriptArgs = [
2026-04-05 15:58:55 | INFO | bridge_app | Task 6 [aider]:         "--platform",
2026-04-05 15:58:55 | INFO | bridge_app | Task 6 [aider]:         selectedMetaPlatform,
2026-04-05 15:58:55 | INFO | bridge_app | Task 6 [aider]:         "--root", payload.rootPath,
2026-04-05 15:58:55 | INFO | bridge_app | Task 6 [aider]:         "--max-videos", payload.maxVideos.toString(),
2026-04-05 15:58:55 | INFO | bridge_app | Task 6 [aider]:         "--privacy", payload.privacy || "public",
2026-04-05 15:58:55 | INFO | bridge_app | Task 6 [aider]:         "--playlist-name", payload.playlistName || ""
2026-04-05 15:58:55 | INFO | bridge_app | Task 6 [aider]:     ];
2026-04-05 15:58:55 | INFO | bridge_app | Task 6 [aider]: =======
2026-04-05 15:58:55 | INFO | bridge_app | Task 6 [aider]:     const scriptArgs = [
2026-04-05 15:58:55 | INFO | bridge_app | Task 6 [aider]:         "--platform",
2026-04-05 15:58:55 | INFO | bridge_app | Task 6 [aider]:         selectedMetaPlatform,
2026-04-05 15:58:55 | INFO | bridge_app | Task 6 [aider]:         "--root", payload.rootPath,
2026-04-05 15:58:55 | INFO | bridge_app | Task 6 [aider]:         "--max-videos", payload.maxVideos.toString(),
2026-04-05 15:58:55 | INFO | bridge_app | Task 6 [aider]:         "--privacy", payload.privacy || "public"
2026-04-05 15:58:55 | INFO | bridge_app | Task 6 [aider]:     ];
2026-04-05 15:58:55 | INFO | bridge_app | Task 6 [aider]: 
2026-04-05 15:58:55 | INFO | bridge_app | Task 6 [aider]:     if (payload.playlistName) {
2026-04-05 15:58:55 | INFO | bridge_app | Task 6 [aider]:         scriptArgs.push("--playlist-name", payload.playlistName);
2026-04-05 15:58:55 | INFO | bridge_app | Task 6 [aider]:     }
2026-04-05 15:58:55 | INFO | bridge_app | Task 6 [aider]: >>>>>>> REPLACE
2026-04-05 15:58:55 | INFO | bridge_app | Task 6 [aider]: ```
2026-04-05 15:58:55 | INFO | bridge_app | Task 6 [aider]: 
2026-04-05 15:58:55 | INFO | bridge_app | Task 6 [aider]: Tokens: 6.1k sent, 148 received.
2026-04-05 15:58:55 | INFO | bridge_app | Task 6 [aider]: The LLM did not conform to the edit format.
2026-04-05 15:58:55 | INFO | bridge_app | Task 6 [aider]: https://aider.chat/docs/troubleshooting/edit-errors.html
2026-04-05 15:58:55 | INFO | bridge_app | Task 6 [aider]: 
2026-04-05 15:58:55 | INFO | bridge_app | Task 6 [aider]: # 1 SEARCH/REPLACE block failed to match!
2026-04-05 15:58:55 | INFO | bridge_app | Task 6 [aider]: 
2026-04-05 15:58:55 | INFO | bridge_app | Task 6 [aider]: ## SearchReplaceNoExactMatch: This SEARCH block failed to exactly match lines 
2026-04-05 15:58:55 | INFO | bridge_app | Task 6 [aider]: in app\electron\services\uploadService.js
2026-04-05 15:58:55 | INFO | bridge_app | Task 6 [aider]: <<<<<<< SEARCH
2026-04-05 15:58:55 | INFO | bridge_app | Task 6 [aider]:     const scriptArgs = [
2026-04-05 15:58:55 | INFO | bridge_app | Task 6 [aider]:         "--platform",
2026-04-05 15:58:55 | INFO | bridge_app | Task 6 [aider]:         selectedMetaPlatform,
2026-04-05 15:58:55 | INFO | bridge_app | Task 6 [aider]:         "--root", payload.rootPath,
2026-04-05 15:58:55 | INFO | bridge_app | Task 6 [aider]:         "--max-videos", payload.maxVideos.toString(),
2026-04-05 15:58:55 | INFO | bridge_app | Task 6 [aider]:         "--privacy", payload.privacy || "public",
2026-04-05 15:58:55 | INFO | bridge_app | Task 6 [aider]:         "--playlist-name", payload.playlistName || ""
2026-04-05 15:58:55 | INFO | bridge_app | Task 6 [aider]:     ];
2026-04-05 15:58:55 | INFO | bridge_app | Task 6 [aider]: =======
2026-04-05 15:58:55 | INFO | bridge_app | Task 6 [aider]:     const scriptArgs = [
2026-04-05 15:58:55 | INFO | bridge_app | Task 6 [aider]:         "--platform",
2026-04-05 15:58:55 | INFO | bridge_app | Task 6 [aider]:         selectedMetaPlatform,
2026-04-05 15:58:55 | INFO | bridge_app | Task 6 [aider]:         "--root", payload.rootPath,
2026-04-05 15:58:55 | INFO | bridge_app | Task 6 [aider]:         "--max-videos", payload.maxVideos.toString(),
2026-04-05 15:58:55 | INFO | bridge_app | Task 6 [aider]:         "--privacy", payload.privacy || "public"
2026-04-05 15:58:55 | INFO | bridge_app | Task 6 [aider]:     ];
2026-04-05 15:58:55 | INFO | bridge_app | Task 6 [aider]: 
2026-04-05 15:58:55 | INFO | bridge_app | Task 6 [aider]:     if (payload.playlistName) {
2026-04-05 15:58:55 | INFO | bridge_app | Task 6 [aider]:         scriptArgs.push("--playlist-name", payload.playlistName);
2026-04-05 15:58:55 | INFO | bridge_app | Task 6 [aider]:     }
2026-04-05 15:58:55 | INFO | bridge_app | Task 6 [aider]: >>>>>>> REPLACE
2026-04-05 15:58:55 | INFO | bridge_app | Task 6 [aider]: 
2026-04-05 15:58:55 | INFO | bridge_app | Task 6 [aider]: The SEARCH section must exactly match an existing block of lines including all 
2026-04-05 15:58:55 | INFO | bridge_app | Task 6 [aider]: white space, comments, indentation, docstrings, etc
2026-04-05 15:58:55 | INFO | bridge_app | Task 6 [aider]: 
2026-04-05 15:58:55 | INFO | bridge_app | Task 6 [aider]: Only 3 reflections allowed, stopping.
2026-04-05 15:58:56 | WARNING | bridge_app | Task 6: model edited 1 out-of-scope file(s) — reverting: .metadata_history.json
2026-04-05 15:58:56 | WARNING | bridge_app | Task 6: Aider exited 0 but these file(s) are unchanged: uploadService.js
2026-04-05 15:58:56 | WARNING | bridge_app | Task 6: Aider failed (exit 0): Aider exit code 0: Aider reported success but did not modify: uploadService.js. Implement the task completely — do not skip or stub.
2026-04-05 15:58:56 | ERROR | bridge_app | Task 6: same error repeated 2 times — aborting retries: Aider exit code 0: Aider reported success but did not modify: uploadService.js. Implement the task completely — do not skip or stub.
2026-04-05 15:58:56 | INFO | bridge_app | Task 6: rolled back to 36c7ccc8 after failure
2026-04-05 15:58:56 | ERROR | bridge_app | Bridge run failed after 177.4s: Task 6: same error repeated — Aider exit code 0: Aider reported success but did not modify: uploadService.js. Implement the task completely — do not skip or stub.
Traceback (most recent call last):
  File "C:\Users\winss\Documents\Projects\codex-aider-bridge-app\main.py", line 2545, in main
    task_diff = execute_task_with_review(
                ^^^^^^^^^^^^^^^^^^^^^^^^^
  File "C:\Users\winss\Documents\Projects\codex-aider-bridge-app\main.py", line 1235, in execute_task_with_review
    raise RuntimeError(
RuntimeError: Task 6: same error repeated — Aider exit code 0: Aider reported success but did not modify: uploadService.js. Implement the task completely — do not skip or stub.
2026-04-05 15:58:56 | WARNING | bridge_app | To undo all changes made during this run:  git reset --hard 36c7ccc8f1e5822792bdedea2fdbb45f11e7f79f
2026-04-06 00:00:29 | INFO | bridge_app | Bridge starting — repo: D:\BridgeProjectExperiment
2026-04-06 00:00:29 | INFO | bridge_app | Bridge running in MANUAL-SUPERVISOR mode — review requests will be written to bridge_progress/manual_supervisor/ and the UI proxy thread handles supervisor dispatch.
2026-04-06 00:00:29 | INFO | bridge_app | Auto-split: detected small model 'ollama/qwen2.5-coder:7b' — enabling --auto-split-threshold 3 automatically. Tasks with 3+ files will be split into single-file sub-tasks. Pass --auto-split-threshold 0 to disable.
2026-04-06 00:00:29 | INFO | bridge_app | Git readiness — repo=yes, head=yes, branch=codex/react_electorn_ui, clean=no, staged=0, unstaged=441, untracked=11, next=continue
2026-04-06 00:00:29 | INFO | bridge_app | Added 6 bridge entries to D:\BridgeProjectExperiment\.gitignore: ['taskJsons/', '.aider.tags.cache.v4/', 'bridge_progress/', 'logs.meta', '.aider.chat.history.md', 'bridge_progress.meta']
2026-04-06 00:00:29 | INFO | bridge_app | Git readiness — repo=yes, head=yes, branch=codex/react_electorn_ui, clean=no, staged=0, unstaged=441, untracked=11, next=continue
2026-04-06 00:00:29 | INFO | bridge_app | Pre-flight checks passed.
2026-04-06 00:00:29 | INFO | bridge_app | Rollback point: 36c7ccc8f1e5822792bdedea2fdbb45f11e7f79f
2026-04-06 00:00:29 | INFO | bridge_app | If this run fails, undo all changes with:  git reset --hard 36c7ccc8f1e5822792bdedea2fdbb45f11e7f79f
2026-04-06 00:00:29 | INFO | bridge_app | Project type (from saved knowledge): node
2026-04-06 00:00:29 | INFO | bridge_app | Project understanding ready: 8 docs, 75 files, confirmed=True
2026-04-06 00:00:29 | INFO | bridge_app | Project knowledge loaded: 75 files registered, 3 features done
2026-04-06 00:00:29 | INFO | bridge_app | Validator: project type set from knowledge: 'node' → 'unknown'
2026-04-06 00:00:29 | INFO | bridge_app | Loaded 10 task(s) from plan file
2026-04-06 00:00:29 | INFO | bridge_app | Plan hash: 2676280c12cb1c1f (10 tasks)
2026-04-06 00:00:29 | INFO | bridge_app | Running Aider connection test…
2026-04-06 00:00:29 | INFO | bridge_app | Task 0: estimated LLM generation ~60s (timeout=600s, diff format)
2026-04-06 00:00:29 | INFO | bridge_app | Edit format: whole (0 lines total — under 2000 threshold)
2026-04-06 00:00:32 | INFO | bridge_app | Task 0 [aider]: Can't initialize prompt toolkit: Found xterm-256color, while expecting a 
2026-04-06 00:00:32 | INFO | bridge_app | Task 0 [aider]: Windows console. Maybe try to run this program using "winpty" or run it in 
2026-04-06 00:00:32 | INFO | bridge_app | Task 0 [aider]: cmd.exe instead. Or otherwise, in case of Cygwin, use the Python executable 
2026-04-06 00:00:32 | INFO | bridge_app | Task 0 [aider]: that is compiled for Cygwin.
2026-04-06 00:00:48 | INFO | bridge_app | Task 0 [aider]: 
2026-04-06 00:00:48 | INFO | bridge_app | Task 0 [aider]: Aider v0.86.2
2026-04-06 00:00:48 | INFO | bridge_app | Task 0 [aider]: Model: ollama/qwen2.5-coder:7b with whole edit format
2026-04-06 00:00:48 | INFO | bridge_app | Task 0 [aider]: Git repo: .git with 485 files
2026-04-06 00:00:48 | INFO | bridge_app | Task 0 [aider]: Repo-map: using 1024 tokens, manual refresh
2026-04-06 00:00:48 | INFO | bridge_app | Task 0 [aider]: 
2026-04-06 00:00:51 | INFO | bridge_app | Task 0 [aider]: Initial repo scan can be slow in larger repos, but only happens once.
2026-04-06 00:00:56 | INFO | bridge_app | Task 0 [aider]: Repo-map can't include D:\BridgeProjectExperiment\generated_metadata\VALORANT 
2026-04-06 00:00:56 | INFO | bridge_app | Task 0 [aider]: 01-01-2026 22-23-50-114.metadata.json
2026-04-06 00:00:56 | INFO | bridge_app | Task 0 [aider]: Has it been deleted from the file system but not from git?
2026-04-06 00:00:56 | INFO | bridge_app | Task 0 [aider]: Repo-map can't include D:\BridgeProjectExperiment\generated_metadata\VALORANT 
2026-04-06 00:00:56 | INFO | bridge_app | Task 0 [aider]: 01-01-2026 22-27-44-486.metadata.json
2026-04-06 00:00:56 | INFO | bridge_app | Task 0 [aider]: Has it been deleted from the file system but not from git?
2026-04-06 00:00:56 | INFO | bridge_app | Task 0 [aider]: Repo-map can't include D:\BridgeProjectExperiment\generated_metadata\VALORANT 
2026-04-06 00:00:56 | INFO | bridge_app | Task 0 [aider]: 01-01-2026 22-30-00-065.metadata.json
2026-04-06 00:00:56 | INFO | bridge_app | Task 0 [aider]: Has it been deleted from the file system but not from git?
2026-04-06 00:00:56 | INFO | bridge_app | Task 0 [aider]: Repo-map can't include D:\BridgeProjectExperiment\generated_metadata\VALORANT 
2026-04-06 00:00:56 | INFO | bridge_app | Task 0 [aider]: 01-01-2026 22-44-24-319.metadata.json
2026-04-06 00:00:56 | INFO | bridge_app | Task 0 [aider]: Has it been deleted from the file system but not from git?
2026-04-06 00:00:56 | INFO | bridge_app | Task 0 [aider]: Repo-map can't include D:\BridgeProjectExperiment\generated_metadata\VALORANT 
2026-04-06 00:00:56 | INFO | bridge_app | Task 0 [aider]: 01-01-2026 22-50-27-907.metadata.json
2026-04-06 00:00:56 | INFO | bridge_app | Task 0 [aider]: Has it been deleted from the file system but not from git?
2026-04-06 00:00:56 | INFO | bridge_app | Task 0 [aider]: Repo-map can't include D:\BridgeProjectExperiment\generated_metadata\VALORANT 
2026-04-06 00:00:56 | INFO | bridge_app | Task 0 [aider]: 01-01-2026 22-53-03-725.metadata.json
2026-04-06 00:00:56 | INFO | bridge_app | Task 0 [aider]: Has it been deleted from the file system but not from git?
2026-04-06 00:00:56 | INFO | bridge_app | Task 0 [aider]: Repo-map can't include D:\BridgeProjectExperiment\generated_metadata\VALORANT 
2026-04-06 00:00:56 | INFO | bridge_app | Task 0 [aider]: 01-01-2026 22-58-00-769.metadata.json
2026-04-06 00:00:56 | INFO | bridge_app | Task 0 [aider]: Has it been deleted from the file system but not from git?
2026-04-06 00:00:56 | INFO | bridge_app | Task 0 [aider]: Repo-map can't include D:\BridgeProjectExperiment\generated_metadata\VALORANT 
2026-04-06 00:00:56 | INFO | bridge_app | Task 0 [aider]: 01-03-2026 16-07-35-572.metadata.json
2026-04-06 00:00:56 | INFO | bridge_app | Task 0 [aider]: Has it been deleted from the file system but not from git?
2026-04-06 00:00:56 | INFO | bridge_app | Task 0 [aider]: Repo-map can't include D:\BridgeProjectExperiment\generated_metadata\VALORANT 
2026-04-06 00:00:56 | INFO | bridge_app | Task 0 [aider]: 01-03-2026 16-14-57-271.metadata.json
2026-04-06 00:00:56 | INFO | bridge_app | Task 0 [aider]: Has it been deleted from the file system but not from git?
2026-04-06 00:00:56 | INFO | bridge_app | Task 0 [aider]: Repo-map can't include D:\BridgeProjectExperiment\generated_metadata\VALORANT 
2026-04-06 00:00:56 | INFO | bridge_app | Task 0 [aider]: 01-03-2026 16-16-46-604.metadata.json
2026-04-06 00:00:56 | INFO | bridge_app | Task 0 [aider]: Has it been deleted from the file system but not from git?
2026-04-06 00:00:56 | INFO | bridge_app | Task 0 [aider]: Repo-map can't include D:\BridgeProjectExperiment\generated_metadata\VALORANT 
2026-04-06 00:00:56 | INFO | bridge_app | Task 0 [aider]: 01-03-2026 16-17-56-113.metadata.json
2026-04-06 00:00:56 | INFO | bridge_app | Task 0 [aider]: Has it been deleted from the file system but not from git?
2026-04-06 00:00:56 | INFO | bridge_app | Task 0 [aider]: Repo-map can't include D:\BridgeProjectExperiment\generated_metadata\VALORANT 
2026-04-06 00:00:56 | INFO | bridge_app | Task 0 [aider]: 01-03-2026 16-18-26-465.metadata.json
2026-04-06 00:00:56 | INFO | bridge_app | Task 0 [aider]: Has it been deleted from the file system but not from git?
2026-04-06 00:00:56 | INFO | bridge_app | Task 0 [aider]: Repo-map can't include D:\BridgeProjectExperiment\generated_metadata\VALORANT 
2026-04-06 00:00:56 | INFO | bridge_app | Task 0 [aider]: 01-03-2026 16-21-54-521.metadata.json
2026-04-06 00:00:56 | INFO | bridge_app | Task 0 [aider]: Has it been deleted from the file system but not from git?
2026-04-06 00:00:56 | INFO | bridge_app | Task 0 [aider]: Repo-map can't include D:\BridgeProjectExperiment\generated_metadata\VALORANT 
2026-04-06 00:00:56 | INFO | bridge_app | Task 0 [aider]: 01-03-2026 16-22-46-066.metadata.json
2026-04-06 00:00:56 | INFO | bridge_app | Task 0 [aider]: Has it been deleted from the file system but not from git?
2026-04-06 00:00:56 | INFO | bridge_app | Task 0 [aider]: Repo-map can't include D:\BridgeProjectExperiment\generated_metadata\VALORANT 
2026-04-06 00:00:56 | INFO | bridge_app | Task 0 [aider]: 01-03-2026 16-38-38-337.metadata.json
2026-04-06 00:00:56 | INFO | bridge_app | Task 0 [aider]: Has it been deleted from the file system but not from git?
2026-04-06 00:00:56 | INFO | bridge_app | Task 0 [aider]: Repo-map can't include D:\BridgeProjectExperiment\generated_metadata\VALORANT 
2026-04-06 00:00:56 | INFO | bridge_app | Task 0 [aider]: 01-03-2026 16-39-33-381.metadata.json
2026-04-06 00:00:56 | INFO | bridge_app | Task 0 [aider]: Has it been deleted from the file system but not from git?
2026-04-06 00:00:56 | INFO | bridge_app | Task 0 [aider]: Repo-map can't include D:\BridgeProjectExperiment\generated_metadata\VALORANT 
2026-04-06 00:00:56 | INFO | bridge_app | Task 0 [aider]: 01-03-2026 16-40-54-988.metadata.json
2026-04-06 00:00:56 | INFO | bridge_app | Task 0 [aider]: Has it been deleted from the file system but not from git?
2026-04-06 00:00:56 | INFO | bridge_app | Task 0 [aider]: Repo-map can't include D:\BridgeProjectExperiment\generated_metadata\VALORANT 
2026-04-06 00:00:56 | INFO | bridge_app | Task 0 [aider]: 01-03-2026 16-42-09-922.metadata.json
2026-04-06 00:00:56 | INFO | bridge_app | Task 0 [aider]: Has it been deleted from the file system but not from git?
2026-04-06 00:00:56 | INFO | bridge_app | Task 0 [aider]: Repo-map can't include D:\BridgeProjectExperiment\generated_metadata\VALORANT 
2026-04-06 00:00:56 | INFO | bridge_app | Task 0 [aider]: 01-03-2026 16-43-00-791.metadata.json
2026-04-06 00:00:56 | INFO | bridge_app | Task 0 [aider]: Has it been deleted from the file system but not from git?
2026-04-06 00:00:56 | INFO | bridge_app | Task 0 [aider]: Repo-map can't include D:\BridgeProjectExperiment\generated_metadata\VALORANT 
2026-04-06 00:00:56 | INFO | bridge_app | Task 0 [aider]: 01-04-2026 0-57-57-840.metadata.json
2026-04-06 00:00:56 | INFO | bridge_app | Task 0 [aider]: Has it been deleted from the file system but not from git?
2026-04-06 00:00:56 | INFO | bridge_app | Task 0 [aider]: Repo-map can't include D:\BridgeProjectExperiment\generated_metadata\VALORANT 
2026-04-06 00:00:56 | INFO | bridge_app | Task 0 [aider]: 01-04-2026 1-06-37-837.metadata.json
2026-04-06 00:00:56 | INFO | bridge_app | Task 0 [aider]: Has it been deleted from the file system but not from git?
2026-04-06 00:00:56 | INFO | bridge_app | Task 0 [aider]: Repo-map can't include D:\BridgeProjectExperiment\generated_metadata\VALORANT 
2026-04-06 00:00:56 | INFO | bridge_app | Task 0 [aider]: 01-04-2026 1-08-03-392.metadata.json
2026-04-06 00:00:56 | INFO | bridge_app | Task 0 [aider]: Has it been deleted from the file system but not from git?
2026-04-06 00:00:56 | INFO | bridge_app | Task 0 [aider]: Repo-map can't include D:\BridgeProjectExperiment\generated_metadata\VALORANT 
2026-04-06 00:00:56 | INFO | bridge_app | Task 0 [aider]: 01-04-2026 1-09-17-161.metadata.json
2026-04-06 00:00:56 | INFO | bridge_app | Task 0 [aider]: Has it been deleted from the file system but not from git?
2026-04-06 00:00:56 | INFO | bridge_app | Task 0 [aider]: Repo-map can't include D:\BridgeProjectExperiment\generated_metadata\VALORANT 
2026-04-06 00:00:56 | INFO | bridge_app | Task 0 [aider]: 01-04-2026 1-14-55-788.metadata.json
2026-04-06 00:00:56 | INFO | bridge_app | Task 0 [aider]: Has it been deleted from the file system but not from git?
2026-04-06 00:00:56 | INFO | bridge_app | Task 0 [aider]: Repo-map can't include D:\BridgeProjectExperiment\generated_metadata\VALORANT 
2026-04-06 00:00:56 | INFO | bridge_app | Task 0 [aider]: 01-04-2026 1-18-07-927.metadata.json
2026-04-06 00:00:56 | INFO | bridge_app | Task 0 [aider]: Has it been deleted from the file system but not from git?
2026-04-06 00:00:56 | INFO | bridge_app | Task 0 [aider]: Repo-map can't include D:\BridgeProjectExperiment\generated_metadata\VALORANT 
2026-04-06 00:00:56 | INFO | bridge_app | Task 0 [aider]: 01-04-2026 1-22-34-870.metadata.json
2026-04-06 00:00:56 | INFO | bridge_app | Task 0 [aider]: Has it been deleted from the file system but not from git?
2026-04-06 00:00:56 | INFO | bridge_app | Task 0 [aider]: Repo-map can't include D:\BridgeProjectExperiment\generated_metadata\VALORANT 
2026-04-06 00:00:56 | INFO | bridge_app | Task 0 [aider]: 01-04-2026 1-27-36-355.metadata.json
2026-04-06 00:00:56 | INFO | bridge_app | Task 0 [aider]: Has it been deleted from the file system but not from git?
2026-04-06 00:00:56 | INFO | bridge_app | Task 0 [aider]: Repo-map can't include D:\BridgeProjectExperiment\generated_metadata\VALORANT 
2026-04-06 00:00:56 | INFO | bridge_app | Task 0 [aider]: 01-04-2026 1-30-00-414.metadata.json
2026-04-06 00:00:56 | INFO | bridge_app | Task 0 [aider]: Has it been deleted from the file system but not from git?
2026-04-06 00:00:56 | INFO | bridge_app | Task 0 [aider]: Repo-map can't include D:\BridgeProjectExperiment\generated_metadata\VALORANT 
2026-04-06 00:00:56 | INFO | bridge_app | Task 0 [aider]: 01-04-2026 1-34-23-807.metadata.json
2026-04-06 00:00:56 | INFO | bridge_app | Task 0 [aider]: Has it been deleted from the file system but not from git?
2026-04-06 00:00:56 | INFO | bridge_app | Task 0 [aider]: Repo-map can't include D:\BridgeProjectExperiment\generated_metadata\VALORANT 
2026-04-06 00:00:56 | INFO | bridge_app | Task 0 [aider]: 01-04-2026 1-42-08-070.metadata.json
2026-04-06 00:00:56 | INFO | bridge_app | Task 0 [aider]: Has it been deleted from the file system but not from git?
2026-04-06 00:00:56 | INFO | bridge_app | Task 0 [aider]: Repo-map can't include D:\BridgeProjectExperiment\generated_metadata\VALORANT 
2026-04-06 00:00:56 | INFO | bridge_app | Task 0 [aider]: 01-04-2026 2-24-19-689.metadata.json
2026-04-06 00:00:56 | INFO | bridge_app | Task 0 [aider]: Has it been deleted from the file system but not from git?
2026-04-06 00:00:56 | INFO | bridge_app | Task 0 [aider]: Repo-map can't include D:\BridgeProjectExperiment\generated_metadata\VALORANT 
2026-04-06 00:00:56 | INFO | bridge_app | Task 0 [aider]: 01-04-2026 2-27-29-476.metadata.json
2026-04-06 00:00:56 | INFO | bridge_app | Task 0 [aider]: Has it been deleted from the file system but not from git?
2026-04-06 00:00:56 | INFO | bridge_app | Task 0 [aider]: Repo-map can't include D:\BridgeProjectExperiment\generated_metadata\VALORANT 
2026-04-06 00:00:56 | INFO | bridge_app | Task 0 [aider]: 01-04-2026 2-33-15-879.metadata.json
2026-04-06 00:00:56 | INFO | bridge_app | Task 0 [aider]: Has it been deleted from the file system but not from git?
2026-04-06 00:00:56 | INFO | bridge_app | Task 0 [aider]: Repo-map can't include D:\BridgeProjectExperiment\generated_metadata\VALORANT 
2026-04-06 00:00:56 | INFO | bridge_app | Task 0 [aider]: 01-04-2026 2-35-53-342.metadata.json
2026-04-06 00:00:56 | INFO | bridge_app | Task 0 [aider]: Has it been deleted from the file system but not from git?
2026-04-06 00:00:56 | INFO | bridge_app | Task 0 [aider]: Repo-map can't include D:\BridgeProjectExperiment\generated_metadata\VALORANT 
2026-04-06 00:00:56 | INFO | bridge_app | Task 0 [aider]: 01-04-2026 2-42-35-890.metadata.json
2026-04-06 00:00:56 | INFO | bridge_app | Task 0 [aider]: Has it been deleted from the file system but not from git?
2026-04-06 00:00:56 | INFO | bridge_app | Task 0 [aider]: Repo-map can't include D:\BridgeProjectExperiment\generated_metadata\VALORANT 
2026-04-06 00:00:56 | INFO | bridge_app | Task 0 [aider]: 01-04-2026 2-42-57-892.metadata.json
2026-04-06 00:00:56 | INFO | bridge_app | Task 0 [aider]: Has it been deleted from the file system but not from git?
2026-04-06 00:00:56 | INFO | bridge_app | Task 0 [aider]: Repo-map can't include D:\BridgeProjectExperiment\generated_metadata\VALORANT 
2026-04-06 00:00:56 | INFO | bridge_app | Task 0 [aider]: 01-04-2026 2-45-04-051.metadata.json
2026-04-06 00:00:56 | INFO | bridge_app | Task 0 [aider]: Has it been deleted from the file system but not from git?
2026-04-06 00:00:56 | INFO | bridge_app | Task 0 [aider]: Repo-map can't include D:\BridgeProjectExperiment\generated_metadata\VALORANT 
2026-04-06 00:00:56 | INFO | bridge_app | Task 0 [aider]: 01-04-2026 2-47-17-535.metadata.json
2026-04-06 00:00:56 | INFO | bridge_app | Task 0 [aider]: Has it been deleted from the file system but not from git?
2026-04-06 00:00:56 | INFO | bridge_app | Task 0 [aider]: Repo-map can't include D:\BridgeProjectExperiment\generated_metadata\VALORANT 
2026-04-06 00:00:56 | INFO | bridge_app | Task 0 [aider]: 01-04-2026 2-47-50-718.metadata.json
2026-04-06 00:00:56 | INFO | bridge_app | Task 0 [aider]: Has it been deleted from the file system but not from git?
2026-04-06 00:00:56 | INFO | bridge_app | Task 0 [aider]: Repo-map can't include D:\BridgeProjectExperiment\generated_metadata\VALORANT 
2026-04-06 00:00:56 | INFO | bridge_app | Task 0 [aider]: 01-04-2026 2-49-35-029.metadata.json
2026-04-06 00:00:56 | INFO | bridge_app | Task 0 [aider]: Has it been deleted from the file system but not from git?
2026-04-06 00:00:56 | INFO | bridge_app | Task 0 [aider]: Repo-map can't include D:\BridgeProjectExperiment\generated_metadata\VALORANT 
2026-04-06 00:00:56 | INFO | bridge_app | Task 0 [aider]: 01-04-2026 2-50-26-703.metadata.json
2026-04-06 00:00:56 | INFO | bridge_app | Task 0 [aider]: Has it been deleted from the file system but not from git?
2026-04-06 00:00:56 | INFO | bridge_app | Task 0 [aider]: Repo-map can't include D:\BridgeProjectExperiment\generated_metadata\VALORANT 
2026-04-06 00:00:56 | INFO | bridge_app | Task 0 [aider]: 01-04-2026 2-53-38-842.metadata.json
2026-04-06 00:00:56 | INFO | bridge_app | Task 0 [aider]: Has it been deleted from the file system but not from git?
2026-04-06 00:00:56 | INFO | bridge_app | Task 0 [aider]: Repo-map can't include D:\BridgeProjectExperiment\generated_metadata\VALORANT 
2026-04-06 00:00:56 | INFO | bridge_app | Task 0 [aider]: 01-12-2026 22-06-49-225.metadata.json
2026-04-06 00:00:56 | INFO | bridge_app | Task 0 [aider]: Has it been deleted from the file system but not from git?
2026-04-06 00:00:56 | INFO | bridge_app | Task 0 [aider]: Repo-map can't include D:\BridgeProjectExperiment\generated_metadata\VALORANT 
2026-04-06 00:00:56 | INFO | bridge_app | Task 0 [aider]: 01-12-2026 22-09-51-404.metadata.json
2026-04-06 00:00:56 | INFO | bridge_app | Task 0 [aider]: Has it been deleted from the file system but not from git?
2026-04-06 00:00:56 | INFO | bridge_app | Task 0 [aider]: Repo-map can't include D:\BridgeProjectExperiment\generated_metadata\VALORANT 
2026-04-06 00:00:56 | INFO | bridge_app | Task 0 [aider]: 01-12-2026 22-12-09-913.metadata.json
2026-04-06 00:00:56 | INFO | bridge_app | Task 0 [aider]: Has it been deleted from the file system but not from git?
2026-04-06 00:00:56 | INFO | bridge_app | Task 0 [aider]: Repo-map can't include D:\BridgeProjectExperiment\generated_metadata\VALORANT 
2026-04-06 00:00:56 | INFO | bridge_app | Task 0 [aider]: 01-12-2026 22-15-30-591.metadata.json
2026-04-06 00:00:56 | INFO | bridge_app | Task 0 [aider]: Has it been deleted from the file system but not from git?
2026-04-06 00:00:56 | INFO | bridge_app | Task 0 [aider]: Repo-map can't include D:\BridgeProjectExperiment\generated_metadata\VALORANT 
2026-04-06 00:00:56 | INFO | bridge_app | Task 0 [aider]: 01-12-2026 22-17-01-939.metadata.json
2026-04-06 00:00:56 | INFO | bridge_app | Task 0 [aider]: Has it been deleted from the file system but not from git?
2026-04-06 00:00:56 | INFO | bridge_app | Task 0 [aider]: Repo-map can't include D:\BridgeProjectExperiment\generated_metadata\VALORANT 
2026-04-06 00:00:56 | INFO | bridge_app | Task 0 [aider]: 01-12-2026 22-21-16-079.metadata.json
2026-04-06 00:00:56 | INFO | bridge_app | Task 0 [aider]: Has it been deleted from the file system but not from git?
2026-04-06 00:00:56 | INFO | bridge_app | Task 0 [aider]: Repo-map can't include D:\BridgeProjectExperiment\generated_metadata\VALORANT 
2026-04-06 00:00:56 | INFO | bridge_app | Task 0 [aider]: 01-12-2026 22-25-49-179.metadata.json
2026-04-06 00:00:56 | INFO | bridge_app | Task 0 [aider]: Has it been deleted from the file system but not from git?
2026-04-06 00:00:56 | INFO | bridge_app | Task 0 [aider]: Repo-map can't include D:\BridgeProjectExperiment\generated_metadata\VALORANT 
2026-04-06 00:00:56 | INFO | bridge_app | Task 0 [aider]: 01-12-2026 22-27-26-406.metadata.json
2026-04-06 00:00:56 | INFO | bridge_app | Task 0 [aider]: Has it been deleted from the file system but not from git?
2026-04-06 00:00:56 | INFO | bridge_app | Task 0 [aider]: Repo-map can't include D:\BridgeProjectExperiment\generated_metadata\VALORANT 
2026-04-06 00:00:56 | INFO | bridge_app | Task 0 [aider]: 01-12-2026 22-28-29-340.metadata.json
2026-04-06 00:00:56 | INFO | bridge_app | Task 0 [aider]: Has it been deleted from the file system but not from git?
2026-04-06 00:00:56 | INFO | bridge_app | Task 0 [aider]: Repo-map can't include D:\BridgeProjectExperiment\generated_metadata\VALORANT 
2026-04-06 00:00:56 | INFO | bridge_app | Task 0 [aider]: 01-12-2026 22-29-44-056.metadata.json
2026-04-06 00:00:56 | INFO | bridge_app | Task 0 [aider]: Has it been deleted from the file system but not from git?
2026-04-06 00:00:56 | INFO | bridge_app | Task 0 [aider]: Repo-map can't include D:\BridgeProjectExperiment\generated_metadata\VALORANT 
2026-04-06 00:00:56 | INFO | bridge_app | Task 0 [aider]: 01-12-2026 22-30-19-773.metadata.json
2026-04-06 00:00:56 | INFO | bridge_app | Task 0 [aider]: Has it been deleted from the file system but not from git?
2026-04-06 00:00:56 | INFO | bridge_app | Task 0 [aider]: Repo-map can't include D:\BridgeProjectExperiment\generated_metadata\VALORANT 
2026-04-06 00:00:56 | INFO | bridge_app | Task 0 [aider]: 01-12-2026 22-40-29-242.metadata.json
2026-04-06 00:00:56 | INFO | bridge_app | Task 0 [aider]: Has it been deleted from the file system but not from git?
2026-04-06 00:00:56 | INFO | bridge_app | Task 0 [aider]: Repo-map can't include D:\BridgeProjectExperiment\generated_metadata\VALORANT 
2026-04-06 00:00:56 | INFO | bridge_app | Task 0 [aider]: 01-12-2026 22-40-52-146.metadata.json
2026-04-06 00:00:56 | INFO | bridge_app | Task 0 [aider]: Has it been deleted from the file system but not from git?
2026-04-06 00:00:56 | INFO | bridge_app | Task 0 [aider]: Repo-map can't include D:\BridgeProjectExperiment\generated_metadata\VALORANT 
2026-04-06 00:00:56 | INFO | bridge_app | Task 0 [aider]: 01-12-2026 22-46-38-864.metadata.json
2026-04-06 00:00:56 | INFO | bridge_app | Task 0 [aider]: Has it been deleted from the file system but not from git?
2026-04-06 00:00:56 | INFO | bridge_app | Task 0 [aider]: Repo-map can't include D:\BridgeProjectExperiment\generated_metadata\VALORANT 
2026-04-06 00:00:56 | INFO | bridge_app | Task 0 [aider]: 01-12-2026 22-47-44-126.metadata.json
2026-04-06 00:00:56 | INFO | bridge_app | Task 0 [aider]: Has it been deleted from the file system but not from git?
2026-04-06 00:00:56 | INFO | bridge_app | Task 0 [aider]: Repo-map can't include D:\BridgeProjectExperiment\generated_metadata\VALORANT 
2026-04-06 00:00:56 | INFO | bridge_app | Task 0 [aider]: 01-12-2026 22-50-18-154.metadata.json
2026-04-06 00:00:56 | INFO | bridge_app | Task 0 [aider]: Has it been deleted from the file system but not from git?
2026-04-06 00:00:56 | INFO | bridge_app | Task 0 [aider]: Repo-map can't include D:\BridgeProjectExperiment\generated_metadata\VALORANT 
2026-04-06 00:00:56 | INFO | bridge_app | Task 0 [aider]: 01-12-2026 22-52-14-813.metadata.json
2026-04-06 00:00:56 | INFO | bridge_app | Task 0 [aider]: Has it been deleted from the file system but not from git?
2026-04-06 00:00:56 | INFO | bridge_app | Task 0 [aider]: Repo-map can't include D:\BridgeProjectExperiment\generated_metadata\VALORANT 
2026-04-06 00:00:56 | INFO | bridge_app | Task 0 [aider]: 01-12-2026 22-53-55-626.metadata.json
2026-04-06 00:00:56 | INFO | bridge_app | Task 0 [aider]: Has it been deleted from the file system but not from git?
2026-04-06 00:00:56 | INFO | bridge_app | Task 0 [aider]: Repo-map can't include D:\BridgeProjectExperiment\generated_metadata\VALORANT 
2026-04-06 00:00:56 | INFO | bridge_app | Task 0 [aider]: 01-12-2026 22-55-19-056.metadata.json
2026-04-06 00:00:56 | INFO | bridge_app | Task 0 [aider]: Has it been deleted from the file system but not from git?
2026-04-06 00:00:56 | INFO | bridge_app | Task 0 [aider]: Repo-map can't include D:\BridgeProjectExperiment\generated_metadata\VALORANT 
2026-04-06 00:00:56 | INFO | bridge_app | Task 0 [aider]: 01-12-2026 22-56-42-578.metadata.json
2026-04-06 00:00:56 | INFO | bridge_app | Task 0 [aider]: Has it been deleted from the file system but not from git?
2026-04-06 00:00:56 | INFO | bridge_app | Task 0 [aider]: Repo-map can't include D:\BridgeProjectExperiment\generated_metadata\VALORANT 
2026-04-06 00:00:56 | INFO | bridge_app | Task 0 [aider]: 01-12-2026 23-03-52-209.metadata.json
2026-04-06 00:00:56 | INFO | bridge_app | Task 0 [aider]: Has it been deleted from the file system but not from git?
2026-04-06 00:00:56 | INFO | bridge_app | Task 0 [aider]: Repo-map can't include D:\BridgeProjectExperiment\generated_metadata\VALORANT 
2026-04-06 00:00:56 | INFO | bridge_app | Task 0 [aider]: 01-12-2026 23-08-40-409.metadata.json
2026-04-06 00:00:56 | INFO | bridge_app | Task 0 [aider]: Has it been deleted from the file system but not from git?
2026-04-06 00:00:56 | INFO | bridge_app | Task 0 [aider]: Repo-map can't include D:\BridgeProjectExperiment\generated_metadata\VALORANT 
2026-04-06 00:00:56 | INFO | bridge_app | Task 0 [aider]: 01-12-2026 23-10-09-422.metadata.json
2026-04-06 00:00:56 | INFO | bridge_app | Task 0 [aider]: Has it been deleted from the file system but not from git?
2026-04-06 00:00:56 | INFO | bridge_app | Task 0 [aider]: Repo-map can't include D:\BridgeProjectExperiment\generated_metadata\VALORANT 
2026-04-06 00:00:56 | INFO | bridge_app | Task 0 [aider]: 01-12-2026 23-11-24-562.metadata.json
2026-04-06 00:00:56 | INFO | bridge_app | Task 0 [aider]: Has it been deleted from the file system but not from git?
2026-04-06 00:00:56 | INFO | bridge_app | Task 0 [aider]: Repo-map can't include D:\BridgeProjectExperiment\generated_metadata\VALORANT 
2026-04-06 00:00:56 | INFO | bridge_app | Task 0 [aider]: 01-12-2026 23-12-32-966.metadata.json
2026-04-06 00:00:56 | INFO | bridge_app | Task 0 [aider]: Has it been deleted from the file system but not from git?
2026-04-06 00:00:56 | INFO | bridge_app | Task 0 [aider]: Repo-map can't include D:\BridgeProjectExperiment\generated_metadata\VALORANT 
2026-04-06 00:00:56 | INFO | bridge_app | Task 0 [aider]: 01-12-2026 23-14-43-634.metadata.json
2026-04-06 00:00:56 | INFO | bridge_app | Task 0 [aider]: Has it been deleted from the file system but not from git?
2026-04-06 00:00:56 | INFO | bridge_app | Task 0 [aider]: Repo-map can't include D:\BridgeProjectExperiment\generated_metadata\VALORANT 
2026-04-06 00:00:56 | INFO | bridge_app | Task 0 [aider]: 01-12-2026 23-26-48-316.metadata.json
2026-04-06 00:00:56 | INFO | bridge_app | Task 0 [aider]: Has it been deleted from the file system but not from git?
2026-04-06 00:00:56 | INFO | bridge_app | Task 0 [aider]: Repo-map can't include D:\BridgeProjectExperiment\generated_metadata\VALORANT 
2026-04-06 00:00:56 | INFO | bridge_app | Task 0 [aider]: 01-12-2026 23-28-07-631.metadata.json
2026-04-06 00:00:56 | INFO | bridge_app | Task 0 [aider]: Has it been deleted from the file system but not from git?
2026-04-06 00:00:56 | INFO | bridge_app | Task 0 [aider]: Repo-map can't include D:\BridgeProjectExperiment\generated_metadata\VALORANT 
2026-04-06 00:00:56 | INFO | bridge_app | Task 0 [aider]: 01-12-2026 23-29-52-495.metadata.json
2026-04-06 00:00:56 | INFO | bridge_app | Task 0 [aider]: Has it been deleted from the file system but not from git?
2026-04-06 00:00:56 | INFO | bridge_app | Task 0 [aider]: Repo-map can't include D:\BridgeProjectExperiment\generated_metadata\VALORANT 
2026-04-06 00:00:56 | INFO | bridge_app | Task 0 [aider]: 01-12-2026 23-34-19-295.metadata.json
2026-04-06 00:00:56 | INFO | bridge_app | Task 0 [aider]: Has it been deleted from the file system but not from git?
2026-04-06 00:00:56 | INFO | bridge_app | Task 0 [aider]: Repo-map can't include D:\BridgeProjectExperiment\generated_metadata\VALORANT 
2026-04-06 00:00:56 | INFO | bridge_app | Task 0 [aider]: 01-12-2026 23-34-52-546.metadata.json
2026-04-06 00:00:56 | INFO | bridge_app | Task 0 [aider]: Has it been deleted from the file system but not from git?
2026-04-06 00:00:56 | INFO | bridge_app | Task 0 [aider]: Repo-map can't include D:\BridgeProjectExperiment\generated_metadata\VALORANT 
2026-04-06 00:00:56 | INFO | bridge_app | Task 0 [aider]: 01-12-2026 23-36-04-859.metadata.json
2026-04-06 00:00:56 | INFO | bridge_app | Task 0 [aider]: Has it been deleted from the file system but not from git?
2026-04-06 00:00:56 | INFO | bridge_app | Task 0 [aider]: Repo-map can't include D:\BridgeProjectExperiment\generated_metadata\VALORANT 
2026-04-06 00:00:56 | INFO | bridge_app | Task 0 [aider]: 01-12-2026 23-37-03-798.metadata.json
2026-04-06 00:00:56 | INFO | bridge_app | Task 0 [aider]: Has it been deleted from the file system but not from git?
2026-04-06 00:00:56 | INFO | bridge_app | Task 0 [aider]: Repo-map can't include D:\BridgeProjectExperiment\generated_metadata\VALORANT 
2026-04-06 00:00:56 | INFO | bridge_app | Task 0 [aider]: 01-12-2026 23-41-32-090.metadata.json
2026-04-06 00:00:56 | INFO | bridge_app | Task 0 [aider]: Has it been deleted from the file system but not from git?
2026-04-06 00:00:56 | INFO | bridge_app | Task 0 [aider]: Repo-map can't include D:\BridgeProjectExperiment\generated_metadata\VALORANT 
2026-04-06 00:00:56 | INFO | bridge_app | Task 0 [aider]: 01-12-2026 23-44-55-153.metadata.json
2026-04-06 00:00:56 | INFO | bridge_app | Task 0 [aider]: Has it been deleted from the file system but not from git?
2026-04-06 00:00:56 | INFO | bridge_app | Task 0 [aider]: Repo-map can't include D:\BridgeProjectExperiment\generated_metadata\VALORANT 
2026-04-06 00:00:56 | INFO | bridge_app | Task 0 [aider]: 01-12-2026 23-50-25-385.metadata.json
2026-04-06 00:00:56 | INFO | bridge_app | Task 0 [aider]: Has it been deleted from the file system but not from git?
2026-04-06 00:00:56 | INFO | bridge_app | Task 0 [aider]: Repo-map can't include D:\BridgeProjectExperiment\generated_metadata\VALORANT 
2026-04-06 00:00:56 | INFO | bridge_app | Task 0 [aider]: 01-13-2026 0-15-28-881.metadata.json
2026-04-06 00:00:56 | INFO | bridge_app | Task 0 [aider]: Has it been deleted from the file system but not from git?
2026-04-06 00:00:56 | INFO | bridge_app | Task 0 [aider]: Repo-map can't include D:\BridgeProjectExperiment\generated_metadata\VALORANT 
2026-04-06 00:00:56 | INFO | bridge_app | Task 0 [aider]: 01-13-2026 0-20-41-966.metadata.json
2026-04-06 00:00:56 | INFO | bridge_app | Task 0 [aider]: Has it been deleted from the file system but not from git?
2026-04-06 00:00:56 | INFO | bridge_app | Task 0 [aider]: Repo-map can't include D:\BridgeProjectExperiment\generated_metadata\VALORANT 
2026-04-06 00:00:56 | INFO | bridge_app | Task 0 [aider]: 01-13-2026 0-22-55-038.metadata.json
2026-04-06 00:00:56 | INFO | bridge_app | Task 0 [aider]: Has it been deleted from the file system but not from git?
2026-04-06 00:00:56 | INFO | bridge_app | Task 0 [aider]: Repo-map can't include D:\BridgeProjectExperiment\generated_metadata\VALORANT 
2026-04-06 00:00:56 | INFO | bridge_app | Task 0 [aider]: 01-13-2026 0-27-51-787.metadata.json
2026-04-06 00:00:56 | INFO | bridge_app | Task 0 [aider]: Has it been deleted from the file system but not from git?
2026-04-06 00:00:56 | INFO | bridge_app | Task 0 [aider]: Repo-map can't include D:\BridgeProjectExperiment\generated_metadata\VALORANT 
2026-04-06 00:00:56 | INFO | bridge_app | Task 0 [aider]: 01-13-2026 0-29-18-115.metadata.json
2026-04-06 00:00:56 | INFO | bridge_app | Task 0 [aider]: Has it been deleted from the file system but not from git?
2026-04-06 00:00:56 | INFO | bridge_app | Task 0 [aider]: Repo-map can't include D:\BridgeProjectExperiment\generated_metadata\VALORANT 
2026-04-06 00:00:56 | INFO | bridge_app | Task 0 [aider]: 01-13-2026 0-37-35-120.metadata.json
2026-04-06 00:00:56 | INFO | bridge_app | Task 0 [aider]: Has it been deleted from the file system but not from git?
2026-04-06 00:00:56 | INFO | bridge_app | Task 0 [aider]: Repo-map can't include D:\BridgeProjectExperiment\generated_metadata\VALORANT 
2026-04-06 00:00:56 | INFO | bridge_app | Task 0 [aider]: 01-13-2026 0-43-45-010.metadata.json
2026-04-06 00:00:56 | INFO | bridge_app | Task 0 [aider]: Has it been deleted from the file system but not from git?
2026-04-06 00:00:56 | INFO | bridge_app | Task 0 [aider]: Repo-map can't include D:\BridgeProjectExperiment\generated_metadata\VALORANT 
2026-04-06 00:00:56 | INFO | bridge_app | Task 0 [aider]: 01-13-2026 0-45-09-676.metadata.json
2026-04-06 00:00:56 | INFO | bridge_app | Task 0 [aider]: Has it been deleted from the file system but not from git?
2026-04-06 00:00:56 | INFO | bridge_app | Task 0 [aider]: Repo-map can't include D:\BridgeProjectExperiment\generated_metadata\VALORANT 
2026-04-06 00:00:56 | INFO | bridge_app | Task 0 [aider]: 01-13-2026 0-49-57-507.metadata.json
2026-04-06 00:00:56 | INFO | bridge_app | Task 0 [aider]: Has it been deleted from the file system but not from git?
2026-04-06 00:00:56 | INFO | bridge_app | Task 0 [aider]: Repo-map can't include D:\BridgeProjectExperiment\generated_metadata\VALORANT 
2026-04-06 00:00:56 | INFO | bridge_app | Task 0 [aider]: 01-13-2026 23-41-35-499.metadata.json
2026-04-06 00:00:56 | INFO | bridge_app | Task 0 [aider]: Has it been deleted from the file system but not from git?
2026-04-06 00:00:56 | INFO | bridge_app | Task 0 [aider]: Repo-map can't include D:\BridgeProjectExperiment\generated_metadata\VALORANT 
2026-04-06 00:00:56 | INFO | bridge_app | Task 0 [aider]: 01-13-2026 23-42-38-986.metadata.json
2026-04-06 00:00:56 | INFO | bridge_app | Task 0 [aider]: Has it been deleted from the file system but not from git?
2026-04-06 00:00:56 | INFO | bridge_app | Task 0 [aider]: Repo-map can't include D:\BridgeProjectExperiment\generated_metadata\VALORANT 
2026-04-06 00:00:56 | INFO | bridge_app | Task 0 [aider]: 01-13-2026 23-44-08-094.metadata.json
2026-04-06 00:00:56 | INFO | bridge_app | Task 0 [aider]: Has it been deleted from the file system but not from git?
2026-04-06 00:00:56 | INFO | bridge_app | Task 0 [aider]: Repo-map can't include D:\BridgeProjectExperiment\generated_metadata\VALORANT 
2026-04-06 00:00:56 | INFO | bridge_app | Task 0 [aider]: 01-13-2026 23-51-57-502.metadata.json
2026-04-06 00:00:56 | INFO | bridge_app | Task 0 [aider]: Has it been deleted from the file system but not from git?
2026-04-06 00:00:56 | INFO | bridge_app | Task 0 [aider]: Repo-map can't include D:\BridgeProjectExperiment\generated_metadata\VALORANT 
2026-04-06 00:00:56 | INFO | bridge_app | Task 0 [aider]: 01-13-2026 23-56-56-183.metadata.json
2026-04-06 00:00:56 | INFO | bridge_app | Task 0 [aider]: Has it been deleted from the file system but not from git?
2026-04-06 00:00:56 | INFO | bridge_app | Task 0 [aider]: Repo-map can't include D:\BridgeProjectExperiment\generated_metadata\VALORANT 
2026-04-06 00:00:56 | INFO | bridge_app | Task 0 [aider]: 01-13-2026 23-58-54-472.metadata.json
2026-04-06 00:00:56 | INFO | bridge_app | Task 0 [aider]: Has it been deleted from the file system but not from git?
2026-04-06 00:00:56 | INFO | bridge_app | Task 0 [aider]: Repo-map can't include D:\BridgeProjectExperiment\generated_metadata\VALORANT 
2026-04-06 00:00:56 | INFO | bridge_app | Task 0 [aider]: 01-14-2026 0-01-17-380.metadata.json
2026-04-06 00:00:56 | INFO | bridge_app | Task 0 [aider]: Has it been deleted from the file system but not from git?
2026-04-06 00:00:56 | INFO | bridge_app | Task 0 [aider]: Repo-map can't include D:\BridgeProjectExperiment\generated_metadata\VALORANT 
2026-04-06 00:00:56 | INFO | bridge_app | Task 0 [aider]: 01-14-2026 0-02-40-370.metadata.json
2026-04-06 00:00:56 | INFO | bridge_app | Task 0 [aider]: Has it been deleted from the file system but not from git?
2026-04-06 00:00:56 | INFO | bridge_app | Task 0 [aider]: Repo-map can't include D:\BridgeProjectExperiment\generated_metadata\VALORANT 
2026-04-06 00:00:56 | INFO | bridge_app | Task 0 [aider]: 01-14-2026 0-04-40-115.metadata.json
2026-04-06 00:00:56 | INFO | bridge_app | Task 0 [aider]: Has it been deleted from the file system but not from git?
2026-04-06 00:00:56 | INFO | bridge_app | Task 0 [aider]: Repo-map can't include D:\BridgeProjectExperiment\generated_metadata\VALORANT 
2026-04-06 00:00:56 | INFO | bridge_app | Task 0 [aider]: 01-14-2026 0-07-07-878.metadata.json
2026-04-06 00:00:56 | INFO | bridge_app | Task 0 [aider]: Has it been deleted from the file system but not from git?
2026-04-06 00:00:56 | INFO | bridge_app | Task 0 [aider]: Repo-map can't include D:\BridgeProjectExperiment\generated_metadata\VALORANT 
2026-04-06 00:00:56 | INFO | bridge_app | Task 0 [aider]: 01-14-2026 0-22-47-193.metadata.json
2026-04-06 00:00:56 | INFO | bridge_app | Task 0 [aider]: Has it been deleted from the file system but not from git?
2026-04-06 00:00:56 | INFO | bridge_app | Task 0 [aider]: Repo-map can't include D:\BridgeProjectExperiment\generated_metadata\VALORANT 
2026-04-06 00:00:56 | INFO | bridge_app | Task 0 [aider]: 01-14-2026 0-23-43-663.metadata.json
2026-04-06 00:00:56 | INFO | bridge_app | Task 0 [aider]: Has it been deleted from the file system but not from git?
2026-04-06 00:00:56 | INFO | bridge_app | Task 0 [aider]: Repo-map can't include D:\BridgeProjectExperiment\generated_metadata\VALORANT 
2026-04-06 00:00:56 | INFO | bridge_app | Task 0 [aider]: 01-14-2026 0-32-24-960.metadata.json
2026-04-06 00:00:56 | INFO | bridge_app | Task 0 [aider]: Has it been deleted from the file system but not from git?
2026-04-06 00:00:56 | INFO | bridge_app | Task 0 [aider]: Repo-map can't include D:\BridgeProjectExperiment\generated_metadata\VALORANT 
2026-04-06 00:00:56 | INFO | bridge_app | Task 0 [aider]: 01-14-2026 0-35-04-134.metadata.json
2026-04-06 00:00:56 | INFO | bridge_app | Task 0 [aider]: Has it been deleted from the file system but not from git?
2026-04-06 00:00:56 | INFO | bridge_app | Task 0 [aider]: Repo-map can't include D:\BridgeProjectExperiment\generated_metadata\VALORANT 
2026-04-06 00:00:56 | INFO | bridge_app | Task 0 [aider]: 01-14-2026 0-37-02-600.metadata.json
2026-04-06 00:00:56 | INFO | bridge_app | Task 0 [aider]: Has it been deleted from the file system but not from git?
2026-04-06 00:00:56 | INFO | bridge_app | Task 0 [aider]: Repo-map can't include D:\BridgeProjectExperiment\generated_metadata\VALORANT 
2026-04-06 00:00:56 | INFO | bridge_app | Task 0 [aider]: 01-14-2026 0-38-21-685.metadata.json
2026-04-06 00:00:56 | INFO | bridge_app | Task 0 [aider]: Has it been deleted from the file system but not from git?
2026-04-06 00:00:56 | INFO | bridge_app | Task 0 [aider]: Repo-map can't include D:\BridgeProjectExperiment\generated_metadata\VALORANT 
2026-04-06 00:00:56 | INFO | bridge_app | Task 0 [aider]: 01-14-2026 0-41-19-913.metadata.json
2026-04-06 00:00:56 | INFO | bridge_app | Task 0 [aider]: Has it been deleted from the file system but not from git?
2026-04-06 00:00:56 | INFO | bridge_app | Task 0 [aider]: Repo-map can't include D:\BridgeProjectExperiment\generated_metadata\VALORANT 
2026-04-06 00:00:56 | INFO | bridge_app | Task 0 [aider]: 01-14-2026 0-42-54-215.metadata.json
2026-04-06 00:00:56 | INFO | bridge_app | Task 0 [aider]: Has it been deleted from the file system but not from git?
2026-04-06 00:00:56 | INFO | bridge_app | Task 0 [aider]: Repo-map can't include D:\BridgeProjectExperiment\generated_metadata\VALORANT 
2026-04-06 00:00:56 | INFO | bridge_app | Task 0 [aider]: 01-14-2026 0-45-04-674.metadata.json
2026-04-06 00:00:56 | INFO | bridge_app | Task 0 [aider]: Has it been deleted from the file system but not from git?
2026-04-06 00:00:56 | INFO | bridge_app | Task 0 [aider]: Repo-map can't include D:\BridgeProjectExperiment\generated_metadata\VALORANT 
2026-04-06 00:00:56 | INFO | bridge_app | Task 0 [aider]: 01-14-2026 0-45-30-066.metadata.json
2026-04-06 00:00:56 | INFO | bridge_app | Task 0 [aider]: Has it been deleted from the file system but not from git?
2026-04-06 00:00:56 | INFO | bridge_app | Task 0 [aider]: Repo-map can't include D:\BridgeProjectExperiment\generated_metadata\VALORANT 
2026-04-06 00:00:56 | INFO | bridge_app | Task 0 [aider]: 01-14-2026 0-48-15-126.metadata.json
2026-04-06 00:00:56 | INFO | bridge_app | Task 0 [aider]: Has it been deleted from the file system but not from git?
2026-04-06 00:00:56 | INFO | bridge_app | Task 0 [aider]: Repo-map can't include D:\BridgeProjectExperiment\generated_metadata\VALORANT 
2026-04-06 00:00:56 | INFO | bridge_app | Task 0 [aider]: 01-14-2026 0-49-00-874.metadata.json
2026-04-06 00:00:56 | INFO | bridge_app | Task 0 [aider]: Has it been deleted from the file system but not from git?
2026-04-06 00:00:56 | INFO | bridge_app | Task 0 [aider]: Repo-map can't include D:\BridgeProjectExperiment\generated_metadata\VALORANT 
2026-04-06 00:00:56 | INFO | bridge_app | Task 0 [aider]: 01-14-2026 0-50-19-618.metadata.json
2026-04-06 00:00:56 | INFO | bridge_app | Task 0 [aider]: Has it been deleted from the file system but not from git?
2026-04-06 00:00:56 | INFO | bridge_app | Task 0 [aider]: Repo-map can't include D:\BridgeProjectExperiment\generated_metadata\VALORANT 
2026-04-06 00:00:56 | INFO | bridge_app | Task 0 [aider]: 01-14-2026 0-56-34-429.metadata.json
2026-04-06 00:00:56 | INFO | bridge_app | Task 0 [aider]: Has it been deleted from the file system but not from git?
2026-04-06 00:00:56 | INFO | bridge_app | Task 0 [aider]: Repo-map can't include D:\BridgeProjectExperiment\generated_metadata\VALORANT 
2026-04-06 00:00:56 | INFO | bridge_app | Task 0 [aider]: 01-14-2026 1-00-10-145.metadata.json
2026-04-06 00:00:56 | INFO | bridge_app | Task 0 [aider]: Has it been deleted from the file system but not from git?
2026-04-06 00:00:56 | INFO | bridge_app | Task 0 [aider]: Repo-map can't include D:\BridgeProjectExperiment\generated_metadata\VALORANT 
2026-04-06 00:00:56 | INFO | bridge_app | Task 0 [aider]: 01-14-2026 1-08-37-967.metadata.json
2026-04-06 00:00:56 | INFO | bridge_app | Task 0 [aider]: Has it been deleted from the file system but not from git?
2026-04-06 00:00:56 | INFO | bridge_app | Task 0 [aider]: Repo-map can't include D:\BridgeProjectExperiment\generated_metadata\VALORANT 
2026-04-06 00:00:56 | INFO | bridge_app | Task 0 [aider]: 01-14-2026 1-09-44-665.metadata.json
2026-04-06 00:00:56 | INFO | bridge_app | Task 0 [aider]: Has it been deleted from the file system but not from git?
2026-04-06 00:00:56 | INFO | bridge_app | Task 0 [aider]: Repo-map can't include D:\BridgeProjectExperiment\generated_metadata\VALORANT 
2026-04-06 00:00:56 | INFO | bridge_app | Task 0 [aider]: 01-14-2026 1-11-28-385.metadata.json
2026-04-06 00:00:56 | INFO | bridge_app | Task 0 [aider]: Has it been deleted from the file system but not from git?
2026-04-06 00:00:56 | INFO | bridge_app | Task 0 [aider]: Repo-map can't include D:\BridgeProjectExperiment\generated_metadata\VALORANT 
2026-04-06 00:00:56 | INFO | bridge_app | Task 0 [aider]: 01-14-2026 1-14-09-655.metadata.json
2026-04-06 00:00:56 | INFO | bridge_app | Task 0 [aider]: Has it been deleted from the file system but not from git?
2026-04-06 00:00:56 | INFO | bridge_app | Task 0 [aider]: Repo-map can't include D:\BridgeProjectExperiment\generated_metadata\VALORANT 
2026-04-06 00:00:56 | INFO | bridge_app | Task 0 [aider]: 01-14-2026 1-18-18-839.metadata.json
2026-04-06 00:00:56 | INFO | bridge_app | Task 0 [aider]: Has it been deleted from the file system but not from git?
2026-04-06 00:00:56 | INFO | bridge_app | Task 0 [aider]: Repo-map can't include D:\BridgeProjectExperiment\generated_metadata\VALORANT 
2026-04-06 00:00:56 | INFO | bridge_app | Task 0 [aider]: 01-14-2026 1-19-24-380.metadata.json
2026-04-06 00:00:56 | INFO | bridge_app | Task 0 [aider]: Has it been deleted from the file system but not from git?
2026-04-06 00:00:56 | INFO | bridge_app | Task 0 [aider]: Repo-map can't include D:\BridgeProjectExperiment\generated_metadata\VALORANT 
2026-04-06 00:00:56 | INFO | bridge_app | Task 0 [aider]: 01-14-2026 1-21-12-613.metadata.json
2026-04-06 00:00:56 | INFO | bridge_app | Task 0 [aider]: Has it been deleted from the file system but not from git?
2026-04-06 00:00:56 | INFO | bridge_app | Task 0 [aider]: Repo-map can't include D:\BridgeProjectExperiment\generated_metadata\VALORANT 
2026-04-06 00:00:56 | INFO | bridge_app | Task 0 [aider]: 01-14-2026 1-23-56-102.metadata.json
2026-04-06 00:00:56 | INFO | bridge_app | Task 0 [aider]: Has it been deleted from the file system but not from git?
2026-04-06 00:00:56 | INFO | bridge_app | Task 0 [aider]: Repo-map can't include D:\BridgeProjectExperiment\generated_metadata\VALORANT 
2026-04-06 00:00:56 | INFO | bridge_app | Task 0 [aider]: 01-14-2026 1-27-38-630.metadata.json
2026-04-06 00:00:56 | INFO | bridge_app | Task 0 [aider]: Has it been deleted from the file system but not from git?
2026-04-06 00:00:56 | INFO | bridge_app | Task 0 [aider]: Repo-map can't include D:\BridgeProjectExperiment\generated_metadata\VALORANT 
2026-04-06 00:00:56 | INFO | bridge_app | Task 0 [aider]: 01-14-2026 1-29-15-173.metadata.json
2026-04-06 00:00:56 | INFO | bridge_app | Task 0 [aider]: Has it been deleted from the file system but not from git?
2026-04-06 00:00:56 | INFO | bridge_app | Task 0 [aider]: Repo-map can't include D:\BridgeProjectExperiment\generated_metadata\VALORANT 
2026-04-06 00:00:56 | INFO | bridge_app | Task 0 [aider]: 01-14-2026 1-31-20-716.metadata.json
2026-04-06 00:00:56 | INFO | bridge_app | Task 0 [aider]: Has it been deleted from the file system but not from git?
2026-04-06 00:00:56 | INFO | bridge_app | Task 0 [aider]: Repo-map can't include D:\BridgeProjectExperiment\generated_metadata\VALORANT 
2026-04-06 00:00:56 | INFO | bridge_app | Task 0 [aider]: 01-14-2026 1-32-22-289.metadata.json
2026-04-06 00:00:56 | INFO | bridge_app | Task 0 [aider]: Has it been deleted from the file system but not from git?
2026-04-06 00:00:56 | INFO | bridge_app | Task 0 [aider]: Repo-map can't include D:\BridgeProjectExperiment\generated_metadata\VALORANT 
2026-04-06 00:00:56 | INFO | bridge_app | Task 0 [aider]: 01-14-2026 1-34-14-716.metadata.json
2026-04-06 00:00:56 | INFO | bridge_app | Task 0 [aider]: Has it been deleted from the file system but not from git?
2026-04-06 00:00:56 | INFO | bridge_app | Task 0 [aider]: Repo-map can't include D:\BridgeProjectExperiment\generated_metadata\VALORANT 
2026-04-06 00:00:56 | INFO | bridge_app | Task 0 [aider]: 01-14-2026 1-54-09-692.metadata.json
2026-04-06 00:00:56 | INFO | bridge_app | Task 0 [aider]: Has it been deleted from the file system but not from git?
2026-04-06 00:00:56 | INFO | bridge_app | Task 0 [aider]: Repo-map can't include D:\BridgeProjectExperiment\generated_metadata\VALORANT 
2026-04-06 00:00:56 | INFO | bridge_app | Task 0 [aider]: 01-14-2026 1-57-42-293.metadata.json
2026-04-06 00:00:56 | INFO | bridge_app | Task 0 [aider]: Has it been deleted from the file system but not from git?
2026-04-06 00:00:56 | INFO | bridge_app | Task 0 [aider]: Repo-map can't include D:\BridgeProjectExperiment\generated_metadata\VALORANT 
2026-04-06 00:00:56 | INFO | bridge_app | Task 0 [aider]: 01-14-2026 1-58-51-435.metadata.json
2026-04-06 00:00:56 | INFO | bridge_app | Task 0 [aider]: Has it been deleted from the file system but not from git?
2026-04-06 00:00:56 | INFO | bridge_app | Task 0 [aider]: Repo-map can't include D:\BridgeProjectExperiment\generated_metadata\VALORANT 
2026-04-06 00:00:56 | INFO | bridge_app | Task 0 [aider]: 01-14-2026 12-41-46-567.metadata.json
2026-04-06 00:00:56 | INFO | bridge_app | Task 0 [aider]: Has it been deleted from the file system but not from git?
2026-04-06 00:00:56 | INFO | bridge_app | Task 0 [aider]: Repo-map can't include D:\BridgeProjectExperiment\generated_metadata\VALORANT 
2026-04-06 00:00:56 | INFO | bridge_app | Task 0 [aider]: 01-14-2026 12-42-21-530.metadata.json
2026-04-06 00:00:56 | INFO | bridge_app | Task 0 [aider]: Has it been deleted from the file system but not from git?
2026-04-06 00:00:56 | INFO | bridge_app | Task 0 [aider]: Repo-map can't include D:\BridgeProjectExperiment\generated_metadata\VALORANT 
2026-04-06 00:00:56 | INFO | bridge_app | Task 0 [aider]: 01-14-2026 12-43-33-386.metadata.json
2026-04-06 00:00:56 | INFO | bridge_app | Task 0 [aider]: Has it been deleted from the file system but not from git?
2026-04-06 00:00:56 | INFO | bridge_app | Task 0 [aider]: Repo-map can't include D:\BridgeProjectExperiment\generated_metadata\VALORANT 
2026-04-06 00:00:56 | INFO | bridge_app | Task 0 [aider]: 01-14-2026 12-47-50-533.metadata.json
2026-04-06 00:00:56 | INFO | bridge_app | Task 0 [aider]: Has it been deleted from the file system but not from git?
2026-04-06 00:00:56 | INFO | bridge_app | Task 0 [aider]: Repo-map can't include D:\BridgeProjectExperiment\generated_metadata\VALORANT 
2026-04-06 00:00:56 | INFO | bridge_app | Task 0 [aider]: 01-14-2026 12-49-09-331.metadata.json
2026-04-06 00:00:56 | INFO | bridge_app | Task 0 [aider]: Has it been deleted from the file system but not from git?
2026-04-06 00:00:56 | INFO | bridge_app | Task 0 [aider]: Repo-map can't include D:\BridgeProjectExperiment\generated_metadata\VALORANT 
2026-04-06 00:00:56 | INFO | bridge_app | Task 0 [aider]: 01-14-2026 12-50-06-888.metadata.json
2026-04-06 00:00:56 | INFO | bridge_app | Task 0 [aider]: Has it been deleted from the file system but not from git?
2026-04-06 00:00:56 | INFO | bridge_app | Task 0 [aider]: Repo-map can't include D:\BridgeProjectExperiment\generated_metadata\VALORANT 
2026-04-06 00:00:56 | INFO | bridge_app | Task 0 [aider]: 01-14-2026 12-51-46-909.metadata.json
2026-04-06 00:00:56 | INFO | bridge_app | Task 0 [aider]: Has it been deleted from the file system but not from git?
2026-04-06 00:00:56 | INFO | bridge_app | Task 0 [aider]: Repo-map can't include D:\BridgeProjectExperiment\generated_metadata\VALORANT 
2026-04-06 00:00:56 | INFO | bridge_app | Task 0 [aider]: 01-14-2026 13-01-08-398.metadata.json
2026-04-06 00:00:56 | INFO | bridge_app | Task 0 [aider]: Has it been deleted from the file system but not from git?
2026-04-06 00:00:56 | INFO | bridge_app | Task 0 [aider]: Repo-map can't include D:\BridgeProjectExperiment\generated_metadata\VALORANT 
2026-04-06 00:00:56 | INFO | bridge_app | Task 0 [aider]: 01-14-2026 13-09-02-978.metadata.json
2026-04-06 00:00:56 | INFO | bridge_app | Task 0 [aider]: Has it been deleted from the file system but not from git?
2026-04-06 00:00:56 | INFO | bridge_app | Task 0 [aider]: Repo-map can't include D:\BridgeProjectExperiment\generated_metadata\VALORANT 
2026-04-06 00:00:56 | INFO | bridge_app | Task 0 [aider]: 01-14-2026 13-12-56-484.metadata.json
2026-04-06 00:00:56 | INFO | bridge_app | Task 0 [aider]: Has it been deleted from the file system but not from git?
2026-04-06 00:00:56 | INFO | bridge_app | Task 0 [aider]: Repo-map can't include D:\BridgeProjectExperiment\generated_metadata\VALORANT 
2026-04-06 00:00:56 | INFO | bridge_app | Task 0 [aider]: 01-14-2026 13-14-30-997.metadata.json
2026-04-06 00:00:56 | INFO | bridge_app | Task 0 [aider]: Has it been deleted from the file system but not from git?
2026-04-06 00:00:56 | INFO | bridge_app | Task 0 [aider]: Repo-map can't include D:\BridgeProjectExperiment\generated_metadata\VALORANT 
2026-04-06 00:00:56 | INFO | bridge_app | Task 0 [aider]: 01-14-2026 13-17-48-614.metadata.json
2026-04-06 00:00:56 | INFO | bridge_app | Task 0 [aider]: Has it been deleted from the file system but not from git?
2026-04-06 00:00:56 | INFO | bridge_app | Task 0 [aider]: Repo-map can't include D:\BridgeProjectExperiment\generated_metadata\VALORANT 
2026-04-06 00:00:56 | INFO | bridge_app | Task 0 [aider]: 01-14-2026 13-19-10-923.metadata.json
2026-04-06 00:00:56 | INFO | bridge_app | Task 0 [aider]: Has it been deleted from the file system but not from git?
2026-04-06 00:00:56 | INFO | bridge_app | Task 0 [aider]: Repo-map can't include D:\BridgeProjectExperiment\generated_metadata\VALORANT 
2026-04-06 00:00:56 | INFO | bridge_app | Task 0 [aider]: 01-14-2026 13-21-44-751.metadata.json
2026-04-06 00:00:56 | INFO | bridge_app | Task 0 [aider]: Has it been deleted from the file system but not from git?
2026-04-06 00:00:56 | INFO | bridge_app | Task 0 [aider]: Repo-map can't include D:\BridgeProjectExperiment\generated_metadata\VALORANT 
2026-04-06 00:00:56 | INFO | bridge_app | Task 0 [aider]: 01-14-2026 13-24-52-788.metadata.json
2026-04-06 00:00:56 | INFO | bridge_app | Task 0 [aider]: Has it been deleted from the file system but not from git?
2026-04-06 00:00:56 | INFO | bridge_app | Task 0 [aider]: Repo-map can't include D:\BridgeProjectExperiment\generated_metadata\VALORANT 
2026-04-06 00:00:56 | INFO | bridge_app | Task 0 [aider]: 01-14-2026 13-26-32-133.metadata.json
2026-04-06 00:00:56 | INFO | bridge_app | Task 0 [aider]: Has it been deleted from the file system but not from git?
2026-04-06 00:00:56 | INFO | bridge_app | Task 0 [aider]: Repo-map can't include D:\BridgeProjectExperiment\generated_metadata\VALORANT 
2026-04-06 00:00:56 | INFO | bridge_app | Task 0 [aider]: 01-14-2026 14-22-08-377.metadata.json
2026-04-06 00:00:56 | INFO | bridge_app | Task 0 [aider]: Has it been deleted from the file system but not from git?
2026-04-06 00:00:56 | INFO | bridge_app | Task 0 [aider]: Repo-map can't include D:\BridgeProjectExperiment\generated_metadata\VALORANT 
2026-04-06 00:00:56 | INFO | bridge_app | Task 0 [aider]: 01-14-2026 14-29-22-739.metadata.json
2026-04-06 00:00:56 | INFO | bridge_app | Task 0 [aider]: Has it been deleted from the file system but not from git?
2026-04-06 00:00:56 | INFO | bridge_app | Task 0 [aider]: Repo-map can't include D:\BridgeProjectExperiment\generated_metadata\VALORANT 
2026-04-06 00:00:56 | INFO | bridge_app | Task 0 [aider]: 01-14-2026 14-30-27-789.metadata.json
2026-04-06 00:00:56 | INFO | bridge_app | Task 0 [aider]: Has it been deleted from the file system but not from git?
2026-04-06 00:00:56 | INFO | bridge_app | Task 0 [aider]: Repo-map can't include D:\BridgeProjectExperiment\generated_metadata\VALORANT 
2026-04-06 00:00:56 | INFO | bridge_app | Task 0 [aider]: 01-14-2026 14-36-41-972.metadata.json
2026-04-06 00:00:56 | INFO | bridge_app | Task 0 [aider]: Has it been deleted from the file system but not from git?
2026-04-06 00:00:56 | INFO | bridge_app | Task 0 [aider]: Repo-map can't include D:\BridgeProjectExperiment\generated_metadata\VALORANT 
2026-04-06 00:00:56 | INFO | bridge_app | Task 0 [aider]: 01-14-2026 14-40-14-624.metadata.json
2026-04-06 00:00:56 | INFO | bridge_app | Task 0 [aider]: Has it been deleted from the file system but not from git?
2026-04-06 00:00:56 | INFO | bridge_app | Task 0 [aider]: Repo-map can't include D:\BridgeProjectExperiment\generated_metadata\VALORANT 
2026-04-06 00:00:56 | INFO | bridge_app | Task 0 [aider]: 01-14-2026 14-41-13-670.metadata.json
2026-04-06 00:00:56 | INFO | bridge_app | Task 0 [aider]: Has it been deleted from the file system but not from git?
2026-04-06 00:00:56 | INFO | bridge_app | Task 0 [aider]: Repo-map can't include D:\BridgeProjectExperiment\generated_metadata\VALORANT 
2026-04-06 00:00:56 | INFO | bridge_app | Task 0 [aider]: 01-14-2026 14-49-16-731.metadata.json
2026-04-06 00:00:56 | INFO | bridge_app | Task 0 [aider]: Has it been deleted from the file system but not from git?
2026-04-06 00:00:56 | INFO | bridge_app | Task 0 [aider]: Repo-map can't include D:\BridgeProjectExperiment\generated_metadata\VALORANT 
2026-04-06 00:00:56 | INFO | bridge_app | Task 0 [aider]: 01-14-2026 14-51-30-645.metadata.json
2026-04-06 00:00:56 | INFO | bridge_app | Task 0 [aider]: Has it been deleted from the file system but not from git?
2026-04-06 00:00:56 | INFO | bridge_app | Task 0 [aider]: Repo-map can't include D:\BridgeProjectExperiment\generated_metadata\VALORANT 
2026-04-06 00:00:56 | INFO | bridge_app | Task 0 [aider]: 01-14-2026 14-54-46-041.metadata.json
2026-04-06 00:00:56 | INFO | bridge_app | Task 0 [aider]: Has it been deleted from the file system but not from git?
2026-04-06 00:00:56 | INFO | bridge_app | Task 0 [aider]: Repo-map can't include D:\BridgeProjectExperiment\generated_metadata\VALORANT 
2026-04-06 00:00:56 | INFO | bridge_app | Task 0 [aider]: 01-14-2026 14-58-40-921.metadata.json
2026-04-06 00:00:56 | INFO | bridge_app | Task 0 [aider]: Has it been deleted from the file system but not from git?
2026-04-06 00:00:56 | INFO | bridge_app | Task 0 [aider]: Repo-map can't include D:\BridgeProjectExperiment\generated_metadata\VALORANT 
2026-04-06 00:00:56 | INFO | bridge_app | Task 0 [aider]: 01-14-2026 15-00-37-157.metadata.json
2026-04-06 00:00:56 | INFO | bridge_app | Task 0 [aider]: Has it been deleted from the file system but not from git?
2026-04-06 00:00:56 | INFO | bridge_app | Task 0 [aider]: Repo-map can't include D:\BridgeProjectExperiment\generated_metadata\VALORANT 
2026-04-06 00:00:56 | INFO | bridge_app | Task 0 [aider]: 01-14-2026 15-08-40-579.metadata.json
2026-04-06 00:00:56 | INFO | bridge_app | Task 0 [aider]: Has it been deleted from the file system but not from git?
2026-04-06 00:00:56 | INFO | bridge_app | Task 0 [aider]: Repo-map can't include D:\BridgeProjectExperiment\generated_metadata\VALORANT 
2026-04-06 00:00:56 | INFO | bridge_app | Task 0 [aider]: 01-14-2026 15-10-20-313.metadata.json
2026-04-06 00:00:56 | INFO | bridge_app | Task 0 [aider]: Has it been deleted from the file system but not from git?
2026-04-06 00:00:56 | INFO | bridge_app | Task 0 [aider]: Repo-map can't include D:\BridgeProjectExperiment\generated_metadata\VALORANT 
2026-04-06 00:00:56 | INFO | bridge_app | Task 0 [aider]: 01-14-2026 15-14-53-769.metadata.json
2026-04-06 00:00:56 | INFO | bridge_app | Task 0 [aider]: Has it been deleted from the file system but not from git?
2026-04-06 00:00:56 | INFO | bridge_app | Task 0 [aider]: Repo-map can't include D:\BridgeProjectExperiment\generated_metadata\VALORANT 
2026-04-06 00:00:56 | INFO | bridge_app | Task 0 [aider]: 01-14-2026 15-21-26-175.metadata.json
2026-04-06 00:00:56 | INFO | bridge_app | Task 0 [aider]: Has it been deleted from the file system but not from git?
2026-04-06 00:00:56 | INFO | bridge_app | Task 0 [aider]: Repo-map can't include D:\BridgeProjectExperiment\generated_metadata\VALORANT 
2026-04-06 00:00:56 | INFO | bridge_app | Task 0 [aider]: 01-14-2026 15-22-50-840.metadata.json
2026-04-06 00:00:56 | INFO | bridge_app | Task 0 [aider]: Has it been deleted from the file system but not from git?
2026-04-06 00:00:56 | INFO | bridge_app | Task 0 [aider]: Repo-map can't include D:\BridgeProjectExperiment\generated_metadata\VALORANT 
2026-04-06 00:00:56 | INFO | bridge_app | Task 0 [aider]: 01-14-2026 15-28-11-464.metadata.json
2026-04-06 00:00:56 | INFO | bridge_app | Task 0 [aider]: Has it been deleted from the file system but not from git?
2026-04-06 00:00:56 | INFO | bridge_app | Task 0 [aider]: Repo-map can't include D:\BridgeProjectExperiment\generated_metadata\VALORANT 
2026-04-06 00:00:56 | INFO | bridge_app | Task 0 [aider]: 01-14-2026 15-31-32-750.metadata.json
2026-04-06 00:00:56 | INFO | bridge_app | Task 0 [aider]: Has it been deleted from the file system but not from git?
2026-04-06 00:00:56 | INFO | bridge_app | Task 0 [aider]: Repo-map can't include D:\BridgeProjectExperiment\generated_metadata\VALORANT 
2026-04-06 00:00:56 | INFO | bridge_app | Task 0 [aider]: 01-14-2026 15-34-46-654.metadata.json
2026-04-06 00:00:56 | INFO | bridge_app | Task 0 [aider]: Has it been deleted from the file system but not from git?
2026-04-06 00:00:56 | INFO | bridge_app | Task 0 [aider]: Repo-map can't include D:\BridgeProjectExperiment\generated_metadata\VALORANT 
2026-04-06 00:00:56 | INFO | bridge_app | Task 0 [aider]: 01-14-2026 15-36-15-983.metadata.json
2026-04-06 00:00:56 | INFO | bridge_app | Task 0 [aider]: Has it been deleted from the file system but not from git?
2026-04-06 00:00:56 | INFO | bridge_app | Task 0 [aider]: Repo-map can't include D:\BridgeProjectExperiment\generated_metadata\VALORANT 
2026-04-06 00:00:56 | INFO | bridge_app | Task 0 [aider]: 01-14-2026 15-44-05-849.metadata.json
2026-04-06 00:00:56 | INFO | bridge_app | Task 0 [aider]: Has it been deleted from the file system but not from git?
2026-04-06 00:00:56 | INFO | bridge_app | Task 0 [aider]: Repo-map can't include D:\BridgeProjectExperiment\generated_metadata\VALORANT 
2026-04-06 00:00:56 | INFO | bridge_app | Task 0 [aider]: 01-14-2026 15-46-27-317.metadata.json
2026-04-06 00:00:56 | INFO | bridge_app | Task 0 [aider]: Has it been deleted from the file system but not from git?
2026-04-06 00:00:56 | INFO | bridge_app | Task 0 [aider]: Repo-map can't include D:\BridgeProjectExperiment\generated_metadata\VALORANT 
2026-04-06 00:00:56 | INFO | bridge_app | Task 0 [aider]: 01-14-2026 2-02-29-793.metadata.json
2026-04-06 00:00:56 | INFO | bridge_app | Task 0 [aider]: Has it been deleted from the file system but not from git?
2026-04-06 00:00:56 | INFO | bridge_app | Task 0 [aider]: Repo-map can't include D:\BridgeProjectExperiment\generated_metadata\VALORANT 
2026-04-06 00:00:56 | INFO | bridge_app | Task 0 [aider]: 01-14-2026 2-04-26-557.metadata.json
2026-04-06 00:00:56 | INFO | bridge_app | Task 0 [aider]: Has it been deleted from the file system but not from git?
2026-04-06 00:00:56 | INFO | bridge_app | Task 0 [aider]: Repo-map can't include D:\BridgeProjectExperiment\generated_metadata\VALORANT 
2026-04-06 00:00:56 | INFO | bridge_app | Task 0 [aider]: 01-14-2026 2-04-49-286.metadata.json
2026-04-06 00:00:56 | INFO | bridge_app | Task 0 [aider]: Has it been deleted from the file system but not from git?
2026-04-06 00:00:56 | INFO | bridge_app | Task 0 [aider]: Repo-map can't include D:\BridgeProjectExperiment\generated_metadata\VALORANT 
2026-04-06 00:00:56 | INFO | bridge_app | Task 0 [aider]: 01-14-2026 2-08-40-499.metadata.json
2026-04-06 00:00:56 | INFO | bridge_app | Task 0 [aider]: Has it been deleted from the file system but not from git?
2026-04-06 00:00:56 | INFO | bridge_app | Task 0 [aider]: Repo-map can't include D:\BridgeProjectExperiment\generated_metadata\VALORANT 
2026-04-06 00:00:56 | INFO | bridge_app | Task 0 [aider]: 01-14-2026 2-34-44-425.metadata.json
2026-04-06 00:00:56 | INFO | bridge_app | Task 0 [aider]: Has it been deleted from the file system but not from git?
2026-04-06 00:00:56 | INFO | bridge_app | Task 0 [aider]: Repo-map can't include D:\BridgeProjectExperiment\generated_metadata\VALORANT 
2026-04-06 00:00:56 | INFO | bridge_app | Task 0 [aider]: 01-14-2026 2-38-17-715.metadata.json
2026-04-06 00:00:56 | INFO | bridge_app | Task 0 [aider]: Has it been deleted from the file system but not from git?
2026-04-06 00:00:56 | INFO | bridge_app | Task 0 [aider]: Repo-map can't include D:\BridgeProjectExperiment\generated_metadata\VALORANT 
2026-04-06 00:00:56 | INFO | bridge_app | Task 0 [aider]: 01-14-2026 2-44-29-120.metadata.json
2026-04-06 00:00:56 | INFO | bridge_app | Task 0 [aider]: Has it been deleted from the file system but not from git?
2026-04-06 00:00:56 | INFO | bridge_app | Task 0 [aider]: Repo-map can't include D:\BridgeProjectExperiment\generated_metadata\VALORANT 
2026-04-06 00:00:56 | INFO | bridge_app | Task 0 [aider]: 01-14-2026 2-46-55-610.metadata.json
2026-04-06 00:00:56 | INFO | bridge_app | Task 0 [aider]: Has it been deleted from the file system but not from git?
2026-04-06 00:00:56 | INFO | bridge_app | Task 0 [aider]: Repo-map can't include D:\BridgeProjectExperiment\generated_metadata\VALORANT 
2026-04-06 00:00:56 | INFO | bridge_app | Task 0 [aider]: 01-14-2026 2-48-48-665.metadata.json
2026-04-06 00:00:56 | INFO | bridge_app | Task 0 [aider]: Has it been deleted from the file system but not from git?
2026-04-06 00:00:56 | INFO | bridge_app | Task 0 [aider]: Repo-map can't include D:\BridgeProjectExperiment\generated_metadata\VALORANT 
2026-04-06 00:00:56 | INFO | bridge_app | Task 0 [aider]: 01-14-2026 2-51-35-690.metadata.json
2026-04-06 00:00:56 | INFO | bridge_app | Task 0 [aider]: Has it been deleted from the file system but not from git?
2026-04-06 00:00:56 | INFO | bridge_app | Task 0 [aider]: Repo-map can't include D:\BridgeProjectExperiment\generated_metadata\VALORANT 
2026-04-06 00:00:56 | INFO | bridge_app | Task 0 [aider]: 01-14-2026 2-55-29-257.metadata.json
2026-04-06 00:00:56 | INFO | bridge_app | Task 0 [aider]: Has it been deleted from the file system but not from git?
2026-04-06 00:00:56 | INFO | bridge_app | Task 0 [aider]: Repo-map can't include D:\BridgeProjectExperiment\generated_metadata\VALORANT 
2026-04-06 00:00:56 | INFO | bridge_app | Task 0 [aider]: 01-14-2026 2-56-08-983.metadata.json
2026-04-06 00:00:56 | INFO | bridge_app | Task 0 [aider]: Has it been deleted from the file system but not from git?
2026-04-06 00:00:56 | INFO | bridge_app | Task 0 [aider]: Repo-map can't include D:\BridgeProjectExperiment\generated_metadata\VALORANT 
2026-04-06 00:00:56 | INFO | bridge_app | Task 0 [aider]: 01-14-2026 2-57-11-621.metadata.json
2026-04-06 00:00:56 | INFO | bridge_app | Task 0 [aider]: Has it been deleted from the file system but not from git?
2026-04-06 00:00:56 | INFO | bridge_app | Task 0 [aider]: Repo-map can't include D:\BridgeProjectExperiment\generated_metadata\VALORANT 
2026-04-06 00:00:56 | INFO | bridge_app | Task 0 [aider]: 01-14-2026 23-36-53-874.metadata.json
2026-04-06 00:00:56 | INFO | bridge_app | Task 0 [aider]: Has it been deleted from the file system but not from git?
2026-04-06 00:00:56 | INFO | bridge_app | Task 0 [aider]: Repo-map can't include D:\BridgeProjectExperiment\generated_metadata\VALORANT 
2026-04-06 00:00:56 | INFO | bridge_app | Task 0 [aider]: 01-14-2026 23-40-10-747.metadata.json
2026-04-06 00:00:56 | INFO | bridge_app | Task 0 [aider]: Has it been deleted from the file system but not from git?
2026-04-06 00:00:56 | INFO | bridge_app | Task 0 [aider]: Repo-map can't include D:\BridgeProjectExperiment\generated_metadata\VALORANT 
2026-04-06 00:00:56 | INFO | bridge_app | Task 0 [aider]: 01-14-2026 23-42-49-214.metadata.json
2026-04-06 00:00:56 | INFO | bridge_app | Task 0 [aider]: Has it been deleted from the file system but not from git?
2026-04-06 00:00:56 | INFO | bridge_app | Task 0 [aider]: Repo-map can't include D:\BridgeProjectExperiment\generated_metadata\VALORANT 
2026-04-06 00:00:56 | INFO | bridge_app | Task 0 [aider]: 01-14-2026 23-43-47-091.metadata.json
2026-04-06 00:00:56 | INFO | bridge_app | Task 0 [aider]: Has it been deleted from the file system but not from git?
2026-04-06 00:00:56 | INFO | bridge_app | Task 0 [aider]: Repo-map can't include D:\BridgeProjectExperiment\generated_metadata\VALORANT 
2026-04-06 00:00:56 | INFO | bridge_app | Task 0 [aider]: 01-14-2026 23-45-16-609.metadata.json
2026-04-06 00:00:56 | INFO | bridge_app | Task 0 [aider]: Has it been deleted from the file system but not from git?
2026-04-06 00:00:56 | INFO | bridge_app | Task 0 [aider]: Repo-map can't include D:\BridgeProjectExperiment\generated_metadata\VALORANT 
2026-04-06 00:00:56 | INFO | bridge_app | Task 0 [aider]: 01-14-2026 23-47-36-033.metadata.json
2026-04-06 00:00:56 | INFO | bridge_app | Task 0 [aider]: Has it been deleted from the file system but not from git?
2026-04-06 00:00:56 | INFO | bridge_app | Task 0 [aider]: Repo-map can't include D:\BridgeProjectExperiment\generated_metadata\VALORANT 
2026-04-06 00:00:56 | INFO | bridge_app | Task 0 [aider]: 01-14-2026 23-50-51-608.metadata.json
2026-04-06 00:00:56 | INFO | bridge_app | Task 0 [aider]: Has it been deleted from the file system but not from git?
2026-04-06 00:00:56 | INFO | bridge_app | Task 0 [aider]: Repo-map can't include D:\BridgeProjectExperiment\generated_metadata\VALORANT 
2026-04-06 00:00:56 | INFO | bridge_app | Task 0 [aider]: 01-14-2026 3-00-08-204.metadata.json
2026-04-06 00:00:56 | INFO | bridge_app | Task 0 [aider]: Has it been deleted from the file system but not from git?
2026-04-06 00:00:56 | INFO | bridge_app | Task 0 [aider]: Repo-map can't include D:\BridgeProjectExperiment\generated_metadata\VALORANT 
2026-04-06 00:00:56 | INFO | bridge_app | Task 0 [aider]: 01-14-2026 3-00-42-734.metadata.json
2026-04-06 00:00:56 | INFO | bridge_app | Task 0 [aider]: Has it been deleted from the file system but not from git?
2026-04-06 00:00:56 | INFO | bridge_app | Task 0 [aider]: Repo-map can't include D:\BridgeProjectExperiment\generated_metadata\VALORANT 
2026-04-06 00:00:56 | INFO | bridge_app | Task 0 [aider]: 01-14-2026 3-02-06-078.metadata.json
2026-04-06 00:00:56 | INFO | bridge_app | Task 0 [aider]: Has it been deleted from the file system but not from git?
2026-04-06 00:00:56 | INFO | bridge_app | Task 0 [aider]: Repo-map can't include D:\BridgeProjectExperiment\generated_metadata\VALORANT 
2026-04-06 00:00:56 | INFO | bridge_app | Task 0 [aider]: 01-14-2026 3-03-56-103.metadata.json
2026-04-06 00:00:56 | INFO | bridge_app | Task 0 [aider]: Has it been deleted from the file system but not from git?
2026-04-06 00:00:56 | INFO | bridge_app | Task 0 [aider]: Repo-map can't include D:\BridgeProjectExperiment\generated_metadata\VALORANT 
2026-04-06 00:00:56 | INFO | bridge_app | Task 0 [aider]: 01-14-2026 3-06-05-945.metadata.json
2026-04-06 00:00:56 | INFO | bridge_app | Task 0 [aider]: Has it been deleted from the file system but not from git?
2026-04-06 00:00:56 | INFO | bridge_app | Task 0 [aider]: Repo-map can't include D:\BridgeProjectExperiment\generated_metadata\VALORANT 
2026-04-06 00:00:56 | INFO | bridge_app | Task 0 [aider]: 01-14-2026 3-13-30-356.metadata.json
2026-04-06 00:00:56 | INFO | bridge_app | Task 0 [aider]: Has it been deleted from the file system but not from git?
2026-04-06 00:00:56 | INFO | bridge_app | Task 0 [aider]: Repo-map can't include D:\BridgeProjectExperiment\generated_metadata\VALORANT 
2026-04-06 00:00:56 | INFO | bridge_app | Task 0 [aider]: 01-14-2026 3-17-31-555.metadata.json
2026-04-06 00:00:56 | INFO | bridge_app | Task 0 [aider]: Has it been deleted from the file system but not from git?
2026-04-06 00:00:56 | INFO | bridge_app | Task 0 [aider]: Repo-map can't include D:\BridgeProjectExperiment\generated_metadata\VALORANT 
2026-04-06 00:00:56 | INFO | bridge_app | Task 0 [aider]: 01-14-2026 3-24-06-837.metadata.json
2026-04-06 00:00:56 | INFO | bridge_app | Task 0 [aider]: Has it been deleted from the file system but not from git?
2026-04-06 00:00:56 | INFO | bridge_app | Task 0 [aider]: Repo-map can't include D:\BridgeProjectExperiment\generated_metadata\VALORANT 
2026-04-06 00:00:56 | INFO | bridge_app | Task 0 [aider]: 01-14-2026 3-26-29-267.metadata.json
2026-04-06 00:00:56 | INFO | bridge_app | Task 0 [aider]: Has it been deleted from the file system but not from git?
2026-04-06 00:00:56 | INFO | bridge_app | Task 0 [aider]: Repo-map can't include D:\BridgeProjectExperiment\generated_metadata\VALORANT 
2026-04-06 00:00:56 | INFO | bridge_app | Task 0 [aider]: 01-14-2026 3-35-48-411.metadata.json
2026-04-06 00:00:56 | INFO | bridge_app | Task 0 [aider]: Has it been deleted from the file system but not from git?
2026-04-06 00:00:56 | INFO | bridge_app | Task 0 [aider]: Repo-map can't include D:\BridgeProjectExperiment\generated_metadata\VALORANT 
2026-04-06 00:00:56 | INFO | bridge_app | Task 0 [aider]: 01-14-2026 3-38-37-582.metadata.json
2026-04-06 00:00:56 | INFO | bridge_app | Task 0 [aider]: Has it been deleted from the file system but not from git?
2026-04-06 00:00:56 | INFO | bridge_app | Task 0 [aider]: Repo-map can't include D:\BridgeProjectExperiment\generated_metadata\VALORANT 
2026-04-06 00:00:56 | INFO | bridge_app | Task 0 [aider]: 01-14-2026 3-39-52-033.metadata.json
2026-04-06 00:00:56 | INFO | bridge_app | Task 0 [aider]: Has it been deleted from the file system but not from git?
2026-04-06 00:00:56 | INFO | bridge_app | Task 0 [aider]: Repo-map can't include D:\BridgeProjectExperiment\generated_metadata\VALORANT 
2026-04-06 00:00:56 | INFO | bridge_app | Task 0 [aider]: 01-14-2026 3-40-28-350.metadata.json
2026-04-06 00:00:56 | INFO | bridge_app | Task 0 [aider]: Has it been deleted from the file system but not from git?
2026-04-06 00:00:56 | INFO | bridge_app | Task 0 [aider]: Repo-map can't include D:\BridgeProjectExperiment\generated_metadata\VALORANT 
2026-04-06 00:00:56 | INFO | bridge_app | Task 0 [aider]: 01-14-2026 3-42-33-328.metadata.json
2026-04-06 00:00:56 | INFO | bridge_app | Task 0 [aider]: Has it been deleted from the file system but not from git?
2026-04-06 00:00:56 | INFO | bridge_app | Task 0 [aider]: Repo-map can't include D:\BridgeProjectExperiment\generated_metadata\VALORANT 
2026-04-06 00:00:56 | INFO | bridge_app | Task 0 [aider]: 01-14-2026 3-46-11-610.metadata.json
2026-04-06 00:00:56 | INFO | bridge_app | Task 0 [aider]: Has it been deleted from the file system but not from git?
2026-04-06 00:00:56 | INFO | bridge_app | Task 0 [aider]: Repo-map can't include D:\BridgeProjectExperiment\generated_metadata\VALORANT 
2026-04-06 00:00:56 | INFO | bridge_app | Task 0 [aider]: 01-14-2026 3-50-06-633.metadata.json
2026-04-06 00:00:56 | INFO | bridge_app | Task 0 [aider]: Has it been deleted from the file system but not from git?
2026-04-06 00:00:56 | INFO | bridge_app | Task 0 [aider]: Repo-map can't include D:\BridgeProjectExperiment\generated_metadata\VALORANT 
2026-04-06 00:00:56 | INFO | bridge_app | Task 0 [aider]: 01-14-2026 3-51-33-228.metadata.json
2026-04-06 00:00:56 | INFO | bridge_app | Task 0 [aider]: Has it been deleted from the file system but not from git?
2026-04-06 00:00:56 | INFO | bridge_app | Task 0 [aider]: Repo-map can't include D:\BridgeProjectExperiment\generated_metadata\VALORANT 
2026-04-06 00:00:56 | INFO | bridge_app | Task 0 [aider]: 01-14-2026 3-59-37-405.metadata.json
2026-04-06 00:00:56 | INFO | bridge_app | Task 0 [aider]: Has it been deleted from the file system but not from git?
2026-04-06 00:00:56 | INFO | bridge_app | Task 0 [aider]: Repo-map can't include D:\BridgeProjectExperiment\generated_metadata\VALORANT 
2026-04-06 00:00:56 | INFO | bridge_app | Task 0 [aider]: 01-14-2026 4-00-01-463.metadata.json
2026-04-06 00:00:56 | INFO | bridge_app | Task 0 [aider]: Has it been deleted from the file system but not from git?
2026-04-06 00:00:56 | INFO | bridge_app | Task 0 [aider]: Repo-map can't include D:\BridgeProjectExperiment\generated_metadata\VALORANT 
2026-04-06 00:00:56 | INFO | bridge_app | Task 0 [aider]: 01-14-2026 4-02-43-829.metadata.json
2026-04-06 00:00:56 | INFO | bridge_app | Task 0 [aider]: Has it been deleted from the file system but not from git?
2026-04-06 00:00:56 | INFO | bridge_app | Task 0 [aider]: Repo-map can't include D:\BridgeProjectExperiment\generated_metadata\VALORANT 
2026-04-06 00:00:56 | INFO | bridge_app | Task 0 [aider]: 01-14-2026 4-05-46-460.metadata.json
2026-04-06 00:00:56 | INFO | bridge_app | Task 0 [aider]: Has it been deleted from the file system but not from git?
2026-04-06 00:00:56 | INFO | bridge_app | Task 0 [aider]: Repo-map can't include D:\BridgeProjectExperiment\generated_metadata\VALORANT 
2026-04-06 00:00:56 | INFO | bridge_app | Task 0 [aider]: 01-14-2026 4-09-34-385.metadata.json
2026-04-06 00:00:56 | INFO | bridge_app | Task 0 [aider]: Has it been deleted from the file system but not from git?
2026-04-06 00:00:56 | INFO | bridge_app | Task 0 [aider]: Repo-map can't include D:\BridgeProjectExperiment\generated_metadata\VALORANT 
2026-04-06 00:00:56 | INFO | bridge_app | Task 0 [aider]: 01-14-2026 4-13-52-880.metadata.json
2026-04-06 00:00:56 | INFO | bridge_app | Task 0 [aider]: Has it been deleted from the file system but not from git?
2026-04-06 00:00:56 | INFO | bridge_app | Task 0 [aider]: Repo-map can't include D:\BridgeProjectExperiment\generated_metadata\VALORANT 
2026-04-06 00:00:56 | INFO | bridge_app | Task 0 [aider]: 01-14-2026 4-15-41-884.metadata.json
2026-04-06 00:00:56 | INFO | bridge_app | Task 0 [aider]: Has it been deleted from the file system but not from git?
2026-04-06 00:00:56 | INFO | bridge_app | Task 0 [aider]: Repo-map can't include D:\BridgeProjectExperiment\generated_metadata\VALORANT 
2026-04-06 00:00:56 | INFO | bridge_app | Task 0 [aider]: 01-14-2026 4-23-49-317.metadata.json
2026-04-06 00:00:56 | INFO | bridge_app | Task 0 [aider]: Has it been deleted from the file system but not from git?
2026-04-06 00:00:56 | INFO | bridge_app | Task 0 [aider]: Repo-map can't include D:\BridgeProjectExperiment\generated_metadata\VALORANT 
2026-04-06 00:00:56 | INFO | bridge_app | Task 0 [aider]: 01-14-2026 4-25-20-631.metadata.json
2026-04-06 00:00:56 | INFO | bridge_app | Task 0 [aider]: Has it been deleted from the file system but not from git?
2026-04-06 00:00:56 | INFO | bridge_app | Task 0 [aider]: Repo-map can't include D:\BridgeProjectExperiment\generated_metadata\VALORANT 
2026-04-06 00:00:56 | INFO | bridge_app | Task 0 [aider]: 01-14-2026 4-27-28-529.metadata.json
2026-04-06 00:00:56 | INFO | bridge_app | Task 0 [aider]: Has it been deleted from the file system but not from git?
2026-04-06 00:00:56 | INFO | bridge_app | Task 0 [aider]: Repo-map can't include D:\BridgeProjectExperiment\generated_metadata\VALORANT 
2026-04-06 00:00:56 | INFO | bridge_app | Task 0 [aider]: 01-15-2026 0-01-14-598.metadata.json
2026-04-06 00:00:56 | INFO | bridge_app | Task 0 [aider]: Has it been deleted from the file system but not from git?
2026-04-06 00:00:56 | INFO | bridge_app | Task 0 [aider]: Repo-map can't include D:\BridgeProjectExperiment\generated_metadata\VALORANT 
2026-04-06 00:00:56 | INFO | bridge_app | Task 0 [aider]: 01-15-2026 0-05-35-257.metadata.json
2026-04-06 00:00:56 | INFO | bridge_app | Task 0 [aider]: Has it been deleted from the file system but not from git?
2026-04-06 00:00:56 | INFO | bridge_app | Task 0 [aider]: Repo-map can't include D:\BridgeProjectExperiment\generated_metadata\VALORANT 
2026-04-06 00:00:56 | INFO | bridge_app | Task 0 [aider]: 01-15-2026 0-20-14-408.metadata.json
2026-04-06 00:00:56 | INFO | bridge_app | Task 0 [aider]: Has it been deleted from the file system but not from git?
2026-04-06 00:00:56 | INFO | bridge_app | Task 0 [aider]: Repo-map can't include D:\BridgeProjectExperiment\generated_metadata\VALORANT 
2026-04-06 00:00:56 | INFO | bridge_app | Task 0 [aider]: 01-15-2026 0-21-01-415.metadata.json
2026-04-06 00:00:56 | INFO | bridge_app | Task 0 [aider]: Has it been deleted from the file system but not from git?
2026-04-06 00:00:56 | INFO | bridge_app | Task 0 [aider]: Repo-map can't include D:\BridgeProjectExperiment\generated_metadata\VALORANT 
2026-04-06 00:00:56 | INFO | bridge_app | Task 0 [aider]: 01-15-2026 0-21-21-805.metadata.json
2026-04-06 00:00:56 | INFO | bridge_app | Task 0 [aider]: Has it been deleted from the file system but not from git?
2026-04-06 00:00:56 | INFO | bridge_app | Task 0 [aider]: Repo-map can't include D:\BridgeProjectExperiment\generated_metadata\VALORANT 
2026-04-06 00:00:56 | INFO | bridge_app | Task 0 [aider]: 01-15-2026 0-26-24-088.metadata.json
2026-04-06 00:00:56 | INFO | bridge_app | Task 0 [aider]: Has it been deleted from the file system but not from git?
2026-04-06 00:00:56 | INFO | bridge_app | Task 0 [aider]: Repo-map can't include D:\BridgeProjectExperiment\generated_metadata\VALORANT 
2026-04-06 00:00:56 | INFO | bridge_app | Task 0 [aider]: 01-15-2026 0-27-54-421.metadata.json
2026-04-06 00:00:56 | INFO | bridge_app | Task 0 [aider]: Has it been deleted from the file system but not from git?
2026-04-06 00:00:56 | INFO | bridge_app | Task 0 [aider]: Repo-map can't include D:\BridgeProjectExperiment\generated_metadata\VALORANT 
2026-04-06 00:00:56 | INFO | bridge_app | Task 0 [aider]: 01-15-2026 0-32-41-771.metadata.json
2026-04-06 00:00:56 | INFO | bridge_app | Task 0 [aider]: Has it been deleted from the file system but not from git?
2026-04-06 00:00:56 | INFO | bridge_app | Task 0 [aider]: Repo-map can't include D:\BridgeProjectExperiment\generated_metadata\VALORANT 
2026-04-06 00:00:56 | INFO | bridge_app | Task 0 [aider]: 01-15-2026 0-33-06-175.metadata.json
2026-04-06 00:00:56 | INFO | bridge_app | Task 0 [aider]: Has it been deleted from the file system but not from git?
2026-04-06 00:00:56 | INFO | bridge_app | Task 0 [aider]: Repo-map can't include D:\BridgeProjectExperiment\generated_metadata\VALORANT 
2026-04-06 00:00:56 | INFO | bridge_app | Task 0 [aider]: 01-15-2026 0-36-05-798.metadata.json
2026-04-06 00:00:56 | INFO | bridge_app | Task 0 [aider]: Has it been deleted from the file system but not from git?
2026-04-06 00:00:56 | INFO | bridge_app | Task 0 [aider]: Repo-map can't include D:\BridgeProjectExperiment\generated_metadata\VALORANT 
2026-04-06 00:00:56 | INFO | bridge_app | Task 0 [aider]: 01-15-2026 0-41-57-006.metadata.json
2026-04-06 00:00:56 | INFO | bridge_app | Task 0 [aider]: Has it been deleted from the file system but not from git?
2026-04-06 00:00:56 | INFO | bridge_app | Task 0 [aider]: Repo-map can't include D:\BridgeProjectExperiment\generated_metadata\VALORANT 
2026-04-06 00:00:56 | INFO | bridge_app | Task 0 [aider]: 01-15-2026 0-46-04-692.metadata.json
2026-04-06 00:00:56 | INFO | bridge_app | Task 0 [aider]: Has it been deleted from the file system but not from git?
2026-04-06 00:00:56 | INFO | bridge_app | Task 0 [aider]: Repo-map can't include D:\BridgeProjectExperiment\generated_metadata\VALORANT 
2026-04-06 00:00:56 | INFO | bridge_app | Task 0 [aider]: 01-15-2026 0-47-34-763.metadata.json
2026-04-06 00:00:56 | INFO | bridge_app | Task 0 [aider]: Has it been deleted from the file system but not from git?
2026-04-06 00:00:56 | INFO | bridge_app | Task 0 [aider]: Repo-map can't include D:\BridgeProjectExperiment\generated_metadata\VALORANT 
2026-04-06 00:00:56 | INFO | bridge_app | Task 0 [aider]: 01-15-2026 0-48-57-158.metadata.json
2026-04-06 00:00:56 | INFO | bridge_app | Task 0 [aider]: Has it been deleted from the file system but not from git?
2026-04-06 00:00:56 | INFO | bridge_app | Task 0 [aider]: Repo-map can't include D:\BridgeProjectExperiment\generated_metadata\VALORANT 
2026-04-06 00:00:56 | INFO | bridge_app | Task 0 [aider]: 01-15-2026 0-52-49-880.metadata.json
2026-04-06 00:00:56 | INFO | bridge_app | Task 0 [aider]: Has it been deleted from the file system but not from git?
2026-04-06 00:00:56 | INFO | bridge_app | Task 0 [aider]: Repo-map can't include D:\BridgeProjectExperiment\generated_metadata\VALORANT 
2026-04-06 00:00:56 | INFO | bridge_app | Task 0 [aider]: 01-15-2026 0-53-35-083.metadata.json
2026-04-06 00:00:56 | INFO | bridge_app | Task 0 [aider]: Has it been deleted from the file system but not from git?
2026-04-06 00:00:56 | INFO | bridge_app | Task 0 [aider]: Repo-map can't include D:\BridgeProjectExperiment\generated_metadata\VALORANT 
2026-04-06 00:00:56 | INFO | bridge_app | Task 0 [aider]: 01-15-2026 1-05-10-660.metadata.json
2026-04-06 00:00:56 | INFO | bridge_app | Task 0 [aider]: Has it been deleted from the file system but not from git?
2026-04-06 00:00:56 | INFO | bridge_app | Task 0 [aider]: Repo-map can't include D:\BridgeProjectExperiment\generated_metadata\VALORANT 
2026-04-06 00:00:56 | INFO | bridge_app | Task 0 [aider]: 01-15-2026 1-09-54-007.metadata.json
2026-04-06 00:00:56 | INFO | bridge_app | Task 0 [aider]: Has it been deleted from the file system but not from git?
2026-04-06 00:00:56 | INFO | bridge_app | Task 0 [aider]: Repo-map can't include D:\BridgeProjectExperiment\generated_metadata\VALORANT 
2026-04-06 00:00:56 | INFO | bridge_app | Task 0 [aider]: 01-15-2026 1-13-20-013.metadata.json
2026-04-06 00:00:56 | INFO | bridge_app | Task 0 [aider]: Has it been deleted from the file system but not from git?
2026-04-06 00:00:56 | INFO | bridge_app | Task 0 [aider]: Repo-map can't include D:\BridgeProjectExperiment\generated_metadata\VALORANT 
2026-04-06 00:00:56 | INFO | bridge_app | Task 0 [aider]: 01-15-2026 1-15-40-945.metadata.json
2026-04-06 00:00:56 | INFO | bridge_app | Task 0 [aider]: Has it been deleted from the file system but not from git?
2026-04-06 00:00:56 | INFO | bridge_app | Task 0 [aider]: Repo-map can't include D:\BridgeProjectExperiment\generated_metadata\VALORANT 
2026-04-06 00:00:56 | INFO | bridge_app | Task 0 [aider]: 01-15-2026 1-24-46-126.metadata.json
2026-04-06 00:00:56 | INFO | bridge_app | Task 0 [aider]: Has it been deleted from the file system but not from git?
2026-04-06 00:00:56 | INFO | bridge_app | Task 0 [aider]: Repo-map can't include D:\BridgeProjectExperiment\generated_metadata\VALORANT 
2026-04-06 00:00:56 | INFO | bridge_app | Task 0 [aider]: 01-15-2026 1-30-14-409.metadata.json
2026-04-06 00:00:57 | INFO | bridge_app | Task 0 [aider]: Has it been deleted from the file system but not from git?
2026-04-06 00:00:57 | INFO | bridge_app | Task 0 [aider]: Repo-map can't include D:\BridgeProjectExperiment\generated_metadata\VALORANT 
2026-04-06 00:00:57 | INFO | bridge_app | Task 0 [aider]: 01-15-2026 1-32-01-193.metadata.json
2026-04-06 00:00:57 | INFO | bridge_app | Task 0 [aider]: Has it been deleted from the file system but not from git?
2026-04-06 00:00:57 | INFO | bridge_app | Task 0 [aider]: Repo-map can't include D:\BridgeProjectExperiment\generated_metadata\VALORANT 
2026-04-06 00:00:57 | INFO | bridge_app | Task 0 [aider]: 01-15-2026 22-21-01-057.metadata.json
2026-04-06 00:00:57 | INFO | bridge_app | Task 0 [aider]: Has it been deleted from the file system but not from git?
2026-04-06 00:00:57 | INFO | bridge_app | Task 0 [aider]: Repo-map can't include D:\BridgeProjectExperiment\generated_metadata\VALORANT 
2026-04-06 00:00:57 | INFO | bridge_app | Task 0 [aider]: 01-15-2026 22-28-28-346.metadata.json
2026-04-06 00:00:57 | INFO | bridge_app | Task 0 [aider]: Has it been deleted from the file system but not from git?
2026-04-06 00:00:57 | INFO | bridge_app | Task 0 [aider]: Repo-map can't include D:\BridgeProjectExperiment\generated_metadata\VALORANT 
2026-04-06 00:00:57 | INFO | bridge_app | Task 0 [aider]: 01-15-2026 22-31-53-501.metadata.json
2026-04-06 00:00:57 | INFO | bridge_app | Task 0 [aider]: Has it been deleted from the file system but not from git?
2026-04-06 00:00:57 | INFO | bridge_app | Task 0 [aider]: Repo-map can't include D:\BridgeProjectExperiment\generated_metadata\VALORANT 
2026-04-06 00:00:57 | INFO | bridge_app | Task 0 [aider]: 01-15-2026 22-35-48-603.metadata.json
2026-04-06 00:00:57 | INFO | bridge_app | Task 0 [aider]: Has it been deleted from the file system but not from git?
2026-04-06 00:00:57 | INFO | bridge_app | Task 0 [aider]: Repo-map can't include D:\BridgeProjectExperiment\generated_metadata\VALORANT 
2026-04-06 00:00:57 | INFO | bridge_app | Task 0 [aider]: 01-15-2026 22-37-19-662.metadata.json
2026-04-06 00:00:57 | INFO | bridge_app | Task 0 [aider]: Has it been deleted from the file system but not from git?
2026-04-06 00:00:57 | INFO | bridge_app | Task 0 [aider]: Repo-map can't include D:\BridgeProjectExperiment\generated_metadata\VALORANT 
2026-04-06 00:00:57 | INFO | bridge_app | Task 0 [aider]: 01-15-2026 22-39-56-616.metadata.json
2026-04-06 00:00:57 | INFO | bridge_app | Task 0 [aider]: Has it been deleted from the file system but not from git?
2026-04-06 00:00:57 | INFO | bridge_app | Task 0 [aider]: Repo-map can't include D:\BridgeProjectExperiment\generated_metadata\VALORANT 
2026-04-06 00:00:57 | INFO | bridge_app | Task 0 [aider]: 01-15-2026 22-41-31-151.metadata.json
2026-04-06 00:00:57 | INFO | bridge_app | Task 0 [aider]: Has it been deleted from the file system but not from git?
2026-04-06 00:00:57 | INFO | bridge_app | Task 0 [aider]: Repo-map can't include D:\BridgeProjectExperiment\generated_metadata\VALORANT 
2026-04-06 00:00:57 | INFO | bridge_app | Task 0 [aider]: 01-15-2026 22-45-44-955.metadata.json
2026-04-06 00:00:57 | INFO | bridge_app | Task 0 [aider]: Has it been deleted from the file system but not from git?
2026-04-06 00:00:57 | INFO | bridge_app | Task 0 [aider]: Repo-map can't include D:\BridgeProjectExperiment\generated_metadata\VALORANT 
2026-04-06 00:00:57 | INFO | bridge_app | Task 0 [aider]: 01-15-2026 22-56-13-917.metadata.json
2026-04-06 00:00:57 | INFO | bridge_app | Task 0 [aider]: Has it been deleted from the file system but not from git?
2026-04-06 00:00:57 | INFO | bridge_app | Task 0 [aider]: Repo-map can't include D:\BridgeProjectExperiment\generated_metadata\VALORANT 
2026-04-06 00:00:57 | INFO | bridge_app | Task 0 [aider]: 01-15-2026 22-57-49-757.metadata.json
2026-04-06 00:00:57 | INFO | bridge_app | Task 0 [aider]: Has it been deleted from the file system but not from git?
2026-04-06 00:00:57 | INFO | bridge_app | Task 0 [aider]: Repo-map can't include D:\BridgeProjectExperiment\generated_metadata\VALORANT 
2026-04-06 00:00:57 | INFO | bridge_app | Task 0 [aider]: 01-15-2026 23-01-00-725.metadata.json
2026-04-06 00:00:57 | INFO | bridge_app | Task 0 [aider]: Has it been deleted from the file system but not from git?
2026-04-06 00:00:57 | INFO | bridge_app | Task 0 [aider]: Repo-map can't include D:\BridgeProjectExperiment\generated_metadata\VALORANT 
2026-04-06 00:00:57 | INFO | bridge_app | Task 0 [aider]: 01-15-2026 23-01-48-391.metadata.json
2026-04-06 00:00:57 | INFO | bridge_app | Task 0 [aider]: Has it been deleted from the file system but not from git?
2026-04-06 00:00:57 | INFO | bridge_app | Task 0 [aider]: Repo-map can't include D:\BridgeProjectExperiment\generated_metadata\VALORANT 
2026-04-06 00:00:57 | INFO | bridge_app | Task 0 [aider]: 01-15-2026 23-03-48-377.metadata.json
2026-04-06 00:00:57 | INFO | bridge_app | Task 0 [aider]: Has it been deleted from the file system but not from git?
2026-04-06 00:00:57 | INFO | bridge_app | Task 0 [aider]: Repo-map can't include D:\BridgeProjectExperiment\generated_metadata\VALORANT 
2026-04-06 00:00:57 | INFO | bridge_app | Task 0 [aider]: 01-15-2026 23-05-00-029.metadata.json
2026-04-06 00:00:57 | INFO | bridge_app | Task 0 [aider]: Has it been deleted from the file system but not from git?
2026-04-06 00:00:57 | INFO | bridge_app | Task 0 [aider]: Repo-map can't include D:\BridgeProjectExperiment\generated_metadata\VALORANT 
2026-04-06 00:00:57 | INFO | bridge_app | Task 0 [aider]: 01-15-2026 23-10-11-384.metadata.json
2026-04-06 00:00:57 | INFO | bridge_app | Task 0 [aider]: Has it been deleted from the file system but not from git?
2026-04-06 00:00:57 | INFO | bridge_app | Task 0 [aider]: Repo-map can't include D:\BridgeProjectExperiment\generated_metadata\VALORANT 
2026-04-06 00:00:57 | INFO | bridge_app | Task 0 [aider]: 01-15-2026 23-22-14-788.metadata.json
2026-04-06 00:00:57 | INFO | bridge_app | Task 0 [aider]: Has it been deleted from the file system but not from git?
2026-04-06 00:00:57 | INFO | bridge_app | Task 0 [aider]: Repo-map can't include D:\BridgeProjectExperiment\generated_metadata\VALORANT 
2026-04-06 00:00:57 | INFO | bridge_app | Task 0 [aider]: 01-15-2026 23-22-38-453.metadata.json
2026-04-06 00:00:57 | INFO | bridge_app | Task 0 [aider]: Has it been deleted from the file system but not from git?
2026-04-06 00:00:57 | INFO | bridge_app | Task 0 [aider]: Repo-map can't include D:\BridgeProjectExperiment\generated_metadata\VALORANT 
2026-04-06 00:00:57 | INFO | bridge_app | Task 0 [aider]: 01-15-2026 23-28-30-746.metadata.json
2026-04-06 00:00:57 | INFO | bridge_app | Task 0 [aider]: Has it been deleted from the file system but not from git?
2026-04-06 00:00:57 | INFO | bridge_app | Task 0 [aider]: Repo-map can't include D:\BridgeProjectExperiment\generated_metadata\VALORANT 
2026-04-06 00:00:57 | INFO | bridge_app | Task 0 [aider]: 01-15-2026 23-28-51-269.metadata.json
2026-04-06 00:00:57 | INFO | bridge_app | Task 0 [aider]: Has it been deleted from the file system but not from git?
2026-04-06 00:00:57 | INFO | bridge_app | Task 0 [aider]: Repo-map can't include D:\BridgeProjectExperiment\generated_metadata\VALORANT 
2026-04-06 00:00:57 | INFO | bridge_app | Task 0 [aider]: 01-15-2026 23-37-22-046.metadata.json
2026-04-06 00:00:57 | INFO | bridge_app | Task 0 [aider]: Has it been deleted from the file system but not from git?
2026-04-06 00:00:57 | INFO | bridge_app | Task 0 [aider]: Repo-map can't include D:\BridgeProjectExperiment\generated_metadata\VALORANT 
2026-04-06 00:00:57 | INFO | bridge_app | Task 0 [aider]: 01-15-2026 23-40-43-783.metadata.json
2026-04-06 00:00:57 | INFO | bridge_app | Task 0 [aider]: Has it been deleted from the file system but not from git?
2026-04-06 00:00:57 | INFO | bridge_app | Task 0 [aider]: Repo-map can't include D:\BridgeProjectExperiment\generated_metadata\VALORANT 
2026-04-06 00:00:57 | INFO | bridge_app | Task 0 [aider]: 01-15-2026 23-43-02-842.metadata.json
2026-04-06 00:00:57 | INFO | bridge_app | Task 0 [aider]: Has it been deleted from the file system but not from git?
2026-04-06 00:00:57 | INFO | bridge_app | Task 0 [aider]: Repo-map can't include D:\BridgeProjectExperiment\generated_metadata\VALORANT 
2026-04-06 00:00:57 | INFO | bridge_app | Task 0 [aider]: 01-15-2026 23-50-46-569.metadata.json
2026-04-06 00:00:57 | INFO | bridge_app | Task 0 [aider]: Has it been deleted from the file system but not from git?
2026-04-06 00:00:57 | INFO | bridge_app | Task 0 [aider]: Repo-map can't include D:\BridgeProjectExperiment\generated_metadata\VALORANT 
2026-04-06 00:00:57 | INFO | bridge_app | Task 0 [aider]: 01-15-2026 23-55-56-676.metadata.json
2026-04-06 00:00:57 | INFO | bridge_app | Task 0 [aider]: Has it been deleted from the file system but not from git?
2026-04-06 00:00:57 | INFO | bridge_app | Task 0 [aider]: Repo-map can't include D:\BridgeProjectExperiment\generated_metadata\VALORANT 
2026-04-06 00:00:57 | INFO | bridge_app | Task 0 [aider]: 01-15-2026 23-57-05-773.metadata.json
2026-04-06 00:00:57 | INFO | bridge_app | Task 0 [aider]: Has it been deleted from the file system but not from git?
2026-04-06 00:00:57 | INFO | bridge_app | Task 0 [aider]: Repo-map can't include D:\BridgeProjectExperiment\generated_metadata\VALORANT 
2026-04-06 00:00:57 | INFO | bridge_app | Task 0 [aider]: 01-15-2026 23-59-57-658.metadata.json
2026-04-06 00:00:57 | INFO | bridge_app | Task 0 [aider]: Has it been deleted from the file system but not from git?
2026-04-06 00:00:57 | INFO | bridge_app | Task 0 [aider]: Repo-map can't include D:\BridgeProjectExperiment\generated_metadata\VALORANT 
2026-04-06 00:00:57 | INFO | bridge_app | Task 0 [aider]: 01-16-2026 0-00-21-157.metadata.json
2026-04-06 00:00:57 | INFO | bridge_app | Task 0 [aider]: Has it been deleted from the file system but not from git?
2026-04-06 00:00:57 | INFO | bridge_app | Task 0 [aider]: Repo-map can't include D:\BridgeProjectExperiment\generated_metadata\VALORANT 
2026-04-06 00:00:57 | INFO | bridge_app | Task 0 [aider]: 01-16-2026 0-01-28-140.metadata.json
2026-04-06 00:00:57 | INFO | bridge_app | Task 0 [aider]: Has it been deleted from the file system but not from git?
2026-04-06 00:00:57 | INFO | bridge_app | Task 0 [aider]: Repo-map can't include D:\BridgeProjectExperiment\generated_metadata\VALORANT 
2026-04-06 00:00:57 | INFO | bridge_app | Task 0 [aider]: 01-16-2026 0-02-42-892.metadata.json
2026-04-06 00:00:57 | INFO | bridge_app | Task 0 [aider]: Has it been deleted from the file system but not from git?
2026-04-06 00:00:57 | INFO | bridge_app | Task 0 [aider]: Repo-map can't include D:\BridgeProjectExperiment\generated_metadata\VALORANT 
2026-04-06 00:00:57 | INFO | bridge_app | Task 0 [aider]: 01-16-2026 0-11-57-705.metadata.json
2026-04-06 00:00:57 | INFO | bridge_app | Task 0 [aider]: Has it been deleted from the file system but not from git?
2026-04-06 00:00:57 | INFO | bridge_app | Task 0 [aider]: Repo-map can't include D:\BridgeProjectExperiment\generated_metadata\VALORANT 
2026-04-06 00:00:57 | INFO | bridge_app | Task 0 [aider]: 01-16-2026 0-14-07-357.metadata.json
2026-04-06 00:00:57 | INFO | bridge_app | Task 0 [aider]: Has it been deleted from the file system but not from git?
2026-04-06 00:00:57 | INFO | bridge_app | Task 0 [aider]: Repo-map can't include D:\BridgeProjectExperiment\generated_metadata\VALORANT 
2026-04-06 00:00:57 | INFO | bridge_app | Task 0 [aider]: 01-16-2026 0-16-11-465.metadata.json
2026-04-06 00:00:57 | INFO | bridge_app | Task 0 [aider]: Has it been deleted from the file system but not from git?
2026-04-06 00:00:57 | INFO | bridge_app | Task 0 [aider]: Repo-map can't include D:\BridgeProjectExperiment\generated_metadata\VALORANT 
2026-04-06 00:00:57 | INFO | bridge_app | Task 0 [aider]: 01-16-2026 0-17-40-218.metadata.json
2026-04-06 00:00:57 | INFO | bridge_app | Task 0 [aider]: Has it been deleted from the file system but not from git?
2026-04-06 00:00:57 | INFO | bridge_app | Task 0 [aider]: Repo-map can't include D:\BridgeProjectExperiment\generated_metadata\VALORANT 
2026-04-06 00:00:57 | INFO | bridge_app | Task 0 [aider]: 01-16-2026 0-25-21-535.metadata.json
2026-04-06 00:00:57 | INFO | bridge_app | Task 0 [aider]: Has it been deleted from the file system but not from git?
2026-04-06 00:00:57 | INFO | bridge_app | Task 0 [aider]: Repo-map can't include D:\BridgeProjectExperiment\generated_metadata\VALORANT 
2026-04-06 00:00:57 | INFO | bridge_app | Task 0 [aider]: 01-16-2026 0-26-44-903.metadata.json
2026-04-06 00:00:57 | INFO | bridge_app | Task 0 [aider]: Has it been deleted from the file system but not from git?
2026-04-06 00:00:57 | INFO | bridge_app | Task 0 [aider]: Repo-map can't include D:\BridgeProjectExperiment\generated_metadata\VALORANT 
2026-04-06 00:00:57 | INFO | bridge_app | Task 0 [aider]: 01-16-2026 0-29-25-516.metadata.json
2026-04-06 00:00:57 | INFO | bridge_app | Task 0 [aider]: Has it been deleted from the file system but not from git?
2026-04-06 00:00:57 | INFO | bridge_app | Task 0 [aider]: Repo-map can't include D:\BridgeProjectExperiment\generated_metadata\VALORANT 
2026-04-06 00:00:57 | INFO | bridge_app | Task 0 [aider]: 01-16-2026 0-32-54-886.metadata.json
2026-04-06 00:00:57 | INFO | bridge_app | Task 0 [aider]: Has it been deleted from the file system but not from git?
2026-04-06 00:00:57 | INFO | bridge_app | Task 0 [aider]: Repo-map can't include D:\BridgeProjectExperiment\generated_metadata\VALORANT 
2026-04-06 00:00:57 | INFO | bridge_app | Task 0 [aider]: 01-16-2026 0-34-51-900.metadata.json
2026-04-06 00:00:57 | INFO | bridge_app | Task 0 [aider]: Has it been deleted from the file system but not from git?
2026-04-06 00:00:57 | INFO | bridge_app | Task 0 [aider]: Repo-map can't include D:\BridgeProjectExperiment\generated_metadata\VALORANT 
2026-04-06 00:00:57 | INFO | bridge_app | Task 0 [aider]: 01-16-2026 0-45-45-349.metadata.json
2026-04-06 00:00:57 | INFO | bridge_app | Task 0 [aider]: Has it been deleted from the file system but not from git?
2026-04-06 00:00:57 | INFO | bridge_app | Task 0 [aider]: Repo-map can't include D:\BridgeProjectExperiment\generated_metadata\VALORANT 
2026-04-06 00:00:57 | INFO | bridge_app | Task 0 [aider]: 01-16-2026 0-46-48-805.metadata.json
2026-04-06 00:00:57 | INFO | bridge_app | Task 0 [aider]: Has it been deleted from the file system but not from git?
2026-04-06 00:00:57 | INFO | bridge_app | Task 0 [aider]: Repo-map can't include D:\BridgeProjectExperiment\generated_metadata\VALORANT 
2026-04-06 00:00:57 | INFO | bridge_app | Task 0 [aider]: 01-16-2026 0-49-42-748.metadata.json
2026-04-06 00:00:57 | INFO | bridge_app | Task 0 [aider]: Has it been deleted from the file system but not from git?
2026-04-06 00:00:57 | INFO | bridge_app | Task 0 [aider]: Repo-map can't include D:\BridgeProjectExperiment\generated_metadata\VALORANT 
2026-04-06 00:00:57 | INFO | bridge_app | Task 0 [aider]: 01-16-2026 0-53-57-785.metadata.json
2026-04-06 00:00:57 | INFO | bridge_app | Task 0 [aider]: Has it been deleted from the file system but not from git?
2026-04-06 00:00:57 | INFO | bridge_app | Task 0 [aider]: Repo-map can't include D:\BridgeProjectExperiment\generated_metadata\VALORANT 
2026-04-06 00:00:57 | INFO | bridge_app | Task 0 [aider]: 01-16-2026 0-55-50-333.metadata.json
2026-04-06 00:00:57 | INFO | bridge_app | Task 0 [aider]: Has it been deleted from the file system but not from git?
2026-04-06 00:00:57 | INFO | bridge_app | Task 0 [aider]: Repo-map can't include D:\BridgeProjectExperiment\generated_metadata\VALORANT 
2026-04-06 00:00:57 | INFO | bridge_app | Task 0 [aider]: 01-16-2026 0-56-35-486.metadata.json
2026-04-06 00:00:57 | INFO | bridge_app | Task 0 [aider]: Has it been deleted from the file system but not from git?
2026-04-06 00:00:57 | INFO | bridge_app | Task 0 [aider]: Repo-map can't include D:\BridgeProjectExperiment\generated_metadata\VALORANT 
2026-04-06 00:00:57 | INFO | bridge_app | Task 0 [aider]: 01-16-2026 0-57-35-733.metadata.json
2026-04-06 00:00:57 | INFO | bridge_app | Task 0 [aider]: Has it been deleted from the file system but not from git?
2026-04-06 00:00:57 | INFO | bridge_app | Task 0 [aider]: Repo-map can't include D:\BridgeProjectExperiment\generated_metadata\VALORANT 
2026-04-06 00:00:57 | INFO | bridge_app | Task 0 [aider]: 01-16-2026 0-59-41-923.metadata.json
2026-04-06 00:00:57 | INFO | bridge_app | Task 0 [aider]: Has it been deleted from the file system but not from git?
2026-04-06 00:00:57 | INFO | bridge_app | Task 0 [aider]: Repo-map can't include D:\BridgeProjectExperiment\generated_metadata\VALORANT 
2026-04-06 00:00:57 | INFO | bridge_app | Task 0 [aider]: 01-16-2026 1-05-10-096.metadata.json
2026-04-06 00:00:57 | INFO | bridge_app | Task 0 [aider]: Has it been deleted from the file system but not from git?
2026-04-06 00:00:57 | INFO | bridge_app | Task 0 [aider]: Repo-map can't include D:\BridgeProjectExperiment\generated_metadata\VALORANT 
2026-04-06 00:00:57 | INFO | bridge_app | Task 0 [aider]: 01-16-2026 23-41-11-620.metadata.json
2026-04-06 00:00:57 | INFO | bridge_app | Task 0 [aider]: Has it been deleted from the file system but not from git?
2026-04-06 00:00:57 | INFO | bridge_app | Task 0 [aider]: Repo-map can't include D:\BridgeProjectExperiment\generated_metadata\VALORANT 
2026-04-06 00:00:57 | INFO | bridge_app | Task 0 [aider]: 01-16-2026 23-43-52-492.metadata.json
2026-04-06 00:00:57 | INFO | bridge_app | Task 0 [aider]: Has it been deleted from the file system but not from git?
2026-04-06 00:00:57 | INFO | bridge_app | Task 0 [aider]: Repo-map can't include D:\BridgeProjectExperiment\generated_metadata\VALORANT 
2026-04-06 00:00:57 | INFO | bridge_app | Task 0 [aider]: 01-16-2026 23-53-44-310.metadata.json
2026-04-06 00:00:57 | INFO | bridge_app | Task 0 [aider]: Has it been deleted from the file system but not from git?
2026-04-06 00:00:57 | INFO | bridge_app | Task 0 [aider]: Repo-map can't include D:\BridgeProjectExperiment\generated_metadata\VALORANT 
2026-04-06 00:00:57 | INFO | bridge_app | Task 0 [aider]: 01-16-2026 23-57-42-382.metadata.json
2026-04-06 00:00:57 | INFO | bridge_app | Task 0 [aider]: Has it been deleted from the file system but not from git?
2026-04-06 00:00:57 | INFO | bridge_app | Task 0 [aider]: Repo-map can't include D:\BridgeProjectExperiment\generated_metadata\VALORANT 
2026-04-06 00:00:57 | INFO | bridge_app | Task 0 [aider]: 01-17-2026 0-10-19-217.metadata.json
2026-04-06 00:00:57 | INFO | bridge_app | Task 0 [aider]: Has it been deleted from the file system but not from git?
2026-04-06 00:00:57 | INFO | bridge_app | Task 0 [aider]: Repo-map can't include D:\BridgeProjectExperiment\generated_metadata\VALORANT 
2026-04-06 00:00:57 | INFO | bridge_app | Task 0 [aider]: 01-17-2026 0-11-25-130.metadata.json
2026-04-06 00:00:57 | INFO | bridge_app | Task 0 [aider]: Has it been deleted from the file system but not from git?
2026-04-06 00:00:57 | INFO | bridge_app | Task 0 [aider]: Repo-map can't include D:\BridgeProjectExperiment\generated_metadata\VALORANT 
2026-04-06 00:00:57 | INFO | bridge_app | Task 0 [aider]: 01-17-2026 0-15-42-315.metadata.json
2026-04-06 00:00:57 | INFO | bridge_app | Task 0 [aider]: Has it been deleted from the file system but not from git?
2026-04-06 00:00:57 | INFO | bridge_app | Task 0 [aider]: Repo-map can't include D:\BridgeProjectExperiment\generated_metadata\VALORANT 
2026-04-06 00:00:57 | INFO | bridge_app | Task 0 [aider]: 01-17-2026 0-29-40-212.metadata.json
2026-04-06 00:00:57 | INFO | bridge_app | Task 0 [aider]: Has it been deleted from the file system but not from git?
2026-04-06 00:00:57 | INFO | bridge_app | Task 0 [aider]: Repo-map can't include D:\BridgeProjectExperiment\generated_metadata\VALORANT 
2026-04-06 00:00:57 | INFO | bridge_app | Task 0 [aider]: 01-17-2026 0-31-24-350.metadata.json
2026-04-06 00:00:57 | INFO | bridge_app | Task 0 [aider]: Has it been deleted from the file system but not from git?
2026-04-06 00:00:57 | INFO | bridge_app | Task 0 [aider]: Repo-map can't include D:\BridgeProjectExperiment\generated_metadata\VALORANT 
2026-04-06 00:00:57 | INFO | bridge_app | Task 0 [aider]: 01-17-2026 0-35-03-255.metadata.json
2026-04-06 00:00:57 | INFO | bridge_app | Task 0 [aider]: Has it been deleted from the file system but not from git?
2026-04-06 00:00:57 | INFO | bridge_app | Task 0 [aider]: Repo-map can't include D:\BridgeProjectExperiment\generated_metadata\VALORANT 
2026-04-06 00:00:57 | INFO | bridge_app | Task 0 [aider]: 01-17-2026 0-35-59-016.metadata.json
2026-04-06 00:00:57 | INFO | bridge_app | Task 0 [aider]: Has it been deleted from the file system but not from git?
2026-04-06 00:00:57 | INFO | bridge_app | Task 0 [aider]: Repo-map can't include D:\BridgeProjectExperiment\generated_metadata\VALORANT 
2026-04-06 00:00:57 | INFO | bridge_app | Task 0 [aider]: 01-17-2026 0-39-48-332.metadata.json
2026-04-06 00:00:57 | INFO | bridge_app | Task 0 [aider]: Has it been deleted from the file system but not from git?
2026-04-06 00:00:57 | INFO | bridge_app | Task 0 [aider]: Repo-map can't include D:\BridgeProjectExperiment\generated_metadata\VALORANT 
2026-04-06 00:00:57 | INFO | bridge_app | Task 0 [aider]: 01-17-2026 0-51-26-647.metadata.json
2026-04-06 00:00:57 | INFO | bridge_app | Task 0 [aider]: Has it been deleted from the file system but not from git?
2026-04-06 00:00:57 | INFO | bridge_app | Task 0 [aider]: Repo-map can't include D:\BridgeProjectExperiment\generated_metadata\VALORANT 
2026-04-06 00:00:57 | INFO | bridge_app | Task 0 [aider]: 01-17-2026 0-55-09-849.metadata.json
2026-04-06 00:00:57 | INFO | bridge_app | Task 0 [aider]: Has it been deleted from the file system but not from git?
2026-04-06 00:00:57 | INFO | bridge_app | Task 0 [aider]: Repo-map can't include D:\BridgeProjectExperiment\generated_metadata\VALORANT 
2026-04-06 00:00:57 | INFO | bridge_app | Task 0 [aider]: 01-17-2026 0-58-56-741.metadata.json
2026-04-06 00:00:57 | INFO | bridge_app | Task 0 [aider]: Has it been deleted from the file system but not from git?
2026-04-06 00:00:57 | INFO | bridge_app | Task 0 [aider]: Repo-map can't include D:\BridgeProjectExperiment\generated_metadata\VALORANT 
2026-04-06 00:00:57 | INFO | bridge_app | Task 0 [aider]: 01-17-2026 1-04-04-806.metadata.json
2026-04-06 00:00:57 | INFO | bridge_app | Task 0 [aider]: Has it been deleted from the file system but not from git?
2026-04-06 00:00:57 | INFO | bridge_app | Task 0 [aider]: Repo-map can't include D:\BridgeProjectExperiment\generated_metadata\VALORANT 
2026-04-06 00:00:57 | INFO | bridge_app | Task 0 [aider]: 01-17-2026 1-06-29-134.metadata.json
2026-04-06 00:00:57 | INFO | bridge_app | Task 0 [aider]: Has it been deleted from the file system but not from git?
2026-04-06 00:00:57 | INFO | bridge_app | Task 0 [aider]: Repo-map can't include D:\BridgeProjectExperiment\generated_metadata\VALORANT 
2026-04-06 00:00:57 | INFO | bridge_app | Task 0 [aider]: 01-17-2026 1-07-55-615.metadata.json
2026-04-06 00:00:57 | INFO | bridge_app | Task 0 [aider]: Has it been deleted from the file system but not from git?
2026-04-06 00:00:57 | INFO | bridge_app | Task 0 [aider]: Repo-map can't include D:\BridgeProjectExperiment\generated_metadata\VALORANT 
2026-04-06 00:00:57 | INFO | bridge_app | Task 0 [aider]: 01-17-2026 1-08-32-157.metadata.json
2026-04-06 00:00:57 | INFO | bridge_app | Task 0 [aider]: Has it been deleted from the file system but not from git?
2026-04-06 00:00:57 | INFO | bridge_app | Task 0 [aider]: Repo-map can't include D:\BridgeProjectExperiment\generated_metadata\VALORANT 
2026-04-06 00:00:57 | INFO | bridge_app | Task 0 [aider]: 01-17-2026 1-20-15-729.metadata.json
2026-04-06 00:00:57 | INFO | bridge_app | Task 0 [aider]: Has it been deleted from the file system but not from git?
2026-04-06 00:00:57 | INFO | bridge_app | Task 0 [aider]: Repo-map can't include D:\BridgeProjectExperiment\generated_metadata\VALORANT 
2026-04-06 00:00:57 | INFO | bridge_app | Task 0 [aider]: 01-17-2026 1-23-25-118.metadata.json
2026-04-06 00:00:57 | INFO | bridge_app | Task 0 [aider]: Has it been deleted from the file system but not from git?
2026-04-06 00:00:57 | INFO | bridge_app | Task 0 [aider]: Repo-map can't include D:\BridgeProjectExperiment\generated_metadata\VALORANT 
2026-04-06 00:00:57 | INFO | bridge_app | Task 0 [aider]: 01-17-2026 1-23-57-270.metadata.json
2026-04-06 00:00:57 | INFO | bridge_app | Task 0 [aider]: Has it been deleted from the file system but not from git?
2026-04-06 00:00:57 | INFO | bridge_app | Task 0 [aider]: Repo-map can't include D:\BridgeProjectExperiment\generated_metadata\VALORANT 
2026-04-06 00:00:57 | INFO | bridge_app | Task 0 [aider]: 01-17-2026 1-26-05-628.metadata.json
2026-04-06 00:00:57 | INFO | bridge_app | Task 0 [aider]: Has it been deleted from the file system but not from git?
2026-04-06 00:00:57 | INFO | bridge_app | Task 0 [aider]: Repo-map can't include D:\BridgeProjectExperiment\generated_metadata\VALORANT 
2026-04-06 00:00:57 | INFO | bridge_app | Task 0 [aider]: 01-17-2026 1-28-23-251.metadata.json
2026-04-06 00:00:57 | INFO | bridge_app | Task 0 [aider]: Has it been deleted from the file system but not from git?
2026-04-06 00:00:57 | INFO | bridge_app | Task 0 [aider]: Repo-map can't include D:\BridgeProjectExperiment\generated_metadata\VALORANT 
2026-04-06 00:00:57 | INFO | bridge_app | Task 0 [aider]: 01-17-2026 1-29-25-181.metadata.json
2026-04-06 00:00:57 | INFO | bridge_app | Task 0 [aider]: Has it been deleted from the file system but not from git?
2026-04-06 00:00:57 | INFO | bridge_app | Task 0 [aider]: Repo-map can't include D:\BridgeProjectExperiment\generated_metadata\VALORANT 
2026-04-06 00:00:57 | INFO | bridge_app | Task 0 [aider]: 01-17-2026 1-33-48-098.metadata.json
2026-04-06 00:00:57 | INFO | bridge_app | Task 0 [aider]: Has it been deleted from the file system but not from git?
2026-04-06 00:00:57 | INFO | bridge_app | Task 0 [aider]: Repo-map can't include D:\BridgeProjectExperiment\generated_metadata\VALORANT 
2026-04-06 00:00:57 | INFO | bridge_app | Task 0 [aider]: 01-17-2026 1-36-06-164.metadata.json
2026-04-06 00:00:57 | INFO | bridge_app | Task 0 [aider]: Has it been deleted from the file system but not from git?
2026-04-06 00:00:57 | INFO | bridge_app | Task 0 [aider]: Repo-map can't include D:\BridgeProjectExperiment\generated_metadata\VALORANT 
2026-04-06 00:00:57 | INFO | bridge_app | Task 0 [aider]: 01-17-2026 1-37-54-531.metadata.json
2026-04-06 00:00:57 | INFO | bridge_app | Task 0 [aider]: Has it been deleted from the file system but not from git?
2026-04-06 00:00:57 | INFO | bridge_app | Task 0 [aider]: Repo-map can't include D:\BridgeProjectExperiment\generated_metadata\VALORANT 
2026-04-06 00:00:57 | INFO | bridge_app | Task 0 [aider]: 01-17-2026 1-41-39-378.metadata.json
2026-04-06 00:00:57 | INFO | bridge_app | Task 0 [aider]: Has it been deleted from the file system but not from git?
2026-04-06 00:00:57 | INFO | bridge_app | Task 0 [aider]: Repo-map can't include D:\BridgeProjectExperiment\generated_metadata\VALORANT 
2026-04-06 00:00:57 | INFO | bridge_app | Task 0 [aider]: 01-17-2026 1-42-13-688.metadata.json
2026-04-06 00:00:57 | INFO | bridge_app | Task 0 [aider]: Has it been deleted from the file system but not from git?
2026-04-06 00:00:57 | INFO | bridge_app | Task 0 [aider]: Repo-map can't include D:\BridgeProjectExperiment\generated_metadata\VALORANT 
2026-04-06 00:00:57 | INFO | bridge_app | Task 0 [aider]: 01-17-2026 1-52-01-616.metadata.json
2026-04-06 00:00:57 | INFO | bridge_app | Task 0 [aider]: Has it been deleted from the file system but not from git?
2026-04-06 00:00:57 | INFO | bridge_app | Task 0 [aider]: Repo-map can't include D:\BridgeProjectExperiment\generated_metadata\VALORANT 
2026-04-06 00:00:57 | INFO | bridge_app | Task 0 [aider]: 01-17-2026 1-53-35-194.metadata.json
2026-04-06 00:00:57 | INFO | bridge_app | Task 0 [aider]: Has it been deleted from the file system but not from git?
2026-04-06 00:00:57 | INFO | bridge_app | Task 0 [aider]: Repo-map can't include D:\BridgeProjectExperiment\generated_metadata\VALORANT 
2026-04-06 00:00:57 | INFO | bridge_app | Task 0 [aider]: 01-17-2026 1-55-29-238.metadata.json
2026-04-06 00:00:57 | INFO | bridge_app | Task 0 [aider]: Has it been deleted from the file system but not from git?
2026-04-06 00:00:57 | INFO | bridge_app | Task 0 [aider]: Repo-map can't include D:\BridgeProjectExperiment\generated_metadata\VALORANT 
2026-04-06 00:00:57 | INFO | bridge_app | Task 0 [aider]: 01-17-2026 1-55-54-941.metadata.json
2026-04-06 00:00:57 | INFO | bridge_app | Task 0 [aider]: Has it been deleted from the file system but not from git?
2026-04-06 00:00:57 | INFO | bridge_app | Task 0 [aider]: Repo-map can't include D:\BridgeProjectExperiment\generated_metadata\VALORANT 
2026-04-06 00:00:57 | INFO | bridge_app | Task 0 [aider]: 01-17-2026 1-56-43-279.metadata.json
2026-04-06 00:00:57 | INFO | bridge_app | Task 0 [aider]: Has it been deleted from the file system but not from git?
2026-04-06 00:00:57 | INFO | bridge_app | Task 0 [aider]: Repo-map can't include D:\BridgeProjectExperiment\generated_metadata\VALORANT 
2026-04-06 00:00:57 | INFO | bridge_app | Task 0 [aider]: 01-17-2026 2-05-22-430.metadata.json
2026-04-06 00:00:57 | INFO | bridge_app | Task 0 [aider]: Has it been deleted from the file system but not from git?
2026-04-06 00:00:57 | INFO | bridge_app | Task 0 [aider]: Repo-map can't include D:\BridgeProjectExperiment\generated_metadata\VALORANT 
2026-04-06 00:00:57 | INFO | bridge_app | Task 0 [aider]: 01-17-2026 2-09-37-309.metadata.json
2026-04-06 00:00:57 | INFO | bridge_app | Task 0 [aider]: Has it been deleted from the file system but not from git?
2026-04-06 00:00:57 | INFO | bridge_app | Task 0 [aider]: Repo-map can't include D:\BridgeProjectExperiment\generated_metadata\VALORANT 
2026-04-06 00:00:57 | INFO | bridge_app | Task 0 [aider]: 01-17-2026 2-17-50-094.metadata.json
2026-04-06 00:00:57 | INFO | bridge_app | Task 0 [aider]: Has it been deleted from the file system but not from git?
2026-04-06 00:00:57 | INFO | bridge_app | Task 0 [aider]: Repo-map can't include D:\BridgeProjectExperiment\generated_metadata\VALORANT 
2026-04-06 00:00:57 | INFO | bridge_app | Task 0 [aider]: 01-17-2026 2-19-39-416.metadata.json
2026-04-06 00:00:57 | INFO | bridge_app | Task 0 [aider]: Has it been deleted from the file system but not from git?
2026-04-06 00:00:57 | INFO | bridge_app | Task 0 [aider]: Repo-map can't include D:\BridgeProjectExperiment\generated_metadata\VALORANT 
2026-04-06 00:00:57 | INFO | bridge_app | Task 0 [aider]: 01-17-2026 2-27-00-109.metadata.json
2026-04-06 00:00:57 | INFO | bridge_app | Task 0 [aider]: Has it been deleted from the file system but not from git?
2026-04-06 00:00:57 | INFO | bridge_app | Task 0 [aider]: Repo-map can't include D:\BridgeProjectExperiment\generated_metadata\VALORANT 
2026-04-06 00:00:57 | INFO | bridge_app | Task 0 [aider]: 01-17-2026 2-28-46-438.metadata.json
2026-04-06 00:00:57 | INFO | bridge_app | Task 0 [aider]: Has it been deleted from the file system but not from git?
2026-04-06 00:00:57 | INFO | bridge_app | Task 0 [aider]: Repo-map can't include D:\BridgeProjectExperiment\generated_metadata\VALORANT 
2026-04-06 00:00:57 | INFO | bridge_app | Task 0 [aider]: 01-17-2026 2-31-48-014.metadata.json
2026-04-06 00:00:57 | INFO | bridge_app | Task 0 [aider]: Has it been deleted from the file system but not from git?
2026-04-06 00:00:57 | INFO | bridge_app | Task 0 [aider]: Repo-map can't include D:\BridgeProjectExperiment\generated_metadata\VALORANT 
2026-04-06 00:00:57 | INFO | bridge_app | Task 0 [aider]: 01-17-2026 2-33-46-758.metadata.json
2026-04-06 00:00:57 | INFO | bridge_app | Task 0 [aider]: Has it been deleted from the file system but not from git?
2026-04-06 00:00:57 | INFO | bridge_app | Task 0 [aider]: Repo-map can't include D:\BridgeProjectExperiment\generated_metadata\VALORANT 
2026-04-06 00:00:57 | INFO | bridge_app | Task 0 [aider]: 01-17-2026 2-34-53-197.metadata.json
2026-04-06 00:00:57 | INFO | bridge_app | Task 0 [aider]: Has it been deleted from the file system but not from git?
2026-04-06 00:00:57 | INFO | bridge_app | Task 0 [aider]: Repo-map can't include D:\BridgeProjectExperiment\generated_metadata\VALORANT 
2026-04-06 00:00:57 | INFO | bridge_app | Task 0 [aider]: 01-17-2026 2-36-56-009.metadata.json
2026-04-06 00:00:57 | INFO | bridge_app | Task 0 [aider]: Has it been deleted from the file system but not from git?
2026-04-06 00:00:57 | INFO | bridge_app | Task 0 [aider]: Repo-map can't include D:\BridgeProjectExperiment\generated_metadata\VALORANT 
2026-04-06 00:00:57 | INFO | bridge_app | Task 0 [aider]: 01-17-2026 2-37-51-086.metadata.json
2026-04-06 00:00:57 | INFO | bridge_app | Task 0 [aider]: Has it been deleted from the file system but not from git?
2026-04-06 00:00:57 | INFO | bridge_app | Task 0 [aider]: Repo-map can't include D:\BridgeProjectExperiment\generated_metadata\VALORANT 
2026-04-06 00:00:57 | INFO | bridge_app | Task 0 [aider]: 01-17-2026 2-39-27-518.metadata.json
2026-04-06 00:00:57 | INFO | bridge_app | Task 0 [aider]: Has it been deleted from the file system but not from git?
2026-04-06 00:00:57 | INFO | bridge_app | Task 0 [aider]: Repo-map can't include D:\BridgeProjectExperiment\generated_metadata\VALORANT 
2026-04-06 00:00:57 | INFO | bridge_app | Task 0 [aider]: 01-17-2026 2-41-10-545.metadata.json
2026-04-06 00:00:57 | INFO | bridge_app | Task 0 [aider]: Has it been deleted from the file system but not from git?
2026-04-06 00:00:57 | INFO | bridge_app | Task 0 [aider]: Repo-map can't include D:\BridgeProjectExperiment\generated_metadata\VALORANT 
2026-04-06 00:00:57 | INFO | bridge_app | Task 0 [aider]: 01-17-2026 2-48-57-740.metadata.json
2026-04-06 00:00:57 | INFO | bridge_app | Task 0 [aider]: Has it been deleted from the file system but not from git?
2026-04-06 00:00:57 | INFO | bridge_app | Task 0 [aider]: Repo-map can't include D:\BridgeProjectExperiment\generated_metadata\VALORANT 
2026-04-06 00:00:57 | INFO | bridge_app | Task 0 [aider]: 01-17-2026 2-56-00-075.metadata.json
2026-04-06 00:00:57 | INFO | bridge_app | Task 0 [aider]: Has it been deleted from the file system but not from git?
2026-04-06 00:00:57 | INFO | bridge_app | Task 0 [aider]: Repo-map can't include D:\BridgeProjectExperiment\generated_metadata\VALORANT 
2026-04-06 00:00:57 | INFO | bridge_app | Task 0 [aider]: 01-17-2026 2-59-04-192.metadata.json
2026-04-06 00:00:57 | INFO | bridge_app | Task 0 [aider]: Has it been deleted from the file system but not from git?
2026-04-06 00:00:57 | INFO | bridge_app | Task 0 [aider]: Repo-map can't include D:\BridgeProjectExperiment\generated_metadata\VALORANT 
2026-04-06 00:00:57 | INFO | bridge_app | Task 0 [aider]: 01-17-2026 22-55-41-943.metadata.json
2026-04-06 00:00:57 | INFO | bridge_app | Task 0 [aider]: Has it been deleted from the file system but not from git?
2026-04-06 00:00:57 | INFO | bridge_app | Task 0 [aider]: Repo-map can't include D:\BridgeProjectExperiment\generated_metadata\VALORANT 
2026-04-06 00:00:57 | INFO | bridge_app | Task 0 [aider]: 01-17-2026 23-00-21-572.metadata.json
2026-04-06 00:00:57 | INFO | bridge_app | Task 0 [aider]: Has it been deleted from the file system but not from git?
2026-04-06 00:00:57 | INFO | bridge_app | Task 0 [aider]: Repo-map can't include D:\BridgeProjectExperiment\generated_metadata\VALORANT 
2026-04-06 00:00:57 | INFO | bridge_app | Task 0 [aider]: 01-17-2026 23-04-28-170.metadata.json
2026-04-06 00:00:57 | INFO | bridge_app | Task 0 [aider]: Has it been deleted from the file system but not from git?
2026-04-06 00:00:57 | INFO | bridge_app | Task 0 [aider]: Repo-map can't include D:\BridgeProjectExperiment\generated_metadata\VALORANT 
2026-04-06 00:00:57 | INFO | bridge_app | Task 0 [aider]: 01-17-2026 23-06-28-329.metadata.json
2026-04-06 00:00:57 | INFO | bridge_app | Task 0 [aider]: Has it been deleted from the file system but not from git?
2026-04-06 00:00:57 | INFO | bridge_app | Task 0 [aider]: Repo-map can't include D:\BridgeProjectExperiment\generated_metadata\VALORANT 
2026-04-06 00:00:57 | INFO | bridge_app | Task 0 [aider]: 01-17-2026 23-10-24-203.metadata.json
2026-04-06 00:00:57 | INFO | bridge_app | Task 0 [aider]: Has it been deleted from the file system but not from git?
2026-04-06 00:00:57 | INFO | bridge_app | Task 0 [aider]: Repo-map can't include D:\BridgeProjectExperiment\generated_metadata\VALORANT 
2026-04-06 00:00:57 | INFO | bridge_app | Task 0 [aider]: 01-17-2026 23-13-06-749.metadata.json
2026-04-06 00:00:57 | INFO | bridge_app | Task 0 [aider]: Has it been deleted from the file system but not from git?
2026-04-06 00:00:57 | INFO | bridge_app | Task 0 [aider]: Repo-map can't include D:\BridgeProjectExperiment\generated_metadata\VALORANT 
2026-04-06 00:00:57 | INFO | bridge_app | Task 0 [aider]: 01-17-2026 23-16-29-265.metadata.json
2026-04-06 00:00:57 | INFO | bridge_app | Task 0 [aider]: Has it been deleted from the file system but not from git?
2026-04-06 00:00:57 | INFO | bridge_app | Task 0 [aider]: Repo-map can't include D:\BridgeProjectExperiment\generated_metadata\VALORANT 
2026-04-06 00:00:57 | INFO | bridge_app | Task 0 [aider]: 01-17-2026 23-23-40-293.metadata.json
2026-04-06 00:00:57 | INFO | bridge_app | Task 0 [aider]: Has it been deleted from the file system but not from git?
2026-04-06 00:00:57 | INFO | bridge_app | Task 0 [aider]: Repo-map can't include D:\BridgeProjectExperiment\generated_metadata\VALORANT 
2026-04-06 00:00:57 | INFO | bridge_app | Task 0 [aider]: 01-17-2026 23-28-15-013.metadata.json
2026-04-06 00:00:57 | INFO | bridge_app | Task 0 [aider]: Has it been deleted from the file system but not from git?
2026-04-06 00:00:57 | INFO | bridge_app | Task 0 [aider]: Repo-map can't include D:\BridgeProjectExperiment\generated_metadata\VALORANT 
2026-04-06 00:00:57 | INFO | bridge_app | Task 0 [aider]: 01-17-2026 23-32-44-210.metadata.json
2026-04-06 00:00:57 | INFO | bridge_app | Task 0 [aider]: Has it been deleted from the file system but not from git?
2026-04-06 00:00:57 | INFO | bridge_app | Task 0 [aider]: Repo-map can't include D:\BridgeProjectExperiment\generated_metadata\VALORANT 
2026-04-06 00:00:57 | INFO | bridge_app | Task 0 [aider]: 01-17-2026 23-37-35-862.metadata.json
2026-04-06 00:00:57 | INFO | bridge_app | Task 0 [aider]: Has it been deleted from the file system but not from git?
2026-04-06 00:00:57 | INFO | bridge_app | Task 0 [aider]: Repo-map can't include D:\BridgeProjectExperiment\generated_metadata\VALORANT 
2026-04-06 00:00:57 | INFO | bridge_app | Task 0 [aider]: 01-17-2026 23-44-34-182.metadata.json
2026-04-06 00:00:57 | INFO | bridge_app | Task 0 [aider]: Has it been deleted from the file system but not from git?
2026-04-06 00:00:57 | INFO | bridge_app | Task 0 [aider]: Repo-map can't include D:\BridgeProjectExperiment\generated_metadata\VALORANT 
2026-04-06 00:00:57 | INFO | bridge_app | Task 0 [aider]: 01-17-2026 23-52-51-045.metadata.json
2026-04-06 00:00:57 | INFO | bridge_app | Task 0 [aider]: Has it been deleted from the file system but not from git?
2026-04-06 00:00:57 | INFO | bridge_app | Task 0 [aider]: Repo-map can't include D:\BridgeProjectExperiment\generated_metadata\VALORANT 
2026-04-06 00:00:57 | INFO | bridge_app | Task 0 [aider]: 01-17-2026 3-09-03-568.metadata.json
2026-04-06 00:00:57 | INFO | bridge_app | Task 0 [aider]: Has it been deleted from the file system but not from git?
2026-04-06 00:00:57 | INFO | bridge_app | Task 0 [aider]: Repo-map can't include D:\BridgeProjectExperiment\generated_metadata\VALORANT 
2026-04-06 00:00:57 | INFO | bridge_app | Task 0 [aider]: 01-17-2026 3-11-27-695.metadata.json
2026-04-06 00:00:57 | INFO | bridge_app | Task 0 [aider]: Has it been deleted from the file system but not from git?
2026-04-06 00:00:57 | INFO | bridge_app | Task 0 [aider]: Repo-map can't include D:\BridgeProjectExperiment\generated_metadata\VALORANT 
2026-04-06 00:00:57 | INFO | bridge_app | Task 0 [aider]: 01-17-2026 3-12-53-226.metadata.json
2026-04-06 00:00:57 | INFO | bridge_app | Task 0 [aider]: Has it been deleted from the file system but not from git?
2026-04-06 00:00:57 | INFO | bridge_app | Task 0 [aider]: Repo-map can't include D:\BridgeProjectExperiment\generated_metadata\VALORANT 
2026-04-06 00:00:57 | INFO | bridge_app | Task 0 [aider]: 01-17-2026 3-29-29-802.metadata.json
2026-04-06 00:00:57 | INFO | bridge_app | Task 0 [aider]: Has it been deleted from the file system but not from git?
2026-04-06 00:00:57 | INFO | bridge_app | Task 0 [aider]: Repo-map can't include D:\BridgeProjectExperiment\generated_metadata\VALORANT 
2026-04-06 00:00:57 | INFO | bridge_app | Task 0 [aider]: 01-17-2026 3-33-10-694.metadata.json
2026-04-06 00:00:57 | INFO | bridge_app | Task 0 [aider]: Has it been deleted from the file system but not from git?
2026-04-06 00:00:57 | INFO | bridge_app | Task 0 [aider]: Repo-map can't include D:\BridgeProjectExperiment\generated_metadata\VALORANT 
2026-04-06 00:00:57 | INFO | bridge_app | Task 0 [aider]: 01-17-2026 3-35-23-380.metadata.json
2026-04-06 00:00:57 | INFO | bridge_app | Task 0 [aider]: Has it been deleted from the file system but not from git?
2026-04-06 00:00:57 | INFO | bridge_app | Task 0 [aider]: Repo-map can't include D:\BridgeProjectExperiment\generated_metadata\VALORANT 
2026-04-06 00:00:57 | INFO | bridge_app | Task 0 [aider]: 01-17-2026 3-37-37-958.metadata.json
2026-04-06 00:00:57 | INFO | bridge_app | Task 0 [aider]: Has it been deleted from the file system but not from git?
2026-04-06 00:00:57 | INFO | bridge_app | Task 0 [aider]: Repo-map can't include D:\BridgeProjectExperiment\generated_metadata\VALORANT 
2026-04-06 00:00:57 | INFO | bridge_app | Task 0 [aider]: 01-17-2026 3-40-47-024.metadata.json
2026-04-06 00:00:57 | INFO | bridge_app | Task 0 [aider]: Has it been deleted from the file system but not from git?
2026-04-06 00:00:57 | INFO | bridge_app | Task 0 [aider]: Repo-map can't include D:\BridgeProjectExperiment\generated_metadata\VALORANT 
2026-04-06 00:00:57 | INFO | bridge_app | Task 0 [aider]: 01-17-2026 3-42-15-640.metadata.json
2026-04-06 00:00:57 | INFO | bridge_app | Task 0 [aider]: Has it been deleted from the file system but not from git?
2026-04-06 00:00:57 | INFO | bridge_app | Task 0 [aider]: Repo-map can't include D:\BridgeProjectExperiment\generated_metadata\VALORANT 
2026-04-06 00:00:57 | INFO | bridge_app | Task 0 [aider]: 01-17-2026 3-43-31-981.metadata.json
2026-04-06 00:00:57 | INFO | bridge_app | Task 0 [aider]: Has it been deleted from the file system but not from git?
2026-04-06 00:00:57 | INFO | bridge_app | Task 0 [aider]: Repo-map can't include D:\BridgeProjectExperiment\generated_metadata\VALORANT 
2026-04-06 00:00:57 | INFO | bridge_app | Task 0 [aider]: 01-17-2026 3-45-07-582.metadata.json
2026-04-06 00:00:57 | INFO | bridge_app | Task 0 [aider]: Has it been deleted from the file system but not from git?
2026-04-06 00:00:57 | INFO | bridge_app | Task 0 [aider]: Repo-map can't include D:\BridgeProjectExperiment\generated_metadata\VALORANT 
2026-04-06 00:00:57 | INFO | bridge_app | Task 0 [aider]: 01-17-2026 3-46-18-296.metadata.json
2026-04-06 00:00:57 | INFO | bridge_app | Task 0 [aider]: Has it been deleted from the file system but not from git?
2026-04-06 00:00:57 | INFO | bridge_app | Task 0 [aider]: Repo-map can't include D:\BridgeProjectExperiment\generated_metadata\VALORANT 
2026-04-06 00:00:57 | INFO | bridge_app | Task 0 [aider]: 01-17-2026 3-48-52-291.metadata.json
2026-04-06 00:00:57 | INFO | bridge_app | Task 0 [aider]: Has it been deleted from the file system but not from git?
2026-04-06 00:00:57 | INFO | bridge_app | Task 0 [aider]: Repo-map can't include D:\BridgeProjectExperiment\generated_metadata\VALORANT 
2026-04-06 00:00:57 | INFO | bridge_app | Task 0 [aider]: 01-17-2026 3-55-33-782.metadata.json
2026-04-06 00:00:57 | INFO | bridge_app | Task 0 [aider]: Has it been deleted from the file system but not from git?
2026-04-06 00:00:57 | INFO | bridge_app | Task 0 [aider]: Repo-map can't include D:\BridgeProjectExperiment\generated_metadata\VALORANT 
2026-04-06 00:00:57 | INFO | bridge_app | Task 0 [aider]: 01-17-2026 4-03-03-567.metadata.json
2026-04-06 00:00:57 | INFO | bridge_app | Task 0 [aider]: Has it been deleted from the file system but not from git?
2026-04-06 00:00:57 | INFO | bridge_app | Task 0 [aider]: Repo-map can't include D:\BridgeProjectExperiment\generated_metadata\VALORANT 
2026-04-06 00:00:57 | INFO | bridge_app | Task 0 [aider]: 01-17-2026 4-09-10-090.metadata.json
2026-04-06 00:00:57 | INFO | bridge_app | Task 0 [aider]: Has it been deleted from the file system but not from git?
2026-04-06 00:00:57 | INFO | bridge_app | Task 0 [aider]: Repo-map can't include D:\BridgeProjectExperiment\generated_metadata\VALORANT 
2026-04-06 00:00:57 | INFO | bridge_app | Task 0 [aider]: 01-17-2026 4-17-33-594.metadata.json
2026-04-06 00:00:57 | INFO | bridge_app | Task 0 [aider]: Has it been deleted from the file system but not from git?
2026-04-06 00:00:57 | INFO | bridge_app | Task 0 [aider]: Repo-map can't include D:\BridgeProjectExperiment\generated_metadata\VALORANT 
2026-04-06 00:00:57 | INFO | bridge_app | Task 0 [aider]: 01-17-2026 4-18-30-140.metadata.json
2026-04-06 00:00:57 | INFO | bridge_app | Task 0 [aider]: Has it been deleted from the file system but not from git?
2026-04-06 00:00:57 | INFO | bridge_app | Task 0 [aider]: Repo-map can't include D:\BridgeProjectExperiment\generated_metadata\VALORANT 
2026-04-06 00:00:57 | INFO | bridge_app | Task 0 [aider]: 01-17-2026 4-21-28-801.metadata.json
2026-04-06 00:00:58 | INFO | bridge_app | Task 0 [aider]: Has it been deleted from the file system but not from git?
2026-04-06 00:00:58 | INFO | bridge_app | Task 0 [aider]: Repo-map can't include D:\BridgeProjectExperiment\generated_metadata\VALORANT 
2026-04-06 00:00:58 | INFO | bridge_app | Task 0 [aider]: 01-17-2026 4-24-17-464.metadata.json
2026-04-06 00:00:58 | INFO | bridge_app | Task 0 [aider]: Has it been deleted from the file system but not from git?
2026-04-06 00:00:58 | INFO | bridge_app | Task 0 [aider]: Repo-map can't include D:\BridgeProjectExperiment\generated_metadata\VALORANT 
2026-04-06 00:00:58 | INFO | bridge_app | Task 0 [aider]: 01-17-2026 4-24-55-213.metadata.json
2026-04-06 00:00:58 | INFO | bridge_app | Task 0 [aider]: Has it been deleted from the file system but not from git?
2026-04-06 00:00:58 | INFO | bridge_app | Task 0 [aider]: Repo-map can't include D:\BridgeProjectExperiment\generated_metadata\VALORANT 
2026-04-06 00:00:58 | INFO | bridge_app | Task 0 [aider]: 01-17-2026 4-30-35-034.metadata.json
2026-04-06 00:00:58 | INFO | bridge_app | Task 0 [aider]: Has it been deleted from the file system but not from git?
2026-04-06 00:00:58 | INFO | bridge_app | Task 0 [aider]: Repo-map can't include D:\BridgeProjectExperiment\generated_metadata\VALORANT 
2026-04-06 00:00:58 | INFO | bridge_app | Task 0 [aider]: 01-17-2026 4-32-57-875.metadata.json
2026-04-06 00:00:58 | INFO | bridge_app | Task 0 [aider]: Has it been deleted from the file system but not from git?
2026-04-06 00:00:58 | INFO | bridge_app | Task 0 [aider]: Repo-map can't include D:\BridgeProjectExperiment\generated_metadata\VALORANT 
2026-04-06 00:00:58 | INFO | bridge_app | Task 0 [aider]: 01-17-2026 4-34-18-297.metadata.json
2026-04-06 00:00:58 | INFO | bridge_app | Task 0 [aider]: Has it been deleted from the file system but not from git?
2026-04-06 00:00:58 | INFO | bridge_app | Task 0 [aider]: Repo-map can't include D:\BridgeProjectExperiment\generated_metadata\VALORANT 
2026-04-06 00:00:58 | INFO | bridge_app | Task 0 [aider]: 01-17-2026 4-35-38-063.metadata.json
2026-04-06 00:00:58 | INFO | bridge_app | Task 0 [aider]: Has it been deleted from the file system but not from git?
2026-04-06 00:00:58 | INFO | bridge_app | Task 0 [aider]: Repo-map can't include D:\BridgeProjectExperiment\generated_metadata\VALORANT 
2026-04-06 00:00:58 | INFO | bridge_app | Task 0 [aider]: 01-17-2026 4-58-01-250.metadata.json
2026-04-06 00:00:58 | INFO | bridge_app | Task 0 [aider]: Has it been deleted from the file system but not from git?
2026-04-06 00:00:58 | INFO | bridge_app | Task 0 [aider]: Repo-map can't include D:\BridgeProjectExperiment\generated_metadata\VALORANT 
2026-04-06 00:00:58 | INFO | bridge_app | Task 0 [aider]: 01-17-2026 4-59-22-516.metadata.json
2026-04-06 00:00:58 | INFO | bridge_app | Task 0 [aider]: Has it been deleted from the file system but not from git?
2026-04-06 00:00:58 | INFO | bridge_app | Task 0 [aider]: Repo-map can't include D:\BridgeProjectExperiment\generated_metadata\VALORANT 
2026-04-06 00:00:58 | INFO | bridge_app | Task 0 [aider]: 01-18-2026 0-03-27-874.metadata.json
2026-04-06 00:00:58 | INFO | bridge_app | Task 0 [aider]: Has it been deleted from the file system but not from git?
2026-04-06 00:00:58 | INFO | bridge_app | Task 0 [aider]: Repo-map can't include D:\BridgeProjectExperiment\generated_metadata\VALORANT 
2026-04-06 00:00:58 | INFO | bridge_app | Task 0 [aider]: 01-18-2026 0-04-39-351.metadata.json
2026-04-06 00:00:58 | INFO | bridge_app | Task 0 [aider]: Has it been deleted from the file system but not from git?
2026-04-06 00:00:58 | INFO | bridge_app | Task 0 [aider]: Repo-map can't include D:\BridgeProjectExperiment\generated_metadata\VALORANT 
2026-04-06 00:00:58 | INFO | bridge_app | Task 0 [aider]: 01-18-2026 0-05-57-282.metadata.json
2026-04-06 00:00:58 | INFO | bridge_app | Task 0 [aider]: Has it been deleted from the file system but not from git?
2026-04-06 00:00:58 | INFO | bridge_app | Task 0 [aider]: Repo-map can't include D:\BridgeProjectExperiment\generated_metadata\VALORANT 
2026-04-06 00:00:58 | INFO | bridge_app | Task 0 [aider]: 01-18-2026 0-09-07-523.metadata.json
2026-04-06 00:00:58 | INFO | bridge_app | Task 0 [aider]: Has it been deleted from the file system but not from git?
2026-04-06 00:00:58 | INFO | bridge_app | Task 0 [aider]: Repo-map can't include D:\BridgeProjectExperiment\generated_metadata\VALORANT 
2026-04-06 00:00:58 | INFO | bridge_app | Task 0 [aider]: 01-18-2026 0-10-58-136.metadata.json
2026-04-06 00:00:58 | INFO | bridge_app | Task 0 [aider]: Has it been deleted from the file system but not from git?
2026-04-06 00:00:58 | INFO | bridge_app | Task 0 [aider]: Repo-map can't include D:\BridgeProjectExperiment\generated_metadata\VALORANT 
2026-04-06 00:00:58 | INFO | bridge_app | Task 0 [aider]: 01-18-2026 0-14-11-794.metadata.json
2026-04-06 00:00:58 | INFO | bridge_app | Task 0 [aider]: Has it been deleted from the file system but not from git?
2026-04-06 00:00:58 | INFO | bridge_app | Task 0 [aider]: Repo-map can't include D:\BridgeProjectExperiment\generated_metadata\VALORANT 
2026-04-06 00:00:58 | INFO | bridge_app | Task 0 [aider]: 01-18-2026 0-16-54-571.metadata.json
2026-04-06 00:00:58 | INFO | bridge_app | Task 0 [aider]: Has it been deleted from the file system but not from git?
2026-04-06 00:00:58 | INFO | bridge_app | Task 0 [aider]: Repo-map can't include D:\BridgeProjectExperiment\generated_metadata\VALORANT 
2026-04-06 00:00:58 | INFO | bridge_app | Task 0 [aider]: 01-18-2026 0-20-44-920.metadata.json
2026-04-06 00:00:58 | INFO | bridge_app | Task 0 [aider]: Has it been deleted from the file system but not from git?
2026-04-06 00:00:58 | INFO | bridge_app | Task 0 [aider]: Repo-map can't include D:\BridgeProjectExperiment\generated_metadata\VALORANT 
2026-04-06 00:00:58 | INFO | bridge_app | Task 0 [aider]: 01-18-2026 0-28-05-169.metadata.json
2026-04-06 00:00:58 | INFO | bridge_app | Task 0 [aider]: Has it been deleted from the file system but not from git?
2026-04-06 00:00:58 | INFO | bridge_app | Task 0 [aider]: Repo-map can't include D:\BridgeProjectExperiment\generated_metadata\VALORANT 
2026-04-06 00:00:58 | INFO | bridge_app | Task 0 [aider]: 01-18-2026 0-36-20-046.metadata.json
2026-04-06 00:00:58 | INFO | bridge_app | Task 0 [aider]: Has it been deleted from the file system but not from git?
2026-04-06 00:00:58 | INFO | bridge_app | Task 0 [aider]: Repo-map can't include D:\BridgeProjectExperiment\generated_metadata\VALORANT 
2026-04-06 00:00:58 | INFO | bridge_app | Task 0 [aider]: 01-18-2026 0-43-46-083.metadata.json
2026-04-06 00:00:58 | INFO | bridge_app | Task 0 [aider]: Has it been deleted from the file system but not from git?
2026-04-06 00:00:58 | INFO | bridge_app | Task 0 [aider]: Repo-map can't include D:\BridgeProjectExperiment\generated_metadata\VALORANT 
2026-04-06 00:00:58 | INFO | bridge_app | Task 0 [aider]: 01-18-2026 1-02-59-421.metadata.json
2026-04-06 00:00:58 | INFO | bridge_app | Task 0 [aider]: Has it been deleted from the file system but not from git?
2026-04-06 00:00:58 | INFO | bridge_app | Task 0 [aider]: Repo-map can't include D:\BridgeProjectExperiment\generated_metadata\VALORANT 
2026-04-06 00:00:58 | INFO | bridge_app | Task 0 [aider]: 01-18-2026 1-09-32-555.metadata.json
2026-04-06 00:00:58 | INFO | bridge_app | Task 0 [aider]: Has it been deleted from the file system but not from git?
2026-04-06 00:00:58 | INFO | bridge_app | Task 0 [aider]: Repo-map can't include D:\BridgeProjectExperiment\generated_metadata\VALORANT 
2026-04-06 00:00:58 | INFO | bridge_app | Task 0 [aider]: 01-18-2026 1-09-57-138.metadata.json
2026-04-06 00:00:58 | INFO | bridge_app | Task 0 [aider]: Has it been deleted from the file system but not from git?
2026-04-06 00:00:58 | INFO | bridge_app | Task 0 [aider]: Repo-map can't include D:\BridgeProjectExperiment\generated_metadata\VALORANT 
2026-04-06 00:00:58 | INFO | bridge_app | Task 0 [aider]: 01-18-2026 1-15-55-083.metadata.json
2026-04-06 00:00:58 | INFO | bridge_app | Task 0 [aider]: Has it been deleted from the file system but not from git?
2026-04-06 00:00:58 | INFO | bridge_app | Task 0 [aider]: Repo-map can't include D:\BridgeProjectExperiment\generated_metadata\VALORANT 
2026-04-06 00:00:58 | INFO | bridge_app | Task 0 [aider]: 01-18-2026 1-17-59-022.metadata.json
2026-04-06 00:00:58 | INFO | bridge_app | Task 0 [aider]: Has it been deleted from the file system but not from git?
2026-04-06 00:00:58 | INFO | bridge_app | Task 0 [aider]: Repo-map can't include D:\BridgeProjectExperiment\generated_metadata\VALORANT 
2026-04-06 00:00:58 | INFO | bridge_app | Task 0 [aider]: 01-18-2026 1-19-58-623.metadata.json
2026-04-06 00:00:58 | INFO | bridge_app | Task 0 [aider]: Has it been deleted from the file system but not from git?
2026-04-06 00:00:58 | INFO | bridge_app | Task 0 [aider]: Repo-map can't include D:\BridgeProjectExperiment\generated_metadata\VALORANT 
2026-04-06 00:00:58 | INFO | bridge_app | Task 0 [aider]: 01-18-2026 1-24-17-442.metadata.json
2026-04-06 00:00:58 | INFO | bridge_app | Task 0 [aider]: Has it been deleted from the file system but not from git?
2026-04-06 00:00:58 | INFO | bridge_app | Task 0 [aider]: Repo-map can't include D:\BridgeProjectExperiment\generated_metadata\VALORANT 
2026-04-06 00:00:58 | INFO | bridge_app | Task 0 [aider]: 01-18-2026 1-29-33-284.metadata.json
2026-04-06 00:00:58 | INFO | bridge_app | Task 0 [aider]: Has it been deleted from the file system but not from git?
2026-04-06 00:00:58 | INFO | bridge_app | Task 0 [aider]: Repo-map can't include D:\BridgeProjectExperiment\generated_metadata\VALORANT 
2026-04-06 00:00:58 | INFO | bridge_app | Task 0 [aider]: 01-18-2026 1-32-43-155.metadata.json
2026-04-06 00:00:58 | INFO | bridge_app | Task 0 [aider]: Has it been deleted from the file system but not from git?
2026-04-06 00:00:58 | INFO | bridge_app | Task 0 [aider]: Repo-map can't include D:\BridgeProjectExperiment\generated_metadata\VALORANT 
2026-04-06 00:00:58 | INFO | bridge_app | Task 0 [aider]: 01-18-2026 1-41-03-959.metadata.json
2026-04-06 00:00:58 | INFO | bridge_app | Task 0 [aider]: Has it been deleted from the file system but not from git?
2026-04-06 00:00:58 | INFO | bridge_app | Task 0 [aider]: Repo-map can't include D:\BridgeProjectExperiment\generated_metadata\VALORANT 
2026-04-06 00:00:58 | INFO | bridge_app | Task 0 [aider]: 01-18-2026 1-45-30-099.metadata.json
2026-04-06 00:00:58 | INFO | bridge_app | Task 0 [aider]: Has it been deleted from the file system but not from git?
2026-04-06 00:00:58 | INFO | bridge_app | Task 0 [aider]: Repo-map can't include D:\BridgeProjectExperiment\generated_metadata\VALORANT 
2026-04-06 00:00:58 | INFO | bridge_app | Task 0 [aider]: 01-18-2026 1-48-15-352.metadata.json
2026-04-06 00:00:58 | INFO | bridge_app | Task 0 [aider]: Has it been deleted from the file system but not from git?
2026-04-06 00:00:58 | INFO | bridge_app | Task 0 [aider]: Repo-map can't include D:\BridgeProjectExperiment\generated_metadata\VALORANT 
2026-04-06 00:00:58 | INFO | bridge_app | Task 0 [aider]: 01-18-2026 1-54-29-845.metadata.json
2026-04-06 00:00:58 | INFO | bridge_app | Task 0 [aider]: Has it been deleted from the file system but not from git?
2026-04-06 00:00:58 | INFO | bridge_app | Task 0 [aider]: Repo-map can't include D:\BridgeProjectExperiment\generated_metadata\VALORANT 
2026-04-06 00:00:58 | INFO | bridge_app | Task 0 [aider]: 01-18-2026 1-56-58-472.metadata.json
2026-04-06 00:00:58 | INFO | bridge_app | Task 0 [aider]: Has it been deleted from the file system but not from git?
2026-04-06 00:00:58 | INFO | bridge_app | Task 0 [aider]: Repo-map can't include D:\BridgeProjectExperiment\generated_metadata\VALORANT 
2026-04-06 00:00:58 | INFO | bridge_app | Task 0 [aider]: 01-18-2026 2-01-01-145.metadata.json
2026-04-06 00:00:58 | INFO | bridge_app | Task 0 [aider]: Has it been deleted from the file system but not from git?
2026-04-06 00:00:58 | INFO | bridge_app | Task 0 [aider]: Repo-map can't include D:\BridgeProjectExperiment\generated_metadata\VALORANT 
2026-04-06 00:00:58 | INFO | bridge_app | Task 0 [aider]: 01-18-2026 2-04-51-530.metadata.json
2026-04-06 00:00:58 | INFO | bridge_app | Task 0 [aider]: Has it been deleted from the file system but not from git?
2026-04-06 00:00:58 | INFO | bridge_app | Task 0 [aider]: Repo-map can't include D:\BridgeProjectExperiment\generated_metadata\VALORANT 
2026-04-06 00:00:58 | INFO | bridge_app | Task 0 [aider]: 01-18-2026 2-06-11-141.metadata.json
2026-04-06 00:00:58 | INFO | bridge_app | Task 0 [aider]: Has it been deleted from the file system but not from git?
2026-04-06 00:00:58 | INFO | bridge_app | Task 0 [aider]: Repo-map can't include D:\BridgeProjectExperiment\generated_metadata\VALORANT 
2026-04-06 00:00:58 | INFO | bridge_app | Task 0 [aider]: 01-18-2026 2-08-51-029.metadata.json
2026-04-06 00:00:58 | INFO | bridge_app | Task 0 [aider]: Has it been deleted from the file system but not from git?
2026-04-06 00:00:58 | INFO | bridge_app | Task 0 [aider]: Repo-map can't include D:\BridgeProjectExperiment\generated_metadata\VALORANT 
2026-04-06 00:00:58 | INFO | bridge_app | Task 0 [aider]: 01-18-2026 2-11-15-471.metadata.json
2026-04-06 00:00:58 | INFO | bridge_app | Task 0 [aider]: Has it been deleted from the file system but not from git?
2026-04-06 00:00:58 | INFO | bridge_app | Task 0 [aider]: Repo-map can't include D:\BridgeProjectExperiment\generated_metadata\VALORANT 
2026-04-06 00:00:58 | INFO | bridge_app | Task 0 [aider]: 01-18-2026 2-13-15-142.metadata.json
2026-04-06 00:00:58 | INFO | bridge_app | Task 0 [aider]: Has it been deleted from the file system but not from git?
2026-04-06 00:00:58 | INFO | bridge_app | Task 0 [aider]: Repo-map can't include D:\BridgeProjectExperiment\generated_metadata\VALORANT 
2026-04-06 00:00:58 | INFO | bridge_app | Task 0 [aider]: 01-18-2026 2-14-08-259.metadata.json
2026-04-06 00:00:58 | INFO | bridge_app | Task 0 [aider]: Has it been deleted from the file system but not from git?
2026-04-06 00:00:58 | INFO | bridge_app | Task 0 [aider]: Repo-map can't include D:\BridgeProjectExperiment\generated_metadata\VALORANT 
2026-04-06 00:00:58 | INFO | bridge_app | Task 0 [aider]: 01-18-2026 2-23-36-050.metadata.json
2026-04-06 00:00:58 | INFO | bridge_app | Task 0 [aider]: Has it been deleted from the file system but not from git?
2026-04-06 00:00:58 | INFO | bridge_app | Task 0 [aider]: Repo-map can't include D:\BridgeProjectExperiment\generated_metadata\VALORANT 
2026-04-06 00:00:58 | INFO | bridge_app | Task 0 [aider]: 01-18-2026 2-30-52-579.metadata.json
2026-04-06 00:00:58 | INFO | bridge_app | Task 0 [aider]: Has it been deleted from the file system but not from git?
2026-04-06 00:00:58 | INFO | bridge_app | Task 0 [aider]: Repo-map can't include D:\BridgeProjectExperiment\generated_metadata\VALORANT 
2026-04-06 00:00:58 | INFO | bridge_app | Task 0 [aider]: 01-18-2026 2-32-16-268.metadata.json
2026-04-06 00:00:58 | INFO | bridge_app | Task 0 [aider]: Has it been deleted from the file system but not from git?
2026-04-06 00:00:58 | INFO | bridge_app | Task 0 [aider]: Repo-map can't include D:\BridgeProjectExperiment\generated_metadata\VALORANT 
2026-04-06 00:00:58 | INFO | bridge_app | Task 0 [aider]: 01-18-2026 2-36-13-117.metadata.json
2026-04-06 00:00:58 | INFO | bridge_app | Task 0 [aider]: Has it been deleted from the file system but not from git?
2026-04-06 00:00:58 | INFO | bridge_app | Task 0 [aider]: Repo-map can't include D:\BridgeProjectExperiment\generated_metadata\VALORANT 
2026-04-06 00:00:58 | INFO | bridge_app | Task 0 [aider]: 01-18-2026 2-41-55-989.metadata.json
2026-04-06 00:00:58 | INFO | bridge_app | Task 0 [aider]: Has it been deleted from the file system but not from git?
2026-04-06 00:00:58 | INFO | bridge_app | Task 0 [aider]: Repo-map can't include D:\BridgeProjectExperiment\generated_metadata\VALORANT 
2026-04-06 00:00:58 | INFO | bridge_app | Task 0 [aider]: 01-18-2026 2-42-27-981.metadata.json
2026-04-06 00:00:58 | INFO | bridge_app | Task 0 [aider]: Has it been deleted from the file system but not from git?
2026-04-06 00:00:58 | INFO | bridge_app | Task 0 [aider]: Repo-map can't include D:\BridgeProjectExperiment\generated_metadata\VALORANT 
2026-04-06 00:00:58 | INFO | bridge_app | Task 0 [aider]: 01-18-2026 2-48-46-891.metadata.json
2026-04-06 00:00:58 | INFO | bridge_app | Task 0 [aider]: Has it been deleted from the file system but not from git?
2026-04-06 00:00:58 | INFO | bridge_app | Task 0 [aider]: Repo-map can't include D:\BridgeProjectExperiment\generated_metadata\VALORANT 
2026-04-06 00:00:58 | INFO | bridge_app | Task 0 [aider]: 01-18-2026 2-50-56-818.metadata.json
2026-04-06 00:00:58 | INFO | bridge_app | Task 0 [aider]: Has it been deleted from the file system but not from git?
2026-04-06 00:00:58 | INFO | bridge_app | Task 0 [aider]: Repo-map can't include D:\BridgeProjectExperiment\generated_metadata\VALORANT 
2026-04-06 00:00:58 | INFO | bridge_app | Task 0 [aider]: 01-18-2026 2-54-28-188.metadata.json
2026-04-06 00:00:58 | INFO | bridge_app | Task 0 [aider]: Has it been deleted from the file system but not from git?
2026-04-06 00:00:58 | INFO | bridge_app | Task 0 [aider]: Repo-map can't include D:\BridgeProjectExperiment\generated_metadata\VALORANT 
2026-04-06 00:00:58 | INFO | bridge_app | Task 0 [aider]: 01-18-2026 3-00-09-647.metadata.json
2026-04-06 00:00:58 | INFO | bridge_app | Task 0 [aider]: Has it been deleted from the file system but not from git?
2026-04-06 00:00:58 | INFO | bridge_app | Task 0 [aider]: Repo-map can't include D:\BridgeProjectExperiment\generated_metadata\VALORANT 
2026-04-06 00:00:58 | INFO | bridge_app | Task 0 [aider]: 01-18-2026 3-03-31-332.metadata.json
2026-04-06 00:00:58 | INFO | bridge_app | Task 0 [aider]: Has it been deleted from the file system but not from git?
2026-04-06 00:00:58 | INFO | bridge_app | Task 0 [aider]: Repo-map can't include D:\BridgeProjectExperiment\generated_metadata\VALORANT 
2026-04-06 00:00:58 | INFO | bridge_app | Task 0 [aider]: 01-18-2026 3-05-27-936.metadata.json
2026-04-06 00:00:58 | INFO | bridge_app | Task 0 [aider]: Has it been deleted from the file system but not from git?
2026-04-06 00:00:58 | INFO | bridge_app | Task 0 [aider]: Repo-map can't include D:\BridgeProjectExperiment\generated_metadata\VALORANT 
2026-04-06 00:00:58 | INFO | bridge_app | Task 0 [aider]: 01-18-2026 3-06-43-362.metadata.json
2026-04-06 00:00:58 | INFO | bridge_app | Task 0 [aider]: Has it been deleted from the file system but not from git?
2026-04-06 00:00:58 | INFO | bridge_app | Task 0 [aider]: Repo-map can't include D:\BridgeProjectExperiment\generated_metadata\VALORANT 
2026-04-06 00:00:58 | INFO | bridge_app | Task 0 [aider]: 01-19-2026 22-45-21-063.metadata.json
2026-04-06 00:00:58 | INFO | bridge_app | Task 0 [aider]: Has it been deleted from the file system but not from git?
2026-04-06 00:00:58 | INFO | bridge_app | Task 0 [aider]: Repo-map can't include D:\BridgeProjectExperiment\generated_metadata\VALORANT 
2026-04-06 00:00:58 | INFO | bridge_app | Task 0 [aider]: 01-19-2026 22-47-20-615.metadata.json
2026-04-06 00:00:58 | INFO | bridge_app | Task 0 [aider]: Has it been deleted from the file system but not from git?
2026-04-06 00:00:58 | INFO | bridge_app | Task 0 [aider]: Repo-map can't include D:\BridgeProjectExperiment\generated_metadata\VALORANT 
2026-04-06 00:00:58 | INFO | bridge_app | Task 0 [aider]: 01-19-2026 22-47-53-259.metadata.json
2026-04-06 00:00:58 | INFO | bridge_app | Task 0 [aider]: Has it been deleted from the file system but not from git?
2026-04-06 00:00:58 | INFO | bridge_app | Task 0 [aider]: Repo-map can't include D:\BridgeProjectExperiment\generated_metadata\VALORANT 
2026-04-06 00:00:58 | INFO | bridge_app | Task 0 [aider]: 01-19-2026 22-48-14-961.metadata.json
2026-04-06 00:00:58 | INFO | bridge_app | Task 0 [aider]: Has it been deleted from the file system but not from git?
2026-04-06 00:00:58 | INFO | bridge_app | Task 0 [aider]: Repo-map can't include D:\BridgeProjectExperiment\generated_metadata\VALORANT 
2026-04-06 00:00:58 | INFO | bridge_app | Task 0 [aider]: 01-19-2026 22-50-37-292.metadata.json
2026-04-06 00:00:58 | INFO | bridge_app | Task 0 [aider]: Has it been deleted from the file system but not from git?
2026-04-06 00:00:58 | INFO | bridge_app | Task 0 [aider]: Repo-map can't include D:\BridgeProjectExperiment\generated_metadata\VALORANT 
2026-04-06 00:00:58 | INFO | bridge_app | Task 0 [aider]: 01-19-2026 22-54-44-426.metadata.json
2026-04-06 00:00:58 | INFO | bridge_app | Task 0 [aider]: Has it been deleted from the file system but not from git?
2026-04-06 00:00:58 | INFO | bridge_app | Task 0 [aider]: Repo-map can't include D:\BridgeProjectExperiment\generated_metadata\VALORANT 
2026-04-06 00:00:58 | INFO | bridge_app | Task 0 [aider]: 01-19-2026 23-02-53-914.metadata.json
2026-04-06 00:00:58 | INFO | bridge_app | Task 0 [aider]: Has it been deleted from the file system but not from git?
2026-04-06 00:00:58 | INFO | bridge_app | Task 0 [aider]: Repo-map can't include D:\BridgeProjectExperiment\generated_metadata\VALORANT 
2026-04-06 00:00:58 | INFO | bridge_app | Task 0 [aider]: 01-19-2026 23-04-54-561.metadata.json
2026-04-06 00:00:58 | INFO | bridge_app | Task 0 [aider]: Has it been deleted from the file system but not from git?
2026-04-06 00:00:58 | INFO | bridge_app | Task 0 [aider]: Repo-map can't include D:\BridgeProjectExperiment\generated_metadata\VALORANT 
2026-04-06 00:00:58 | INFO | bridge_app | Task 0 [aider]: 01-19-2026 23-05-19-063.metadata.json
2026-04-06 00:00:58 | INFO | bridge_app | Task 0 [aider]: Has it been deleted from the file system but not from git?
2026-04-06 00:00:58 | INFO | bridge_app | Task 0 [aider]: Repo-map can't include D:\BridgeProjectExperiment\generated_metadata\VALORANT 
2026-04-06 00:00:58 | INFO | bridge_app | Task 0 [aider]: 01-19-2026 23-06-34-336.metadata.json
2026-04-06 00:00:58 | INFO | bridge_app | Task 0 [aider]: Has it been deleted from the file system but not from git?
2026-04-06 00:00:58 | INFO | bridge_app | Task 0 [aider]: Repo-map can't include D:\BridgeProjectExperiment\generated_metadata\VALORANT 
2026-04-06 00:00:58 | INFO | bridge_app | Task 0 [aider]: 01-19-2026 23-08-20-387.metadata.json
2026-04-06 00:00:58 | INFO | bridge_app | Task 0 [aider]: Has it been deleted from the file system but not from git?
2026-04-06 00:00:58 | INFO | bridge_app | Task 0 [aider]: Repo-map can't include D:\BridgeProjectExperiment\generated_metadata\VALORANT 
2026-04-06 00:00:58 | INFO | bridge_app | Task 0 [aider]: 01-19-2026 23-08-48-839.metadata.json
2026-04-06 00:00:58 | INFO | bridge_app | Task 0 [aider]: Has it been deleted from the file system but not from git?
2026-04-06 00:00:58 | INFO | bridge_app | Task 0 [aider]: Repo-map can't include D:\BridgeProjectExperiment\generated_metadata\VALORANT 
2026-04-06 00:00:58 | INFO | bridge_app | Task 0 [aider]: 01-19-2026 23-36-15-366.metadata.json
2026-04-06 00:00:58 | INFO | bridge_app | Task 0 [aider]: Has it been deleted from the file system but not from git?
2026-04-06 00:00:58 | INFO | bridge_app | Task 0 [aider]: Repo-map can't include D:\BridgeProjectExperiment\generated_metadata\VALORANT 
2026-04-06 00:00:58 | INFO | bridge_app | Task 0 [aider]: 01-19-2026 23-42-50-528.metadata.json
2026-04-06 00:00:58 | INFO | bridge_app | Task 0 [aider]: Has it been deleted from the file system but not from git?
2026-04-06 00:00:58 | INFO | bridge_app | Task 0 [aider]: Repo-map can't include D:\BridgeProjectExperiment\generated_metadata\VALORANT 
2026-04-06 00:00:58 | INFO | bridge_app | Task 0 [aider]: 01-19-2026 23-50-14-085.metadata.json
2026-04-06 00:00:58 | INFO | bridge_app | Task 0 [aider]: Has it been deleted from the file system but not from git?
2026-04-06 00:00:58 | INFO | bridge_app | Task 0 [aider]: Repo-map can't include D:\BridgeProjectExperiment\generated_metadata\VALORANT 
2026-04-06 00:00:58 | INFO | bridge_app | Task 0 [aider]: 01-19-2026 23-55-14-785.metadata.json
2026-04-06 00:00:58 | INFO | bridge_app | Task 0 [aider]: Has it been deleted from the file system but not from git?
2026-04-06 00:01:12 | INFO | bridge_app | Task 0 [aider]: OK.
2026-04-06 00:01:12 | INFO | bridge_app | Task 0 [aider]: 
2026-04-06 00:01:12 | INFO | bridge_app | Task 0 [aider]: Tokens: 2.8k sent, 3 received.
2026-04-06 00:01:13 | WARNING | bridge_app | Task 0: model edited 441 out-of-scope file(s) — reverting: .gitignore, .metadata_history.json, app/electron/services/uploadService.js, app/useAppStore.js, bridge_progress/project_knowledge.json, bridge_progress/project_snapshot.json, generated_metadata/VALORANT 01-01-2026 22-23-50-114.metadata.json, generated_metadata/VALORANT 01-01-2026 22-27-44-486.metadata.json, generated_metadata/VALORANT 01-01-2026 22-30-00-065.metadata.json, generated_metadata/VALORANT 01-01-2026 22-44-24-319.metadata.json, generated_metadata/VALORANT 01-01-2026 22-50-27-907.metadata.json, generated_metadata/VALORANT 01-01-2026 22-53-03-725.metadata.json, generated_metadata/VALORANT 01-01-2026 22-58-00-769.metadata.json, generated_metadata/VALORANT 01-03-2026 16-07-35-572.metadata.json, generated_metadata/VALORANT 01-03-2026 16-14-57-271.metadata.json, generated_metadata/VALORANT 01-03-2026 16-16-46-604.metadata.json, generated_metadata/VALORANT 01-03-2026 16-17-56-113.metadata.json, generated_metadata/VALORANT 01-03-2026 16-18-26-465.metadata.json, generated_metadata/VALORANT 01-03-2026 16-21-54-521.metadata.json, generated_metadata/VALORANT 01-03-2026 16-22-46-066.metadata.json, generated_metadata/VALORANT 01-03-2026 16-38-38-337.metadata.json, generated_metadata/VALORANT 01-03-2026 16-39-33-381.metadata.json, generated_metadata/VALORANT 01-03-2026 16-40-54-988.metadata.json, generated_metadata/VALORANT 01-03-2026 16-42-09-922.metadata.json, generated_metadata/VALORANT 01-03-2026 16-43-00-791.metadata.json, generated_metadata/VALORANT 01-04-2026 0-57-57-840.metadata.json, generated_metadata/VALORANT 01-04-2026 1-06-37-837.metadata.json, generated_metadata/VALORANT 01-04-2026 1-08-03-392.metadata.json, generated_metadata/VALORANT 01-04-2026 1-09-17-161.metadata.json, generated_metadata/VALORANT 01-04-2026 1-14-55-788.metadata.json, generated_metadata/VALORANT 01-04-2026 1-18-07-927.metadata.json, generated_metadata/VALORANT 01-04-2026 1-22-34-870.metadata.json, generated_metadata/VALORANT 01-04-2026 1-27-36-355.metadata.json, generated_metadata/VALORANT 01-04-2026 1-30-00-414.metadata.json, generated_metadata/VALORANT 01-04-2026 1-34-23-807.metadata.json, generated_metadata/VALORANT 01-04-2026 1-42-08-070.metadata.json, generated_metadata/VALORANT 01-04-2026 2-24-19-689.metadata.json, generated_metadata/VALORANT 01-04-2026 2-27-29-476.metadata.json, generated_metadata/VALORANT 01-04-2026 2-33-15-879.metadata.json, generated_metadata/VALORANT 01-04-2026 2-35-53-342.metadata.json, generated_metadata/VALORANT 01-04-2026 2-42-35-890.metadata.json, generated_metadata/VALORANT 01-04-2026 2-42-57-892.metadata.json, generated_metadata/VALORANT 01-04-2026 2-45-04-051.metadata.json, generated_metadata/VALORANT 01-04-2026 2-47-17-535.metadata.json, generated_metadata/VALORANT 01-04-2026 2-47-50-718.metadata.json, generated_metadata/VALORANT 01-04-2026 2-49-35-029.metadata.json, generated_metadata/VALORANT 01-04-2026 2-50-26-703.metadata.json, generated_metadata/VALORANT 01-04-2026 2-53-38-842.metadata.json, generated_metadata/VALORANT 01-12-2026 22-06-49-225.metadata.json, generated_metadata/VALORANT 01-12-2026 22-09-51-404.metadata.json, generated_metadata/VALORANT 01-12-2026 22-12-09-913.metadata.json, generated_metadata/VALORANT 01-12-2026 22-15-30-591.metadata.json, generated_metadata/VALORANT 01-12-2026 22-17-01-939.metadata.json, generated_metadata/VALORANT 01-12-2026 22-21-16-079.metadata.json, generated_metadata/VALORANT 01-12-2026 22-25-49-179.metadata.json, generated_metadata/VALORANT 01-12-2026 22-27-26-406.metadata.json, generated_metadata/VALORANT 01-12-2026 22-28-29-340.metadata.json, generated_metadata/VALORANT 01-12-2026 22-29-44-056.metadata.json, generated_metadata/VALORANT 01-12-2026 22-30-19-773.metadata.json, generated_metadata/VALORANT 01-12-2026 22-40-29-242.metadata.json, generated_metadata/VALORANT 01-12-2026 22-40-52-146.metadata.json, generated_metadata/VALORANT 01-12-2026 22-46-38-864.metadata.json, generated_metadata/VALORANT 01-12-2026 22-47-44-126.metadata.json, generated_metadata/VALORANT 01-12-2026 22-50-18-154.metadata.json, generated_metadata/VALORANT 01-12-2026 22-52-14-813.metadata.json, generated_metadata/VALORANT 01-12-2026 22-53-55-626.metadata.json, generated_metadata/VALORANT 01-12-2026 22-55-19-056.metadata.json, generated_metadata/VALORANT 01-12-2026 22-56-42-578.metadata.json, generated_metadata/VALORANT 01-12-2026 23-03-52-209.metadata.json, generated_metadata/VALORANT 01-12-2026 23-08-40-409.metadata.json, generated_metadata/VALORANT 01-12-2026 23-10-09-422.metadata.json, generated_metadata/VALORANT 01-12-2026 23-11-24-562.metadata.json, generated_metadata/VALORANT 01-12-2026 23-12-32-966.metadata.json, generated_metadata/VALORANT 01-12-2026 23-14-43-634.metadata.json, generated_metadata/VALORANT 01-12-2026 23-26-48-316.metadata.json, generated_metadata/VALORANT 01-12-2026 23-28-07-631.metadata.json, generated_metadata/VALORANT 01-12-2026 23-29-52-495.metadata.json, generated_metadata/VALORANT 01-12-2026 23-34-19-295.metadata.json, generated_metadata/VALORANT 01-12-2026 23-34-52-546.metadata.json, generated_metadata/VALORANT 01-12-2026 23-36-04-859.metadata.json, generated_metadata/VALORANT 01-12-2026 23-37-03-798.metadata.json, generated_metadata/VALORANT 01-12-2026 23-41-32-090.metadata.json, generated_metadata/VALORANT 01-12-2026 23-44-55-153.metadata.json, generated_metadata/VALORANT 01-12-2026 23-50-25-385.metadata.json, generated_metadata/VALORANT 01-13-2026 0-15-28-881.metadata.json, generated_metadata/VALORANT 01-13-2026 0-20-41-966.metadata.json, generated_metadata/VALORANT 01-13-2026 0-22-55-038.metadata.json, generated_metadata/VALORANT 01-13-2026 0-27-51-787.metadata.json, generated_metadata/VALORANT 01-13-2026 0-29-18-115.metadata.json, generated_metadata/VALORANT 01-13-2026 0-37-35-120.metadata.json, generated_metadata/VALORANT 01-13-2026 0-43-45-010.metadata.json, generated_metadata/VALORANT 01-13-2026 0-45-09-676.metadata.json, generated_metadata/VALORANT 01-13-2026 0-49-57-507.metadata.json, generated_metadata/VALORANT 01-13-2026 23-41-35-499.metadata.json, generated_metadata/VALORANT 01-13-2026 23-42-38-986.metadata.json, generated_metadata/VALORANT 01-13-2026 23-44-08-094.metadata.json, generated_metadata/VALORANT 01-13-2026 23-51-57-502.metadata.json, generated_metadata/VALORANT 01-13-2026 23-56-56-183.metadata.json, generated_metadata/VALORANT 01-13-2026 23-58-54-472.metadata.json, generated_metadata/VALORANT 01-14-2026 0-01-17-380.metadata.json, generated_metadata/VALORANT 01-14-2026 0-02-40-370.metadata.json, generated_metadata/VALORANT 01-14-2026 0-04-40-115.metadata.json, generated_metadata/VALORANT 01-14-2026 0-07-07-878.metadata.json, generated_metadata/VALORANT 01-14-2026 0-22-47-193.metadata.json, generated_metadata/VALORANT 01-14-2026 0-23-43-663.metadata.json, generated_metadata/VALORANT 01-14-2026 0-32-24-960.metadata.json, generated_metadata/VALORANT 01-14-2026 0-35-04-134.metadata.json, generated_metadata/VALORANT 01-14-2026 0-37-02-600.metadata.json, generated_metadata/VALORANT 01-14-2026 0-38-21-685.metadata.json, generated_metadata/VALORANT 01-14-2026 0-41-19-913.metadata.json, generated_metadata/VALORANT 01-14-2026 0-42-54-215.metadata.json, generated_metadata/VALORANT 01-14-2026 0-45-04-674.metadata.json, generated_metadata/VALORANT 01-14-2026 0-45-30-066.metadata.json, generated_metadata/VALORANT 01-14-2026 0-48-15-126.metadata.json, generated_metadata/VALORANT 01-14-2026 0-49-00-874.metadata.json, generated_metadata/VALORANT 01-14-2026 0-50-19-618.metadata.json, generated_metadata/VALORANT 01-14-2026 0-56-34-429.metadata.json, generated_metadata/VALORANT 01-14-2026 1-00-10-145.metadata.json, generated_metadata/VALORANT 01-14-2026 1-08-37-967.metadata.json, generated_metadata/VALORANT 01-14-2026 1-09-44-665.metadata.json, generated_metadata/VALORANT 01-14-2026 1-11-28-385.metadata.json, generated_metadata/VALORANT 01-14-2026 1-14-09-655.metadata.json, generated_metadata/VALORANT 01-14-2026 1-18-18-839.metadata.json, generated_metadata/VALORANT 01-14-2026 1-19-24-380.metadata.json, generated_metadata/VALORANT 01-14-2026 1-21-12-613.metadata.json, generated_metadata/VALORANT 01-14-2026 1-23-56-102.metadata.json, generated_metadata/VALORANT 01-14-2026 1-27-38-630.metadata.json, generated_metadata/VALORANT 01-14-2026 1-29-15-173.metadata.json, generated_metadata/VALORANT 01-14-2026 1-31-20-716.metadata.json, generated_metadata/VALORANT 01-14-2026 1-32-22-289.metadata.json, generated_metadata/VALORANT 01-14-2026 1-34-14-716.metadata.json, generated_metadata/VALORANT 01-14-2026 1-54-09-692.metadata.json, generated_metadata/VALORANT 01-14-2026 1-57-42-293.metadata.json, generated_metadata/VALORANT 01-14-2026 1-58-51-435.metadata.json, generated_metadata/VALORANT 01-14-2026 12-41-46-567.metadata.json, generated_metadata/VALORANT 01-14-2026 12-42-21-530.metadata.json, generated_metadata/VALORANT 01-14-2026 12-43-33-386.metadata.json, generated_metadata/VALORANT 01-14-2026 12-47-50-533.metadata.json, generated_metadata/VALORANT 01-14-2026 12-49-09-331.metadata.json, generated_metadata/VALORANT 01-14-2026 12-50-06-888.metadata.json, generated_metadata/VALORANT 01-14-2026 12-51-46-909.metadata.json, generated_metadata/VALORANT 01-14-2026 13-01-08-398.metadata.json, generated_metadata/VALORANT 01-14-2026 13-09-02-978.metadata.json, generated_metadata/VALORANT 01-14-2026 13-12-56-484.metadata.json, generated_metadata/VALORANT 01-14-2026 13-14-30-997.metadata.json, generated_metadata/VALORANT 01-14-2026 13-17-48-614.metadata.json, generated_metadata/VALORANT 01-14-2026 13-19-10-923.metadata.json, generated_metadata/VALORANT 01-14-2026 13-21-44-751.metadata.json, generated_metadata/VALORANT 01-14-2026 13-24-52-788.metadata.json, generated_metadata/VALORANT 01-14-2026 13-26-32-133.metadata.json, generated_metadata/VALORANT 01-14-2026 14-22-08-377.metadata.json, generated_metadata/VALORANT 01-14-2026 14-29-22-739.metadata.json, generated_metadata/VALORANT 01-14-2026 14-30-27-789.metadata.json, generated_metadata/VALORANT 01-14-2026 14-36-41-972.metadata.json, generated_metadata/VALORANT 01-14-2026 14-40-14-624.metadata.json, generated_metadata/VALORANT 01-14-2026 14-41-13-670.metadata.json, generated_metadata/VALORANT 01-14-2026 14-49-16-731.metadata.json, generated_metadata/VALORANT 01-14-2026 14-51-30-645.metadata.json, generated_metadata/VALORANT 01-14-2026 14-54-46-041.metadata.json, generated_metadata/VALORANT 01-14-2026 14-58-40-921.metadata.json, generated_metadata/VALORANT 01-14-2026 15-00-37-157.metadata.json, generated_metadata/VALORANT 01-14-2026 15-08-40-579.metadata.json, generated_metadata/VALORANT 01-14-2026 15-10-20-313.metadata.json, generated_metadata/VALORANT 01-14-2026 15-14-53-769.metadata.json, generated_metadata/VALORANT 01-14-2026 15-21-26-175.metadata.json, generated_metadata/VALORANT 01-14-2026 15-22-50-840.metadata.json, generated_metadata/VALORANT 01-14-2026 15-28-11-464.metadata.json, generated_metadata/VALORANT 01-14-2026 15-31-32-750.metadata.json, generated_metadata/VALORANT 01-14-2026 15-34-46-654.metadata.json, generated_metadata/VALORANT 01-14-2026 15-36-15-983.metadata.json, generated_metadata/VALORANT 01-14-2026 15-44-05-849.metadata.json, generated_metadata/VALORANT 01-14-2026 15-46-27-317.metadata.json, generated_metadata/VALORANT 01-14-2026 2-02-29-793.metadata.json, generated_metadata/VALORANT 01-14-2026 2-04-26-557.metadata.json, generated_metadata/VALORANT 01-14-2026 2-04-49-286.metadata.json, generated_metadata/VALORANT 01-14-2026 2-08-40-499.metadata.json, generated_metadata/VALORANT 01-14-2026 2-34-44-425.metadata.json, generated_metadata/VALORANT 01-14-2026 2-38-17-715.metadata.json, generated_metadata/VALORANT 01-14-2026 2-44-29-120.metadata.json, generated_metadata/VALORANT 01-14-2026 2-46-55-610.metadata.json, generated_metadata/VALORANT 01-14-2026 2-48-48-665.metadata.json, generated_metadata/VALORANT 01-14-2026 2-51-35-690.metadata.json, generated_metadata/VALORANT 01-14-2026 2-55-29-257.metadata.json, generated_metadata/VALORANT 01-14-2026 2-56-08-983.metadata.json, generated_metadata/VALORANT 01-14-2026 2-57-11-621.metadata.json, generated_metadata/VALORANT 01-14-2026 23-36-53-874.metadata.json, generated_metadata/VALORANT 01-14-2026 23-40-10-747.metadata.json, generated_metadata/VALORANT 01-14-2026 23-42-49-214.metadata.json, generated_metadata/VALORANT 01-14-2026 23-43-47-091.metadata.json, generated_metadata/VALORANT 01-14-2026 23-45-16-609.metadata.json, generated_metadata/VALORANT 01-14-2026 23-47-36-033.metadata.json, generated_metadata/VALORANT 01-14-2026 23-50-51-608.metadata.json, generated_metadata/VALORANT 01-14-2026 3-00-08-204.metadata.json, generated_metadata/VALORANT 01-14-2026 3-00-42-734.metadata.json, generated_metadata/VALORANT 01-14-2026 3-02-06-078.metadata.json, generated_metadata/VALORANT 01-14-2026 3-03-56-103.metadata.json, generated_metadata/VALORANT 01-14-2026 3-06-05-945.metadata.json, generated_metadata/VALORANT 01-14-2026 3-13-30-356.metadata.json, generated_metadata/VALORANT 01-14-2026 3-17-31-555.metadata.json, generated_metadata/VALORANT 01-14-2026 3-24-06-837.metadata.json, generated_metadata/VALORANT 01-14-2026 3-26-29-267.metadata.json, generated_metadata/VALORANT 01-14-2026 3-35-48-411.metadata.json, generated_metadata/VALORANT 01-14-2026 3-38-37-582.metadata.json, generated_metadata/VALORANT 01-14-2026 3-39-52-033.metadata.json, generated_metadata/VALORANT 01-14-2026 3-40-28-350.metadata.json, generated_metadata/VALORANT 01-14-2026 3-42-33-328.metadata.json, generated_metadata/VALORANT 01-14-2026 3-46-11-610.metadata.json, generated_metadata/VALORANT 01-14-2026 3-50-06-633.metadata.json, generated_metadata/VALORANT 01-14-2026 3-51-33-228.metadata.json, generated_metadata/VALORANT 01-14-2026 3-59-37-405.metadata.json, generated_metadata/VALORANT 01-14-2026 4-00-01-463.metadata.json, generated_metadata/VALORANT 01-14-2026 4-02-43-829.metadata.json, generated_metadata/VALORANT 01-14-2026 4-05-46-460.metadata.json, generated_metadata/VALORANT 01-14-2026 4-09-34-385.metadata.json, generated_metadata/VALORANT 01-14-2026 4-13-52-880.metadata.json, generated_metadata/VALORANT 01-14-2026 4-15-41-884.metadata.json, generated_metadata/VALORANT 01-14-2026 4-23-49-317.metadata.json, generated_metadata/VALORANT 01-14-2026 4-25-20-631.metadata.json, generated_metadata/VALORANT 01-14-2026 4-27-28-529.metadata.json, generated_metadata/VALORANT 01-15-2026 0-01-14-598.metadata.json, generated_metadata/VALORANT 01-15-2026 0-05-35-257.metadata.json, generated_metadata/VALORANT 01-15-2026 0-20-14-408.metadata.json, generated_metadata/VALORANT 01-15-2026 0-21-01-415.metadata.json, generated_metadata/VALORANT 01-15-2026 0-21-21-805.metadata.json, generated_metadata/VALORANT 01-15-2026 0-26-24-088.metadata.json, generated_metadata/VALORANT 01-15-2026 0-27-54-421.metadata.json, generated_metadata/VALORANT 01-15-2026 0-32-41-771.metadata.json, generated_metadata/VALORANT 01-15-2026 0-33-06-175.metadata.json, generated_metadata/VALORANT 01-15-2026 0-36-05-798.metadata.json, generated_metadata/VALORANT 01-15-2026 0-41-57-006.metadata.json, generated_metadata/VALORANT 01-15-2026 0-46-04-692.metadata.json, generated_metadata/VALORANT 01-15-2026 0-47-34-763.metadata.json, generated_metadata/VALORANT 01-15-2026 0-48-57-158.metadata.json, generated_metadata/VALORANT 01-15-2026 0-52-49-880.metadata.json, generated_metadata/VALORANT 01-15-2026 0-53-35-083.metadata.json, generated_metadata/VALORANT 01-15-2026 1-05-10-660.metadata.json, generated_metadata/VALORANT 01-15-2026 1-09-54-007.metadata.json, generated_metadata/VALORANT 01-15-2026 1-13-20-013.metadata.json, generated_metadata/VALORANT 01-15-2026 1-15-40-945.metadata.json, generated_metadata/VALORANT 01-15-2026 1-24-46-126.metadata.json, generated_metadata/VALORANT 01-15-2026 1-30-14-409.metadata.json, generated_metadata/VALORANT 01-15-2026 1-32-01-193.metadata.json, generated_metadata/VALORANT 01-15-2026 22-21-01-057.metadata.json, generated_metadata/VALORANT 01-15-2026 22-28-28-346.metadata.json, generated_metadata/VALORANT 01-15-2026 22-31-53-501.metadata.json, generated_metadata/VALORANT 01-15-2026 22-35-48-603.metadata.json, generated_metadata/VALORANT 01-15-2026 22-37-19-662.metadata.json, generated_metadata/VALORANT 01-15-2026 22-39-56-616.metadata.json, generated_metadata/VALORANT 01-15-2026 22-41-31-151.metadata.json, generated_metadata/VALORANT 01-15-2026 22-45-44-955.metadata.json, generated_metadata/VALORANT 01-15-2026 22-56-13-917.metadata.json, generated_metadata/VALORANT 01-15-2026 22-57-49-757.metadata.json, generated_metadata/VALORANT 01-15-2026 23-01-00-725.metadata.json, generated_metadata/VALORANT 01-15-2026 23-01-48-391.metadata.json, generated_metadata/VALORANT 01-15-2026 23-03-48-377.metadata.json, generated_metadata/VALORANT 01-15-2026 23-05-00-029.metadata.json, generated_metadata/VALORANT 01-15-2026 23-10-11-384.metadata.json, generated_metadata/VALORANT 01-15-2026 23-22-14-788.metadata.json, generated_metadata/VALORANT 01-15-2026 23-22-38-453.metadata.json, generated_metadata/VALORANT 01-15-2026 23-28-30-746.metadata.json, generated_metadata/VALORANT 01-15-2026 23-28-51-269.metadata.json, generated_metadata/VALORANT 01-15-2026 23-37-22-046.metadata.json, generated_metadata/VALORANT 01-15-2026 23-40-43-783.metadata.json, generated_metadata/VALORANT 01-15-2026 23-43-02-842.metadata.json, generated_metadata/VALORANT 01-15-2026 23-50-46-569.metadata.json, generated_metadata/VALORANT 01-15-2026 23-55-56-676.metadata.json, generated_metadata/VALORANT 01-15-2026 23-57-05-773.metadata.json, generated_metadata/VALORANT 01-15-2026 23-59-57-658.metadata.json, generated_metadata/VALORANT 01-16-2026 0-00-21-157.metadata.json, generated_metadata/VALORANT 01-16-2026 0-01-28-140.metadata.json, generated_metadata/VALORANT 01-16-2026 0-02-42-892.metadata.json, generated_metadata/VALORANT 01-16-2026 0-11-57-705.metadata.json, generated_metadata/VALORANT 01-16-2026 0-14-07-357.metadata.json, generated_metadata/VALORANT 01-16-2026 0-16-11-465.metadata.json, generated_metadata/VALORANT 01-16-2026 0-17-40-218.metadata.json, generated_metadata/VALORANT 01-16-2026 0-25-21-535.metadata.json, generated_metadata/VALORANT 01-16-2026 0-26-44-903.metadata.json, generated_metadata/VALORANT 01-16-2026 0-29-25-516.metadata.json, generated_metadata/VALORANT 01-16-2026 0-32-54-886.metadata.json, generated_metadata/VALORANT 01-16-2026 0-34-51-900.metadata.json, generated_metadata/VALORANT 01-16-2026 0-45-45-349.metadata.json, generated_metadata/VALORANT 01-16-2026 0-46-48-805.metadata.json, generated_metadata/VALORANT 01-16-2026 0-49-42-748.metadata.json, generated_metadata/VALORANT 01-16-2026 0-53-57-785.metadata.json, generated_metadata/VALORANT 01-16-2026 0-55-50-333.metadata.json, generated_metadata/VALORANT 01-16-2026 0-56-35-486.metadata.json, generated_metadata/VALORANT 01-16-2026 0-57-35-733.metadata.json, generated_metadata/VALORANT 01-16-2026 0-59-41-923.metadata.json, generated_metadata/VALORANT 01-16-2026 1-05-10-096.metadata.json, generated_metadata/VALORANT 01-16-2026 23-41-11-620.metadata.json, generated_metadata/VALORANT 01-16-2026 23-43-52-492.metadata.json, generated_metadata/VALORANT 01-16-2026 23-53-44-310.metadata.json, generated_metadata/VALORANT 01-16-2026 23-57-42-382.metadata.json, generated_metadata/VALORANT 01-17-2026 0-10-19-217.metadata.json, generated_metadata/VALORANT 01-17-2026 0-11-25-130.metadata.json, generated_metadata/VALORANT 01-17-2026 0-15-42-315.metadata.json, generated_metadata/VALORANT 01-17-2026 0-29-40-212.metadata.json, generated_metadata/VALORANT 01-17-2026 0-31-24-350.metadata.json, generated_metadata/VALORANT 01-17-2026 0-35-03-255.metadata.json, generated_metadata/VALORANT 01-17-2026 0-35-59-016.metadata.json, generated_metadata/VALORANT 01-17-2026 0-39-48-332.metadata.json, generated_metadata/VALORANT 01-17-2026 0-51-26-647.metadata.json, generated_metadata/VALORANT 01-17-2026 0-55-09-849.metadata.json, generated_metadata/VALORANT 01-17-2026 0-58-56-741.metadata.json, generated_metadata/VALORANT 01-17-2026 1-04-04-806.metadata.json, generated_metadata/VALORANT 01-17-2026 1-06-29-134.metadata.json, generated_metadata/VALORANT 01-17-2026 1-07-55-615.metadata.json, generated_metadata/VALORANT 01-17-2026 1-08-32-157.metadata.json, generated_metadata/VALORANT 01-17-2026 1-20-15-729.metadata.json, generated_metadata/VALORANT 01-17-2026 1-23-25-118.metadata.json, generated_metadata/VALORANT 01-17-2026 1-23-57-270.metadata.json, generated_metadata/VALORANT 01-17-2026 1-26-05-628.metadata.json, generated_metadata/VALORANT 01-17-2026 1-28-23-251.metadata.json, generated_metadata/VALORANT 01-17-2026 1-29-25-181.metadata.json, generated_metadata/VALORANT 01-17-2026 1-33-48-098.metadata.json, generated_metadata/VALORANT 01-17-2026 1-36-06-164.metadata.json, generated_metadata/VALORANT 01-17-2026 1-37-54-531.metadata.json, generated_metadata/VALORANT 01-17-2026 1-41-39-378.metadata.json, generated_metadata/VALORANT 01-17-2026 1-42-13-688.metadata.json, generated_metadata/VALORANT 01-17-2026 1-52-01-616.metadata.json, generated_metadata/VALORANT 01-17-2026 1-53-35-194.metadata.json, generated_metadata/VALORANT 01-17-2026 1-55-29-238.metadata.json, generated_metadata/VALORANT 01-17-2026 1-55-54-941.metadata.json, generated_metadata/VALORANT 01-17-2026 1-56-43-279.metadata.json, generated_metadata/VALORANT 01-17-2026 2-05-22-430.metadata.json, generated_metadata/VALORANT 01-17-2026 2-09-37-309.metadata.json, generated_metadata/VALORANT 01-17-2026 2-17-50-094.metadata.json, generated_metadata/VALORANT 01-17-2026 2-19-39-416.metadata.json, generated_metadata/VALORANT 01-17-2026 2-27-00-109.metadata.json, generated_metadata/VALORANT 01-17-2026 2-28-46-438.metadata.json, generated_metadata/VALORANT 01-17-2026 2-31-48-014.metadata.json, generated_metadata/VALORANT 01-17-2026 2-33-46-758.metadata.json, generated_metadata/VALORANT 01-17-2026 2-34-53-197.metadata.json, generated_metadata/VALORANT 01-17-2026 2-36-56-009.metadata.json, generated_metadata/VALORANT 01-17-2026 2-37-51-086.metadata.json, generated_metadata/VALORANT 01-17-2026 2-39-27-518.metadata.json, generated_metadata/VALORANT 01-17-2026 2-41-10-545.metadata.json, generated_metadata/VALORANT 01-17-2026 2-48-57-740.metadata.json, generated_metadata/VALORANT 01-17-2026 2-56-00-075.metadata.json, generated_metadata/VALORANT 01-17-2026 2-59-04-192.metadata.json, generated_metadata/VALORANT 01-17-2026 22-55-41-943.metadata.json, generated_metadata/VALORANT 01-17-2026 23-00-21-572.metadata.json, generated_metadata/VALORANT 01-17-2026 23-04-28-170.metadata.json, generated_metadata/VALORANT 01-17-2026 23-06-28-329.metadata.json, generated_metadata/VALORANT 01-17-2026 23-10-24-203.metadata.json, generated_metadata/VALORANT 01-17-2026 23-13-06-749.metadata.json, generated_metadata/VALORANT 01-17-2026 23-16-29-265.metadata.json, generated_metadata/VALORANT 01-17-2026 23-23-40-293.metadata.json, generated_metadata/VALORANT 01-17-2026 23-28-15-013.metadata.json, generated_metadata/VALORANT 01-17-2026 23-32-44-210.metadata.json, generated_metadata/VALORANT 01-17-2026 23-37-35-862.metadata.json, generated_metadata/VALORANT 01-17-2026 23-44-34-182.metadata.json, generated_metadata/VALORANT 01-17-2026 23-52-51-045.metadata.json, generated_metadata/VALORANT 01-17-2026 3-09-03-568.metadata.json, generated_metadata/VALORANT 01-17-2026 3-11-27-695.metadata.json, generated_metadata/VALORANT 01-17-2026 3-12-53-226.metadata.json, generated_metadata/VALORANT 01-17-2026 3-29-29-802.metadata.json, generated_metadata/VALORANT 01-17-2026 3-33-10-694.metadata.json, generated_metadata/VALORANT 01-17-2026 3-35-23-380.metadata.json, generated_metadata/VALORANT 01-17-2026 3-37-37-958.metadata.json, generated_metadata/VALORANT 01-17-2026 3-40-47-024.metadata.json, generated_metadata/VALORANT 01-17-2026 3-42-15-640.metadata.json, generated_metadata/VALORANT 01-17-2026 3-43-31-981.metadata.json, generated_metadata/VALORANT 01-17-2026 3-45-07-582.metadata.json, generated_metadata/VALORANT 01-17-2026 3-46-18-296.metadata.json, generated_metadata/VALORANT 01-17-2026 3-48-52-291.metadata.json, generated_metadata/VALORANT 01-17-2026 3-55-33-782.metadata.json, generated_metadata/VALORANT 01-17-2026 4-03-03-567.metadata.json, generated_metadata/VALORANT 01-17-2026 4-09-10-090.metadata.json, generated_metadata/VALORANT 01-17-2026 4-17-33-594.metadata.json, generated_metadata/VALORANT 01-17-2026 4-18-30-140.metadata.json, generated_metadata/VALORANT 01-17-2026 4-21-28-801.metadata.json, generated_metadata/VALORANT 01-17-2026 4-24-17-464.metadata.json, generated_metadata/VALORANT 01-17-2026 4-24-55-213.metadata.json, generated_metadata/VALORANT 01-17-2026 4-30-35-034.metadata.json, generated_metadata/VALORANT 01-17-2026 4-32-57-875.metadata.json, generated_metadata/VALORANT 01-17-2026 4-34-18-297.metadata.json, generated_metadata/VALORANT 01-17-2026 4-35-38-063.metadata.json, generated_metadata/VALORANT 01-17-2026 4-58-01-250.metadata.json, generated_metadata/VALORANT 01-17-2026 4-59-22-516.metadata.json, generated_metadata/VALORANT 01-18-2026 0-03-27-874.metadata.json, generated_metadata/VALORANT 01-18-2026 0-04-39-351.metadata.json, generated_metadata/VALORANT 01-18-2026 0-05-57-282.metadata.json, generated_metadata/VALORANT 01-18-2026 0-09-07-523.metadata.json, generated_metadata/VALORANT 01-18-2026 0-10-58-136.metadata.json, generated_metadata/VALORANT 01-18-2026 0-14-11-794.metadata.json, generated_metadata/VALORANT 01-18-2026 0-16-54-571.metadata.json, generated_metadata/VALORANT 01-18-2026 0-20-44-920.metadata.json, generated_metadata/VALORANT 01-18-2026 0-28-05-169.metadata.json, generated_metadata/VALORANT 01-18-2026 0-36-20-046.metadata.json, generated_metadata/VALORANT 01-18-2026 0-43-46-083.metadata.json, generated_metadata/VALORANT 01-18-2026 1-02-59-421.metadata.json, generated_metadata/VALORANT 01-18-2026 1-09-32-555.metadata.json, generated_metadata/VALORANT 01-18-2026 1-09-57-138.metadata.json, generated_metadata/VALORANT 01-18-2026 1-15-55-083.metadata.json, generated_metadata/VALORANT 01-18-2026 1-17-59-022.metadata.json, generated_metadata/VALORANT 01-18-2026 1-19-58-623.metadata.json, generated_metadata/VALORANT 01-18-2026 1-24-17-442.metadata.json, generated_metadata/VALORANT 01-18-2026 1-29-33-284.metadata.json, generated_metadata/VALORANT 01-18-2026 1-32-43-155.metadata.json, generated_metadata/VALORANT 01-18-2026 1-41-03-959.metadata.json, generated_metadata/VALORANT 01-18-2026 1-45-30-099.metadata.json, generated_metadata/VALORANT 01-18-2026 1-48-15-352.metadata.json, generated_metadata/VALORANT 01-18-2026 1-54-29-845.metadata.json, generated_metadata/VALORANT 01-18-2026 1-56-58-472.metadata.json, generated_metadata/VALORANT 01-18-2026 2-01-01-145.metadata.json, generated_metadata/VALORANT 01-18-2026 2-04-51-530.metadata.json, generated_metadata/VALORANT 01-18-2026 2-06-11-141.metadata.json, generated_metadata/VALORANT 01-18-2026 2-08-51-029.metadata.json, generated_metadata/VALORANT 01-18-2026 2-11-15-471.metadata.json, generated_metadata/VALORANT 01-18-2026 2-13-15-142.metadata.json, generated_metadata/VALORANT 01-18-2026 2-14-08-259.metadata.json, generated_metadata/VALORANT 01-18-2026 2-23-36-050.metadata.json, generated_metadata/VALORANT 01-18-2026 2-30-52-579.metadata.json, generated_metadata/VALORANT 01-18-2026 2-32-16-268.metadata.json, generated_metadata/VALORANT 01-18-2026 2-36-13-117.metadata.json, generated_metadata/VALORANT 01-18-2026 2-41-55-989.metadata.json, generated_metadata/VALORANT 01-18-2026 2-42-27-981.metadata.json, generated_metadata/VALORANT 01-18-2026 2-48-46-891.metadata.json, generated_metadata/VALORANT 01-18-2026 2-50-56-818.metadata.json, generated_metadata/VALORANT 01-18-2026 2-54-28-188.metadata.json, generated_metadata/VALORANT 01-18-2026 3-00-09-647.metadata.json, generated_metadata/VALORANT 01-18-2026 3-03-31-332.metadata.json, generated_metadata/VALORANT 01-18-2026 3-05-27-936.metadata.json, generated_metadata/VALORANT 01-18-2026 3-06-43-362.metadata.json, generated_metadata/VALORANT 01-19-2026 22-45-21-063.metadata.json, generated_metadata/VALORANT 01-19-2026 22-47-20-615.metadata.json, generated_metadata/VALORANT 01-19-2026 22-47-53-259.metadata.json, generated_metadata/VALORANT 01-19-2026 22-48-14-961.metadata.json, generated_metadata/VALORANT 01-19-2026 22-50-37-292.metadata.json, generated_metadata/VALORANT 01-19-2026 22-54-44-426.metadata.json, generated_metadata/VALORANT 01-19-2026 23-02-53-914.metadata.json, generated_metadata/VALORANT 01-19-2026 23-04-54-561.metadata.json, generated_metadata/VALORANT 01-19-2026 23-05-19-063.metadata.json, generated_metadata/VALORANT 01-19-2026 23-06-34-336.metadata.json, generated_metadata/VALORANT 01-19-2026 23-08-20-387.metadata.json, generated_metadata/VALORANT 01-19-2026 23-08-48-839.metadata.json, generated_metadata/VALORANT 01-19-2026 23-36-15-366.metadata.json, generated_metadata/VALORANT 01-19-2026 23-42-50-528.metadata.json, generated_metadata/VALORANT 01-19-2026 23-50-14-085.metadata.json, generated_metadata/VALORANT 01-19-2026 23-55-14-785.metadata.json
2026-04-06 00:01:38 | INFO | bridge_app | Aider connection test passed ✓
2026-04-06 00:01:38 | ERROR | bridge_app | Bridge run failed after 68.9s: cannot access local variable '_model_lock' where it is not associated with a value
Traceback (most recent call last):
  File "D:\Chitrang_ViitorCloud\R&D\codex-aider-bridge-app\main.py", line 2089, in main
    if task.model and not _model_lock and len(_installed_models) > 1:
                          ^^^^^^^^^^^
UnboundLocalError: cannot access local variable '_model_lock' where it is not associated with a value
2026-04-06 00:01:38 | WARNING | bridge_app | To undo all changes made during this run:  git reset --hard 36c7ccc8f1e5822792bdedea2fdbb45f11e7f79f
2026-04-06 00:01:38 | WARNING | bridge_app | Could not write bridge output to stdout: [Errno 22] Invalid argument | payload={"status": "failure", "error": "cannot access local variable '_model_lock' where it is not associated with a value", "elapsed_seconds": 68.9}
2026-04-06 00:03:23 | INFO | bridge_app | Bridge starting — repo: D:\BridgeProjectExperiment
2026-04-06 00:03:23 | INFO | bridge_app | Bridge running in MANUAL-SUPERVISOR mode — review requests will be written to bridge_progress/manual_supervisor/ and the UI proxy thread handles supervisor dispatch.
2026-04-06 00:03:23 | INFO | bridge_app | Auto-split: detected small model 'ollama/qwen2.5-coder:7b' — enabling --auto-split-threshold 3 automatically. Tasks with 3+ files will be split into single-file sub-tasks. Pass --auto-split-threshold 0 to disable.
2026-04-06 00:03:23 | INFO | bridge_app | Git readiness — repo=yes, head=yes, branch=codex/react_electorn_ui, clean=no, staged=0, unstaged=2, untracked=16, next=continue
2026-04-06 00:03:23 | INFO | bridge_app | Added 7 bridge entries to D:\BridgeProjectExperiment\.gitignore: ['taskJsons/', '.aider.tags.cache.v4/', 'bridge_progress/', 'logs.meta', '.aider.input.history', '.aider.chat.history.md', 'bridge_progress.meta']
2026-04-06 00:03:23 | INFO | bridge_app | Git readiness — repo=yes, head=yes, branch=codex/react_electorn_ui, clean=no, staged=0, unstaged=3, untracked=16, next=continue
2026-04-06 00:03:23 | INFO | bridge_app | Pre-flight checks passed.
2026-04-06 00:03:23 | INFO | bridge_app | Rollback point: a35e50d2e0061ecb40404c2035b9391ba065ae54
2026-04-06 00:03:23 | INFO | bridge_app | If this run fails, undo all changes with:  git reset --hard a35e50d2e0061ecb40404c2035b9391ba065ae54
2026-04-06 00:03:23 | INFO | bridge_app | Project type (from saved knowledge): node
2026-04-06 00:03:23 | INFO | bridge_app | Project understanding ready: 8 docs, 75 files, confirmed=True
2026-04-06 00:03:23 | INFO | bridge_app | Project knowledge loaded: 75 files registered, 7 features done
2026-04-06 00:03:23 | INFO | bridge_app | Validator: project type set from knowledge: 'node' → 'unknown'
2026-04-06 00:03:23 | INFO | bridge_app | Loaded 10 task(s) from plan file
2026-04-06 00:03:23 | INFO | bridge_app | Plan hash: 2676280c12cb1c1f (10 tasks)
2026-04-06 00:03:23 | INFO | bridge_app | Running Aider connection test…
2026-04-06 00:03:23 | INFO | bridge_app | Task 0: estimated LLM generation ~60s (timeout=600s, diff format)
2026-04-06 00:03:24 | INFO | bridge_app | Edit format: whole (0 lines total — under 2000 threshold)
2026-04-06 00:03:26 | INFO | bridge_app | Task 0 [aider]: Can't initialize prompt toolkit: Found xterm-256color, while expecting a 
2026-04-06 00:03:26 | INFO | bridge_app | Task 0 [aider]: Windows console. Maybe try to run this program using "winpty" or run it in 
2026-04-06 00:03:26 | INFO | bridge_app | Task 0 [aider]: cmd.exe instead. Or otherwise, in case of Cygwin, use the Python executable 
2026-04-06 00:03:26 | INFO | bridge_app | Task 0 [aider]: that is compiled for Cygwin.
2026-04-06 00:03:30 | INFO | bridge_app | Task 0 [aider]: 
2026-04-06 00:03:30 | INFO | bridge_app | Task 0 [aider]: Aider v0.86.2
2026-04-06 00:03:30 | INFO | bridge_app | Task 0 [aider]: Model: ollama/qwen2.5-coder:7b with whole edit format
2026-04-06 00:03:30 | INFO | bridge_app | Task 0 [aider]: Git repo: .git with 485 files
2026-04-06 00:03:30 | INFO | bridge_app | Task 0 [aider]: Repo-map: using 1024 tokens, manual refresh
2026-04-06 00:03:30 | INFO | bridge_app | Task 0 [aider]: 
2026-04-06 00:03:31 | INFO | bridge_app | Task 0 [aider]: Initial repo scan can be slow in larger repos, but only happens once.
2026-04-06 00:03:42 | INFO | bridge_app | Task 0 [aider]: OK.
2026-04-06 00:03:42 | INFO | bridge_app | Task 0 [aider]: 
2026-04-06 00:03:42 | INFO | bridge_app | Task 0 [aider]: Tokens: 2.8k sent, 3 received.
2026-04-06 00:03:43 | WARNING | bridge_app | Task 0: model edited 3 out-of-scope file(s) — reverting: .gitignore, bridge_progress/project_knowledge.json, bridge_progress/project_snapshot.json
2026-04-06 00:03:43 | INFO | bridge_app | Aider connection test passed ✓
2026-04-06 00:03:43 | ERROR | bridge_app | Bridge run failed after 20.0s: cannot access local variable '_model_lock' where it is not associated with a value
Traceback (most recent call last):
  File "D:\Chitrang_ViitorCloud\R&D\codex-aider-bridge-app\main.py", line 2089, in main
    if task.model and not _model_lock and len(_installed_models) > 1:
                          ^^^^^^^^^^^
UnboundLocalError: cannot access local variable '_model_lock' where it is not associated with a value
2026-04-06 00:03:43 | WARNING | bridge_app | To undo all changes made during this run:  git reset --hard a35e50d2e0061ecb40404c2035b9391ba065ae54
2026-04-06 00:06:12 | INFO | bridge_app | Bridge starting — repo: D:\BridgeProjectExperiment
2026-04-06 00:06:12 | INFO | bridge_app | Bridge running in MANUAL-SUPERVISOR mode — review requests will be written to bridge_progress/manual_supervisor/ and the UI proxy thread handles supervisor dispatch.
2026-04-06 00:06:12 | INFO | bridge_app | Auto-split: detected small model 'ollama/qwen2.5-coder:7b' — enabling --auto-split-threshold 3 automatically. Tasks with 3+ files will be split into single-file sub-tasks. Pass --auto-split-threshold 0 to disable.
2026-04-06 00:06:12 | INFO | bridge_app | Git readiness — repo=yes, head=yes, branch=codex/react_electorn_ui, clean=no, staged=0, unstaged=2, untracked=16, next=continue
2026-04-06 00:06:12 | INFO | bridge_app | Added 7 bridge entries to D:\BridgeProjectExperiment\.gitignore: ['taskJsons/', '.aider.tags.cache.v4/', 'bridge_progress/', 'logs.meta', '.aider.input.history', '.aider.chat.history.md', 'bridge_progress.meta']
2026-04-06 00:06:12 | INFO | bridge_app | Git readiness — repo=yes, head=yes, branch=codex/react_electorn_ui, clean=no, staged=0, unstaged=3, untracked=16, next=continue
2026-04-06 00:06:12 | INFO | bridge_app | Pre-flight checks passed.
2026-04-06 00:06:12 | INFO | bridge_app | Rollback point: a35e50d2e0061ecb40404c2035b9391ba065ae54
2026-04-06 00:06:12 | INFO | bridge_app | If this run fails, undo all changes with:  git reset --hard a35e50d2e0061ecb40404c2035b9391ba065ae54
2026-04-06 00:06:12 | INFO | bridge_app | Project type (from saved knowledge): node
2026-04-06 00:06:12 | INFO | bridge_app | Project understanding ready: 8 docs, 75 files, confirmed=True
2026-04-06 00:06:12 | INFO | bridge_app | Project knowledge loaded: 75 files registered, 7 features done
2026-04-06 00:06:12 | INFO | bridge_app | Validator: project type set from knowledge: 'node' → 'unknown'
2026-04-06 00:06:12 | INFO | bridge_app | Model routing: 2 coding model(s) installed: ollama/qwen2.5-coder:14b, ollama/qwen2.5-coder:7b
2026-04-06 00:06:12 | INFO | bridge_app | Loaded 10 task(s) from plan file
2026-04-06 00:06:12 | INFO | bridge_app | Plan hash: 2676280c12cb1c1f (10 tasks)
2026-04-06 00:06:12 | INFO | bridge_app | Running Aider connection test…
2026-04-06 00:06:12 | INFO | bridge_app | Task 0: estimated LLM generation ~60s (timeout=600s, diff format)
2026-04-06 00:06:12 | INFO | bridge_app | Edit format: whole (0 lines total — under 2000 threshold)
2026-04-06 00:06:14 | INFO | bridge_app | Task 0 [aider]: Can't initialize prompt toolkit: Found xterm-256color, while expecting a 
2026-04-06 00:06:14 | INFO | bridge_app | Task 0 [aider]: Windows console. Maybe try to run this program using "winpty" or run it in 
2026-04-06 00:06:14 | INFO | bridge_app | Task 0 [aider]: cmd.exe instead. Or otherwise, in case of Cygwin, use the Python executable 
2026-04-06 00:06:14 | INFO | bridge_app | Task 0 [aider]: that is compiled for Cygwin.
2026-04-06 00:06:19 | INFO | bridge_app | Task 0 [aider]: 
2026-04-06 00:06:19 | INFO | bridge_app | Task 0 [aider]: Aider v0.86.2
2026-04-06 00:06:19 | INFO | bridge_app | Task 0 [aider]: Model: ollama/qwen2.5-coder:7b with whole edit format
2026-04-06 00:06:19 | INFO | bridge_app | Task 0 [aider]: Git repo: .git with 485 files
2026-04-06 00:06:19 | INFO | bridge_app | Task 0 [aider]: Repo-map: using 1024 tokens, manual refresh
2026-04-06 00:06:19 | INFO | bridge_app | Task 0 [aider]: 
2026-04-06 00:06:29 | INFO | bridge_app | Task 0 [aider]: OK.
2026-04-06 00:06:29 | INFO | bridge_app | Task 0 [aider]: 
2026-04-06 00:06:29 | INFO | bridge_app | Task 0 [aider]: Tokens: 2.8k sent, 3 received.
2026-04-06 00:06:29 | WARNING | bridge_app | Task 0: model edited 3 out-of-scope file(s) — reverting: .gitignore, bridge_progress/project_knowledge.json, bridge_progress/project_snapshot.json
2026-04-06 00:06:30 | INFO | bridge_app | Aider connection test passed ✓
2026-04-06 00:06:30 | INFO | bridge_app | Task 1: using model ollama/qwen2.5-coder:7b (supervisor pick)
2026-04-06 00:06:30 | INFO | bridge_app | Task 1 — attempt 1/4 — files: app/Upload.jsx
2026-04-06 00:06:30 | INFO | bridge_app | Task 1: model override → ollama/qwen2.5-coder:7b (default: ollama/qwen2.5-coder:7b)
2026-04-06 00:06:30 | INFO | bridge_app | Task 1: estimated LLM generation ~79s (timeout=600s, diff format)
2026-04-06 00:06:30 | INFO | bridge_app | Edit format: whole (172 lines total — under 2000 threshold)
2026-04-06 00:06:32 | INFO | bridge_app | Task 1 [aider]: Can't initialize prompt toolkit: Found xterm-256color, while expecting a 
2026-04-06 00:06:32 | INFO | bridge_app | Task 1 [aider]: Windows console. Maybe try to run this program using "winpty" or run it in 
2026-04-06 00:06:32 | INFO | bridge_app | Task 1 [aider]: cmd.exe instead. Or otherwise, in case of Cygwin, use the Python executable 
2026-04-06 00:06:32 | INFO | bridge_app | Task 1 [aider]: that is compiled for Cygwin.
2026-04-06 00:06:36 | INFO | bridge_app | Task 1 [aider]: 
2026-04-06 00:06:36 | INFO | bridge_app | Task 1 [aider]: Aider v0.86.2
2026-04-06 00:06:36 | INFO | bridge_app | Task 1 [aider]: Model: ollama/qwen2.5-coder:7b with whole edit format
2026-04-06 00:06:36 | INFO | bridge_app | Task 1 [aider]: Git repo: .git with 485 files
2026-04-06 00:06:36 | INFO | bridge_app | Task 1 [aider]: Repo-map: using 1024 tokens, manual refresh
2026-04-06 00:06:36 | INFO | bridge_app | Task 1 [aider]: Added app\Upload.jsx to the chat.
2026-04-06 00:06:36 | INFO | bridge_app | Task 1 [aider]: 
2026-04-06 00:07:19 | INFO | bridge_app | Task 1 [aider]: app\Upload.jsx
2026-04-06 00:07:19 | INFO | bridge_app | Task 1 [aider]: 
2026-04-06 00:07:19 | INFO | bridge_app | Task 1 [aider]: ```diff
2026-04-06 00:07:19 | INFO | bridge_app | Task 1 [aider]: @@ -157,10 +157,93 @@
2026-04-06 00:07:19 | INFO | bridge_app | Task 1 [aider]:                                  />
2026-04-06 00:07:19 | INFO | bridge_app | Task 1 [aider]:                              );
2026-04-06 00:07:19 | INFO | bridge_app | Task 1 [aider]:                          })}
2026-04-06 00:07:19 | INFO | bridge_app | Task 1 [aider]:                      </div>
2026-04-06 00:07:19 | INFO | bridge_app | Task 1 [aider]:                  </div>
2026-04-06 00:07:19 | INFO | bridge_app | Task 1 [aider]: +
2026-04-06 00:07:19 | INFO | bridge_app | Task 1 [aider]: +                <div className="upload-panel">
2026-04-06 00:07:19 | INFO | bridge_app | Task 1 [aider]: +                    <h2 className="upload-panel-title">Advanced Options</h2>
2026-04-06 00:07:19 | INFO | bridge_app | Task 1 [aider]: +                    <div style={{ display: 'flex', alignItems: 'center', 
2026-04-06 00:07:19 | INFO | bridge_app | Task 1 [aider]: justifyContent: 'space-between', padding: '8px 0' }}>
2026-04-06 00:07:19 | INFO | bridge_app | Task 1 [aider]: +                        <label style={{ fontSize: '14px' }}>Max Videos</label>
2026-04-06 00:07:19 | INFO | bridge_app | Task 1 [aider]: +                        <input
2026-04-06 00:07:19 | INFO | bridge_app | Task 1 [aider]: +                            type="number"
2026-04-06 00:07:19 | INFO | bridge_app | Task 1 [aider]: +                            min={1}
2026-04-06 00:07:19 | INFO | bridge_app | Task 1 [aider]: +                            max={50}
2026-04-06 00:07:19 | INFO | bridge_app | Task 1 [aider]: +                            value={options.maxVideos || 1}
2026-04-06 00:07:19 | INFO | bridge_app | Task 1 [aider]: +                            onChange={(e) => setUploadOption('maxVideos', 
2026-04-06 00:07:19 | INFO | bridge_app | Task 1 [aider]: parseInt(e.target.value) || 1)}
2026-04-06 00:07:19 | INFO | bridge_app | Task 1 [aider]: +                            style={{
2026-04-06 00:07:19 | INFO | bridge_app | Task 1 [aider]: +                                width: '160px',
2026-04-06 00:07:19 | INFO | bridge_app | Task 1 [aider]: +                                backgroundColor: '#1a1a2e',
2026-04-06 00:07:19 | INFO | bridge_app | Task 1 [aider]: +                                border: '1px solid #444',
2026-04-06 00:07:19 | INFO | bridge_app | Task 1 [aider]: +                                color: '#fff',
2026-04-06 00:07:19 | INFO | bridge_app | Task 1 [aider]: +                                borderRadius: '4px',
2026-04-06 00:07:19 | INFO | bridge_app | Task 1 [aider]: +                                padding: '4px 8px'
2026-04-06 00:07:19 | INFO | bridge_app | Task 1 [aider]: +                            }}
2026-04-06 00:07:19 | INFO | bridge_app | Task 1 [aider]: +                        />
2026-04-06 00:07:19 | INFO | bridge_app | Task 1 [aider]: +                    </div>
2026-04-06 00:07:19 | INFO | bridge_app | Task 1 [aider]: +                    <div style={{ display: 'flex', alignItems: 'center', 
2026-04-06 00:07:19 | INFO | bridge_app | Task 1 [aider]: justifyContent: 'space-between', padding: '8px 0' }}>
2026-04-06 00:07:19 | INFO | bridge_app | Task 1 [aider]: +                        <label style={{ fontSize: '14px' }}>Videos 
2026-04-06 00:07:19 | INFO | bridge_app | Task 1 [aider]: Root</label>
2026-04-06 00:07:19 | INFO | bridge_app | Task 1 [aider]: +                        <input
2026-04-06 00:07:19 | INFO | bridge_app | Task 1 [aider]: +                            type="text"
2026-04-06 00:07:19 | INFO | bridge_app | Task 1 [aider]: +                            value={options.videosRoot || ''}
2026-04-06 00:07:19 | INFO | bridge_app | Task 1 [aider]: +                            onChange={(e) => setUploadOption('videosRoot', 
2026-04-06 00:07:19 | INFO | bridge_app | Task 1 [aider]: e.target.value)}
2026-04-06 00:07:19 | INFO | bridge_app | Task 1 [aider]: +                            style={{
2026-04-06 00:07:19 | INFO | bridge_app | Task 1 [aider]: +                                width: '160px',
2026-04-06 00:07:19 | INFO | bridge_app | Task 1 [aider]: +                                backgroundColor: '#1a1a2e',
2026-04-06 00:07:19 | INFO | bridge_app | Task 1 [aider]: +                                border: '1px solid #444',
2026-04-06 00:07:19 | INFO | bridge_app | Task 1 [aider]: +                                color: '#fff',
2026-04-06 00:07:19 | INFO | bridge_app | Task 1 [aider]: +                                borderRadius: '4px',
2026-04-06 00:07:19 | INFO | bridge_app | Task 1 [aider]: +                                padding: '4px 8px'
2026-04-06 00:07:19 | INFO | bridge_app | Task 1 [aider]: +                            }}
2026-04-06 00:07:19 | INFO | bridge_app | Task 1 [aider]: +                        />
2026-04-06 00:07:19 | INFO | bridge_app | Task 1 [aider]: +                    </div>
2026-04-06 00:07:19 | INFO | bridge_app | Task 1 [aider]: +                    <div style={{ display: 'flex', alignItems: 'center', 
2026-04-06 00:07:19 | INFO | bridge_app | Task 1 [aider]: justifyContent: 'space-between', padding: '8px 0' }}>
2026-04-06 00:07:19 | INFO | bridge_app | Task 1 [aider]: +                        <label style={{ fontSize: '14px' }}>Privacy</label>
2026-04-06 00:07:19 | INFO | bridge_app | Task 1 [aider]: +                        <select
2026-04-06 00:07:19 | INFO | bridge_app | Task 1 [aider]: +                            value={options.privacy || ''}
2026-04-06 00:07:19 | INFO | bridge_app | Task 1 [aider]: +                            onChange={(e) => setUploadOption('privacy', 
2026-04-06 00:07:19 | INFO | bridge_app | Task 1 [aider]: e.target.value)}
2026-04-06 00:07:19 | INFO | bridge_app | Task 1 [aider]: +                            style={{
2026-04-06 00:07:19 | INFO | bridge_app | Task 1 [aider]: +                                width: '160px',
2026-04-06 00:07:19 | INFO | bridge_app | Task 1 [aider]: +                                backgroundColor: '#1a1a2e',
2026-04-06 00:07:19 | INFO | bridge_app | Task 1 [aider]: +                                border: '1px solid #444',
2026-04-06 00:07:19 | INFO | bridge_app | Task 1 [aider]: +                                color: '#fff',
2026-04-06 00:07:19 | INFO | bridge_app | Task 1 [aider]: +                                borderRadius: '4px',
2026-04-06 00:07:19 | INFO | bridge_app | Task 1 [aider]: +                                padding: '4px 8px'
2026-04-06 00:07:19 | INFO | bridge_app | Task 1 [aider]: +                            }}
2026-04-06 00:07:19 | INFO | bridge_app | Task 1 [aider]: +                        >
2026-04-06 00:07:19 | INFO | bridge_app | Task 1 [aider]: +                            <option value="">Default</option>
2026-04-06 00:07:19 | INFO | bridge_app | Task 1 [aider]: +                            <option value="private">Private</option>
2026-04-06 00:07:19 | INFO | bridge_app | Task 1 [aider]: +                            <option value="unlisted">Unlisted</option>
2026-04-06 00:07:19 | INFO | bridge_app | Task 1 [aider]: +                            <option value="public">Public</option>
2026-04-06 00:07:19 | INFO | bridge_app | Task 1 [aider]: +                        </select>
2026-04-06 00:07:19 | INFO | bridge_app | Task 1 [aider]: +                    </div>
2026-04-06 00:07:19 | INFO | bridge_app | Task 1 [aider]: +                    <div style={{ display: 'flex', alignItems: 'center', 
2026-04-06 00:07:19 | INFO | bridge_app | Task 1 [aider]: justifyContent: 'space-between', padding: '8px 0' }}>
2026-04-06 00:07:19 | INFO | bridge_app | Task 1 [aider]: +                        <label style={{ fontSize: '14px' }}>Playlist 
2026-04-06 00:07:19 | INFO | bridge_app | Task 1 [aider]: Name</label>
2026-04-06 00:07:19 | INFO | bridge_app | Task 1 [aider]: +                        <input
2026-04-06 00:07:19 | INFO | bridge_app | Task 1 [aider]: +                            type="text"
2026-04-06 00:07:19 | INFO | bridge_app | Task 1 [aider]: +                            value={options.playlistName || ''}
2026-04-06 00:07:19 | INFO | bridge_app | Task 1 [aider]: +                            onChange={(e) => setUploadOption('playlistName', 
2026-04-06 00:07:19 | INFO | bridge_app | Task 1 [aider]: e.target.value)}
2026-04-06 00:07:19 | INFO | bridge_app | Task 1 [aider]: +                            style={{
2026-04-06 00:07:19 | INFO | bridge_app | Task 1 [aider]: +                                width: '160px',
2026-04-06 00:07:19 | INFO | bridge_app | Task 1 [aider]: +                                backgroundColor: '#1a1a2e',
2026-04-06 00:07:19 | INFO | bridge_app | Task 1 [aider]: +                                border: '1px solid #444',
2026-04-06 00:07:19 | INFO | bridge_app | Task 1 [aider]: +                                color: '#fff',
2026-04-06 00:07:19 | INFO | bridge_app | Task 1 [aider]: +                                borderRadius: '4px',
2026-04-06 00:07:19 | INFO | bridge_app | Task 1 [aider]: +                                padding: '4px 8px'
2026-04-06 00:07:19 | INFO | bridge_app | Task 1 [aider]: +                            }}
2026-04-06 00:07:19 | INFO | bridge_app | Task 1 [aider]: +                        />
2026-04-06 00:07:19 | INFO | bridge_app | Task 1 [aider]: +                    </div>
2026-04-06 00:07:19 | INFO | bridge_app | Task 1 [aider]: +                    <div style={{ display: 'flex', alignItems: 'center', 
2026-04-06 00:07:19 | INFO | bridge_app | Task 1 [aider]: justifyContent: 'space-between', padding: '8px 0' }}>
2026-04-06 00:07:19 | INFO | bridge_app | Task 1 [aider]: +                        <label style={{ fontSize: '14px' }}>Dry Run</label>
2026-04-06 00:07:19 | INFO | bridge_app | Task 1 [aider]: +                        <ToggleSwitch
2026-04-06 00:07:19 | INFO | bridge_app | Task 1 [aider]: +                            label="Dry Run"
2026-04-06 00:07:19 | INFO | bridge_app | Task 1 [aider]: +                            checked={options.dryRun}
2026-04-06 00:07:19 | INFO | bridge_app | Task 1 [aider]: +                            onChange={(nextValue) => setUploadOption('dryRun',
2026-04-06 00:07:19 | INFO | bridge_app | Task 1 [aider]: nextValue)}
2026-04-06 00:07:19 | INFO | bridge_app | Task 1 [aider]: +                        />
2026-04-06 00:07:19 | INFO | bridge_app | Task 1 [aider]: +                    </div>
2026-04-06 00:07:19 | INFO | bridge_app | Task 1 [aider]: +                </div>
2026-04-06 00:07:19 | INFO | bridge_app | Task 1 [aider]: +
2026-04-06 00:07:19 | INFO | bridge_app | Task 1 [aider]:              </div>
2026-04-06 00:07:19 | INFO | bridge_app | Task 1 [aider]:  
2026-04-06 00:07:19 | INFO | bridge_app | Task 1 [aider]:              <div className="upload-panel">
2026-04-06 00:07:19 | INFO | bridge_app | Task 1 [aider]:                  <h2 className="upload-panel-title">CLI Preview</h2>
2026-04-06 00:07:19 | INFO | bridge_app | Task 1 [aider]:                  <pre 
2026-04-06 00:07:19 | INFO | bridge_app | Task 1 [aider]: className="upload-cli-preview">{uploadStatus.commandPreview || 
2026-04-06 00:07:19 | INFO | bridge_app | Task 1 [aider]: cliPreview}</pre>
2026-04-06 00:07:19 | INFO | bridge_app | Task 1 [aider]: ```
2026-04-06 00:07:19 | INFO | bridge_app | Task 1 [aider]: 
2026-04-06 00:07:19 | INFO | bridge_app | Task 1 [aider]: 
2026-04-06 00:07:19 | INFO | bridge_app | Task 1 [aider]: Tokens: 3.3k sent, 1.8k received.
2026-04-06 00:07:19 | INFO | bridge_app | Task 1 [aider]: 
2026-04-06 00:07:19 | INFO | bridge_app | Task 1 [aider]: metaBatchReelsUpload.py
2026-04-06 00:07:19 | INFO | bridge_app | Task 1 [aider]: 
2026-04-06 00:07:19 | INFO | bridge_app | Task 1 [aider]: youtubeBatchUpload.py
2026-04-06 00:07:49 | INFO | bridge_app | Task 1 [aider]: No other files need to be added for this task. The changes will only affect 
2026-04-06 00:07:49 | INFO | bridge_app | Task 1 [aider]: `app\Upload.jsx`.
2026-04-06 00:07:49 | INFO | bridge_app | Task 1 [aider]: 
2026-04-06 00:07:49 | INFO | bridge_app | Task 1 [aider]: Tokens: 31k sent, 23 received.
2026-04-06 00:07:49 | WARNING | bridge_app | Task 1: Aider exited 0 but these file(s) are unchanged: Upload.jsx
2026-04-06 00:07:49 | WARNING | bridge_app | Task 1: Aider failed (exit 0): Aider exit code 0: Aider reported success but did not modify: Upload.jsx. Implement the task completely — do not skip or stub.
2026-04-06 00:07:49 | INFO | bridge_app | Task 1: backing off 1s before retry 2 (skipping review — no useful output)
2026-04-06 00:07:50 | INFO | bridge_app | Task 1 — attempt 2/4 — files: app/Upload.jsx
2026-04-06 00:07:50 | INFO | bridge_app | Task 1: model override → ollama/qwen2.5-coder:7b (default: ollama/qwen2.5-coder:7b)
2026-04-06 00:07:50 | INFO | bridge_app | Task 1: estimated LLM generation ~79s (timeout=600s, diff format)
2026-04-06 00:07:50 | INFO | bridge_app | Edit format: whole (172 lines total — under 2000 threshold)
2026-04-06 00:07:52 | INFO | bridge_app | Task 1 [aider]: Can't initialize prompt toolkit: Found xterm-256color, while expecting a 
2026-04-06 00:07:52 | INFO | bridge_app | Task 1 [aider]: Windows console. Maybe try to run this program using "winpty" or run it in 
2026-04-06 00:07:52 | INFO | bridge_app | Task 1 [aider]: cmd.exe instead. Or otherwise, in case of Cygwin, use the Python executable 
2026-04-06 00:07:52 | INFO | bridge_app | Task 1 [aider]: that is compiled for Cygwin.
2026-04-06 00:07:57 | INFO | bridge_app | Task 1 [aider]: 
2026-04-06 00:07:57 | INFO | bridge_app | Task 1 [aider]: Aider v0.86.2
2026-04-06 00:07:57 | INFO | bridge_app | Task 1 [aider]: Model: ollama/qwen2.5-coder:7b with whole edit format
2026-04-06 00:07:57 | INFO | bridge_app | Task 1 [aider]: Git repo: .git with 485 files
2026-04-06 00:07:57 | INFO | bridge_app | Task 1 [aider]: Repo-map: using 1024 tokens, manual refresh
2026-04-06 00:07:57 | INFO | bridge_app | Task 1 [aider]: Added app\Upload.jsx to the chat.
2026-04-06 00:07:57 | INFO | bridge_app | Task 1 [aider]: 
2026-04-06 00:08:41 | INFO | bridge_app | Task 1 [aider]: app\Upload.jsx
2026-04-06 00:08:41 | INFO | bridge_app | Task 1 [aider]: 
2026-04-06 00:08:41 | INFO | bridge_app | Task 1 [aider]: ```diff
2026-04-06 00:08:41 | INFO | bridge_app | Task 1 [aider]: @@ -157,10 +157,108 @@
2026-04-06 00:08:41 | INFO | bridge_app | Task 1 [aider]:                                  />
2026-04-06 00:08:41 | INFO | bridge_app | Task 1 [aider]:                              );
2026-04-06 00:08:41 | INFO | bridge_app | Task 1 [aider]:                          })}
2026-04-06 00:08:41 | INFO | bridge_app | Task 1 [aider]:                      </div>
2026-04-06 00:08:41 | INFO | bridge_app | Task 1 [aider]:                  </div>
2026-04-06 00:08:41 | INFO | bridge_app | Task 1 [aider]: +
2026-04-06 00:08:41 | INFO | bridge_app | Task 1 [aider]: +                <div className="upload-panel">
2026-04-06 00:08:41 | INFO | bridge_app | Task 1 [aider]: +                    <h2 className="upload-panel-title">Max Videos</h2>
2026-04-06 00:08:41 | INFO | bridge_app | Task 1 [aider]: +                    <div style={{ display: 'flex', alignItems: 'center', 
2026-04-06 00:08:41 | INFO | bridge_app | Task 1 [aider]: justifyContent: 'space-between', padding: '8px 0' }}>
2026-04-06 00:08:41 | INFO | bridge_app | Task 1 [aider]: +                        <label style={{ fontSize: '14px' }}>Max Videos</label>
2026-04-06 00:08:41 | INFO | bridge_app | Task 1 [aider]: +                        <input
2026-04-06 00:08:41 | INFO | bridge_app | Task 1 [aider]: +                            type="number"
2026-04-06 00:08:41 | INFO | bridge_app | Task 1 [aider]: +                            min={1}
2026-04-06 00:08:41 | INFO | bridge_app | Task 1 [aider]: +                            max={50}
2026-04-06 00:08:41 | INFO | bridge_app | Task 1 [aider]: +                            value={options.maxVideos || 1}
2026-04-06 00:08:41 | INFO | bridge_app | Task 1 [aider]: +                            onChange={(e) => setUploadOption('maxVideos', 
2026-04-06 00:08:41 | INFO | bridge_app | Task 1 [aider]: parseInt(e.target.value) || 1)}
2026-04-06 00:08:41 | INFO | bridge_app | Task 1 [aider]: +                            style={{
2026-04-06 00:08:41 | INFO | bridge_app | Task 1 [aider]: +                                width: '160px',
2026-04-06 00:08:41 | INFO | bridge_app | Task 1 [aider]: +                                backgroundColor: '#1a1a2e',
2026-04-06 00:08:41 | INFO | bridge_app | Task 1 [aider]: +                                border: '1px solid #444',
2026-04-06 00:08:41 | INFO | bridge_app | Task 1 [aider]: +                                color: '#fff',
2026-04-06 00:08:41 | INFO | bridge_app | Task 1 [aider]: +                                borderRadius: '4px',
2026-04-06 00:08:41 | INFO | bridge_app | Task 1 [aider]: +                                padding: '4px 8px'
2026-04-06 00:08:41 | INFO | bridge_app | Task 1 [aider]: +                            }}
2026-04-06 00:08:41 | INFO | bridge_app | Task 1 [aider]: +                        />
2026-04-06 00:08:41 | INFO | bridge_app | Task 1 [aider]: +                    </div>
2026-04-06 00:08:41 | INFO | bridge_app | Task 1 [aider]: +                </div>
2026-04-06 00:08:41 | INFO | bridge_app | Task 1 [aider]: +
2026-04-06 00:08:41 | INFO | bridge_app | Task 1 [aider]: +                <div className="upload-panel">
2026-04-06 00:08:41 | INFO | bridge_app | Task 1 [aider]: +                    <h2 className="upload-panel-title">Videos Root</h2>
2026-04-06 00:08:41 | INFO | bridge_app | Task 1 [aider]: +                    <div style={{ display: 'flex', alignItems: 'center', 
2026-04-06 00:08:41 | INFO | bridge_app | Task 1 [aider]: justifyContent: 'space-between', padding: '8px 0' }}>
2026-04-06 00:08:41 | INFO | bridge_app | Task 1 [aider]: +                        <label style={{ fontSize: '14px' }}>Videos 
2026-04-06 00:08:41 | INFO | bridge_app | Task 1 [aider]: Root</label>
2026-04-06 00:08:41 | INFO | bridge_app | Task 1 [aider]: +                        <input
2026-04-06 00:08:41 | INFO | bridge_app | Task 1 [aider]: +                            type="text"
2026-04-06 00:08:41 | INFO | bridge_app | Task 1 [aider]: +                            value={options.videosRoot || ''}
2026-04-06 00:08:41 | INFO | bridge_app | Task 1 [aider]: +                            onChange={(e) => setUploadOption('videosRoot', 
2026-04-06 00:08:41 | INFO | bridge_app | Task 1 [aider]: e.target.value)}
2026-04-06 00:08:41 | INFO | bridge_app | Task 1 [aider]: +                            style={{
2026-04-06 00:08:41 | INFO | bridge_app | Task 1 [aider]: +                                width: '160px',
2026-04-06 00:08:41 | INFO | bridge_app | Task 1 [aider]: +                                backgroundColor: '#1a1a2e',
2026-04-06 00:08:41 | INFO | bridge_app | Task 1 [aider]: +                                border: '1px solid #444',
2026-04-06 00:08:41 | INFO | bridge_app | Task 1 [aider]: +                                color: '#fff',
2026-04-06 00:08:41 | INFO | bridge_app | Task 1 [aider]: +                                borderRadius: '4px',
2026-04-06 00:08:41 | INFO | bridge_app | Task 1 [aider]: +                                padding: '4px 8px'
2026-04-06 00:08:41 | INFO | bridge_app | Task 1 [aider]: +                            }}
2026-04-06 00:08:41 | INFO | bridge_app | Task 1 [aider]: +                        />
2026-04-06 00:08:41 | INFO | bridge_app | Task 1 [aider]: +                    </div>
2026-04-06 00:08:41 | INFO | bridge_app | Task 1 [aider]: +                </div>
2026-04-06 00:08:41 | INFO | bridge_app | Task 1 [aider]: +
2026-04-06 00:08:41 | INFO | bridge_app | Task 1 [aider]: +                <div className="upload-panel">
2026-04-06 00:08:41 | INFO | bridge_app | Task 1 [aider]: +                    <h2 className="upload-panel-title">Privacy</h2>
2026-04-06 00:08:41 | INFO | bridge_app | Task 1 [aider]: +                    <div style={{ display: 'flex', alignItems: 'center', 
2026-04-06 00:08:41 | INFO | bridge_app | Task 1 [aider]: justifyContent: 'space-between', padding: '8px 0' }}>
2026-04-06 00:08:41 | INFO | bridge_app | Task 1 [aider]: +                        <label style={{ fontSize: '14px' }}>Privacy</label>
2026-04-06 00:08:41 | INFO | bridge_app | Task 1 [aider]: +                        <select
2026-04-06 00:08:41 | INFO | bridge_app | Task 1 [aider]: +                            value={options.privacy || ''}
2026-04-06 00:08:41 | INFO | bridge_app | Task 1 [aider]: +                            onChange={(e) => setUploadOption('privacy', 
2026-04-06 00:08:41 | INFO | bridge_app | Task 1 [aider]: e.target.value)}
2026-04-06 00:08:41 | INFO | bridge_app | Task 1 [aider]: +                            style={{
2026-04-06 00:08:41 | INFO | bridge_app | Task 1 [aider]: +                                width: '160px',
2026-04-06 00:08:41 | INFO | bridge_app | Task 1 [aider]: +                                backgroundColor: '#1a1a2e',
2026-04-06 00:08:41 | INFO | bridge_app | Task 1 [aider]: +                                border: '1px solid #444',
2026-04-06 00:08:41 | INFO | bridge_app | Task 1 [aider]: +                                color: '#fff',
2026-04-06 00:08:41 | INFO | bridge_app | Task 1 [aider]: +                                borderRadius: '4px',
2026-04-06 00:08:41 | INFO | bridge_app | Task 1 [aider]: +                                padding: '4px 8px'
2026-04-06 00:08:41 | INFO | bridge_app | Task 1 [aider]: +                            }}
2026-04-06 00:08:41 | INFO | bridge_app | Task 1 [aider]: +                        >
2026-04-06 00:08:41 | INFO | bridge_app | Task 1 [aider]: +                            <option value="">Default</option>
2026-04-06 00:08:41 | INFO | bridge_app | Task 1 [aider]: +                            <option value="private">Private</option>
2026-04-06 00:08:41 | INFO | bridge_app | Task 1 [aider]: +                            <option value="unlisted">Unlisted</option>
2026-04-06 00:08:41 | INFO | bridge_app | Task 1 [aider]: +                            <option value="public">Public</option>
2026-04-06 00:08:41 | INFO | bridge_app | Task 1 [aider]: +                        </select>
2026-04-06 00:08:41 | INFO | bridge_app | Task 1 [aider]: +                    </div>
2026-04-06 00:08:41 | INFO | bridge_app | Task 1 [aider]: +                </div>
2026-04-06 00:08:41 | INFO | bridge_app | Task 1 [aider]: +
2026-04-06 00:08:41 | INFO | bridge_app | Task 1 [aider]: +                <div className="upload-panel">
2026-04-06 00:08:41 | INFO | bridge_app | Task 1 [aider]: +                    <h2 className="upload-panel-title">Playlist Name</h2>
2026-04-06 00:08:41 | INFO | bridge_app | Task 1 [aider]: +                    <div style={{ display: 'flex', alignItems: 'center', 
2026-04-06 00:08:41 | INFO | bridge_app | Task 1 [aider]: justifyContent: 'space-between', padding: '8px 0' }}>
2026-04-06 00:08:41 | INFO | bridge_app | Task 1 [aider]: +                        <label style={{ fontSize: '14px' }}>Playlist 
2026-04-06 00:08:41 | INFO | bridge_app | Task 1 [aider]: Name</label>
2026-04-06 00:08:41 | INFO | bridge_app | Task 1 [aider]: +                        <input
2026-04-06 00:08:41 | INFO | bridge_app | Task 1 [aider]: +                            type="text"
2026-04-06 00:08:41 | INFO | bridge_app | Task 1 [aider]: +                            value={options.playlistName || ''}
2026-04-06 00:08:41 | INFO | bridge_app | Task 1 [aider]: +                            onChange={(e) => setUploadOption('playlistName', 
2026-04-06 00:08:41 | INFO | bridge_app | Task 1 [aider]: e.target.value)}
2026-04-06 00:08:41 | INFO | bridge_app | Task 1 [aider]: +                            style={{
2026-04-06 00:08:41 | INFO | bridge_app | Task 1 [aider]: +                                width: '160px',
2026-04-06 00:08:41 | INFO | bridge_app | Task 1 [aider]: +                                backgroundColor: '#1a1a2e',
2026-04-06 00:08:41 | INFO | bridge_app | Task 1 [aider]: +                                border: '1px solid #444',
2026-04-06 00:08:41 | INFO | bridge_app | Task 1 [aider]: +                                color: '#fff',
2026-04-06 00:08:41 | INFO | bridge_app | Task 1 [aider]: +                                borderRadius: '4px',
2026-04-06 00:08:41 | INFO | bridge_app | Task 1 [aider]: +                                padding: '4px 8px'
2026-04-06 00:08:41 | INFO | bridge_app | Task 1 [aider]: +                            }}
2026-04-06 00:08:41 | INFO | bridge_app | Task 1 [aider]: +                        />
2026-04-06 00:08:41 | INFO | bridge_app | Task 1 [aider]: +                    </div>
2026-04-06 00:08:41 | INFO | bridge_app | Task 1 [aider]: +                </div>
2026-04-06 00:08:41 | INFO | bridge_app | Task 1 [aider]: +
2026-04-06 00:08:41 | INFO | bridge_app | Task 1 [aider]: +                <div className="upload-panel">
2026-04-06 00:08:41 | INFO | bridge_app | Task 1 [aider]: +                    <h2 className="upload-panel-title">Dry Run</h2>
2026-04-06 00:08:41 | INFO | bridge_app | Task 1 [aider]: +                    <div style={{ display: 'flex', alignItems: 'center', 
2026-04-06 00:08:41 | INFO | bridge_app | Task 1 [aider]: justifyContent: 'space-between', padding: '8px 0' }}>
2026-04-06 00:08:41 | INFO | bridge_app | Task 1 [aider]: +                        <label style={{ fontSize: '14px' }}>Dry Run</label>
2026-04-06 00:08:41 | INFO | bridge_app | Task 1 [aider]: +                        <ToggleSwitch
2026-04-06 00:08:41 | INFO | bridge_app | Task 1 [aider]: +                            label="Dry Run"
2026-04-06 00:08:41 | INFO | bridge_app | Task 1 [aider]: +                            checked={options.dryRun}
2026-04-06 00:08:41 | INFO | bridge_app | Task 1 [aider]: +                            onChange={(nextValue) => setUploadOption('dryRun',
2026-04-06 00:08:41 | INFO | bridge_app | Task 1 [aider]: nextValue)}
2026-04-06 00:08:41 | INFO | bridge_app | Task 1 [aider]: +                        />
2026-04-06 00:08:41 | INFO | bridge_app | Task 1 [aider]: +                    </div>
2026-04-06 00:08:41 | INFO | bridge_app | Task 1 [aider]: +                </div>
2026-04-06 00:08:41 | INFO | bridge_app | Task 1 [aider]:              </div>
2026-04-06 00:08:41 | INFO | bridge_app | Task 1 [aider]:  
2026-04-06 00:08:41 | INFO | bridge_app | Task 1 [aider]:              <div className="upload-panel">
2026-04-06 00:08:41 | INFO | bridge_app | Task 1 [aider]:                  <h2 className="upload-panel-title">CLI Preview</h2>
2026-04-06 00:08:41 | INFO | bridge_app | Task 1 [aider]:                  <pre 
2026-04-06 00:08:41 | INFO | bridge_app | Task 1 [aider]: className="upload-cli-preview">{uploadStatus.commandPreview || 
2026-04-06 00:08:41 | INFO | bridge_app | Task 1 [aider]: cliPreview}</pre>
2026-04-06 00:08:41 | INFO | bridge_app | Task 1 [aider]: ```
2026-04-06 00:08:41 | INFO | bridge_app | Task 1 [aider]: 
2026-04-06 00:08:41 | INFO | bridge_app | Task 1 [aider]: 
2026-04-06 00:08:41 | INFO | bridge_app | Task 1 [aider]: Tokens: 3.2k sent, 2.0k received.
2026-04-06 00:08:42 | INFO | bridge_app | Task 1 [aider]: 
2026-04-06 00:08:42 | INFO | bridge_app | Task 1 [aider]: metaBatchReelsUpload.py
2026-04-06 00:08:42 | INFO | bridge_app | Task 1 [aider]: 
2026-04-06 00:08:42 | INFO | bridge_app | Task 1 [aider]: youtubeBatchUpload.py
2026-04-06 00:09:12 | INFO | bridge_app | Task 1 [aider]: No other files need to be added for the changes requested. The provided files 
2026-04-06 00:09:12 | INFO | bridge_app | Task 1 [aider]: (`metaBatchReelsUpload.py`, `youtubeBatchUpload.py`) contain all the necessary 
2026-04-06 00:09:12 | INFO | bridge_app | Task 1 [aider]: code and logic to implement the missing features in `Upload.jsx`. 
2026-04-06 00:09:12 | INFO | bridge_app | Task 1 [aider]: 
2026-04-06 00:09:12 | INFO | bridge_app | Task 1 [aider]: 
2026-04-06 00:09:12 | INFO | bridge_app | Task 1 [aider]: 
2026-04-06 00:09:12 | INFO | bridge_app | Task 1 [aider]: If you have any further requests or issues, feel free to let me know!
2026-04-06 00:09:12 | INFO | bridge_app | Task 1 [aider]: 
2026-04-06 00:09:12 | INFO | bridge_app | Task 1 [aider]: Tokens: 31k sent, 64 received.
2026-04-06 00:09:13 | WARNING | bridge_app | Task 1: Aider exited 0 but these file(s) are unchanged: Upload.jsx
2026-04-06 00:09:13 | WARNING | bridge_app | Task 1: Aider failed (exit 0): Aider exit code 0: Aider reported success but did not modify: Upload.jsx. Implement the task completely — do not skip or stub.
2026-04-06 00:09:13 | ERROR | bridge_app | Task 1: same error repeated 2 times — aborting retries: Aider exit code 0: Aider reported success but did not modify: Upload.jsx. Implement the task completely — do not skip or stub.
2026-04-06 00:09:13 | INFO | bridge_app | Task 1: rolled back to a35e50d2 after failure
2026-04-06 00:09:13 | ERROR | bridge_app | Bridge run failed after 180.9s: Task 1: same error repeated — Aider exit code 0: Aider reported success but did not modify: Upload.jsx. Implement the task completely — do not skip or stub.
Traceback (most recent call last):
  File "D:\Chitrang_ViitorCloud\R&D\codex-aider-bridge-app\main.py", line 2116, in main
    task_diff = execute_task_with_review(
        task, config, supervisor, manual_supervisor, selector,
    ...<4 lines>...
        model_override=_task_model_override,
    )
  File "D:\Chitrang_ViitorCloud\R&D\codex-aider-bridge-app\main.py", line 967, in execute_task_with_review
    raise RuntimeError(
        f"Task {current_task.id}: same error repeated — {_failure_reasons[-1]}"
    )
RuntimeError: Task 1: same error repeated — Aider exit code 0: Aider reported success but did not modify: Upload.jsx. Implement the task completely — do not skip or stub.
2026-04-06 00:09:13 | WARNING | bridge_app | To undo all changes made during this run:  git reset --hard a35e50d2e0061ecb40404c2035b9391ba065ae54
2026-04-06 22:07:46 | INFO | bridge_app | Bridge starting — repo: D:\BridgeProjectExperiment
2026-04-06 22:07:46 | INFO | bridge_app | Bridge running in MANUAL-SUPERVISOR mode — review requests will be written to bridge_progress/manual_supervisor/ and the UI proxy thread handles supervisor dispatch.
2026-04-06 22:07:46 | INFO | bridge_app | Auto-split: detected small model 'ollama/qwen2.5-coder:7b' — enabling --auto-split-threshold 3 automatically. Tasks with 3+ files will be split into single-file sub-tasks. Pass --auto-split-threshold 0 to disable.
2026-04-06 22:07:46 | INFO | bridge_app | Git readiness — repo=yes, head=yes, branch=codex/react_electorn_ui, clean=no, staged=0, unstaged=2, untracked=16, next=continue
2026-04-06 22:07:46 | INFO | bridge_app | Added 7 bridge entries to D:\BridgeProjectExperiment\.gitignore: ['taskJsons/', '.aider.tags.cache.v4/', 'bridge_progress/', 'logs.meta', '.aider.input.history', '.aider.chat.history.md', 'bridge_progress.meta']
2026-04-06 22:07:47 | INFO | bridge_app | Git readiness — repo=yes, head=yes, branch=codex/react_electorn_ui, clean=no, staged=0, unstaged=3, untracked=16, next=continue
2026-04-06 22:07:47 | INFO | bridge_app | Pre-flight checks passed.
2026-04-06 22:07:47 | INFO | bridge_app | Rollback point: f1941788567a98a4361d78b7d839ae4a58042d57
2026-04-06 22:07:47 | INFO | bridge_app | If this run fails, undo all changes with:  git reset --hard f1941788567a98a4361d78b7d839ae4a58042d57
2026-04-06 22:07:47 | INFO | bridge_app | Project type (from saved knowledge): node
2026-04-06 22:07:47 | INFO | bridge_app | Project understanding ready: 8 docs, 75 files, confirmed=True
2026-04-06 22:07:47 | INFO | bridge_app | Project knowledge loaded: 75 files registered, 7 features done
2026-04-06 22:07:48 | INFO | bridge_app | Validator: project type set from knowledge: 'node' → 'unknown'
2026-04-06 22:07:48 | INFO | bridge_app | Model routing: 2 coding model(s) installed: ollama/qwen2.5-coder:14b, ollama/qwen2.5-coder:7b
2026-04-06 22:07:48 | INFO | bridge_app | Loaded 3 task(s) from plan file
2026-04-06 22:07:48 | INFO | bridge_app | Plan hash: cf3b3eb43c512d17 (3 tasks)
2026-04-06 22:07:48 | INFO | bridge_app | Running Aider connection test…
2026-04-06 22:07:48 | INFO | bridge_app | Task 0: estimated LLM generation ~60s (timeout=600s, diff format)
2026-04-06 22:07:48 | INFO | bridge_app | Edit format: whole (0 lines — under 2000 threshold)
2026-04-06 22:07:51 | INFO | bridge_app | Task 0 [aider]: Can't initialize prompt toolkit: Found xterm-256color, while expecting a 
2026-04-06 22:07:51 | INFO | bridge_app | Task 0 [aider]: Windows console. Maybe try to run this program using "winpty" or run it in 
2026-04-06 22:07:51 | INFO | bridge_app | Task 0 [aider]: cmd.exe instead. Or otherwise, in case of Cygwin, use the Python executable 
2026-04-06 22:07:51 | INFO | bridge_app | Task 0 [aider]: that is compiled for Cygwin.
2026-04-06 22:08:05 | INFO | bridge_app | Task 0 [aider]: 
2026-04-06 22:08:05 | INFO | bridge_app | Task 0 [aider]: Aider v0.86.2
2026-04-06 22:08:05 | INFO | bridge_app | Task 0 [aider]: Model: ollama/qwen2.5-coder:7b with whole edit format
2026-04-06 22:08:05 | INFO | bridge_app | Task 0 [aider]: Git repo: .git with 485 files
2026-04-06 22:08:05 | INFO | bridge_app | Task 0 [aider]: Repo-map: using 1024 tokens, manual refresh
2026-04-06 22:08:05 | INFO | bridge_app | Task 0 [aider]: 
2026-04-06 22:08:21 | INFO | bridge_app | Task 0 [aider]: OK.
2026-04-06 22:08:21 | INFO | bridge_app | Task 0 [aider]: 
2026-04-06 22:08:21 | INFO | bridge_app | Task 0 [aider]: Tokens: 2.8k sent, 3 received.
2026-04-06 22:08:21 | WARNING | bridge_app | Task 0: model edited 3 out-of-scope file(s) — reverting: .gitignore, bridge_progress/project_knowledge.json, bridge_progress/project_snapshot.json
2026-04-06 22:08:22 | INFO | bridge_app | Aider connection test passed ✓
2026-04-06 22:08:22 | INFO | bridge_app | Task 1 — attempt 1/4 — files: app/useAppStore.js
2026-04-06 22:08:22 | INFO | bridge_app | Task 1: estimated LLM generation ~121s (timeout=600s, diff format)
2026-04-06 22:08:22 | INFO | bridge_app | Edit format: whole (379 lines — under 2000 threshold)
2026-04-06 22:08:24 | INFO | bridge_app | Task 1 [aider]: Can't initialize prompt toolkit: Found xterm-256color, while expecting a 
2026-04-06 22:08:24 | INFO | bridge_app | Task 1 [aider]: Windows console. Maybe try to run this program using "winpty" or run it in 
2026-04-06 22:08:24 | INFO | bridge_app | Task 1 [aider]: cmd.exe instead. Or otherwise, in case of Cygwin, use the Python executable 
2026-04-06 22:08:24 | INFO | bridge_app | Task 1 [aider]: that is compiled for Cygwin.
2026-04-06 22:08:30 | INFO | bridge_app | Task 1 [aider]: 
2026-04-06 22:08:30 | INFO | bridge_app | Task 1 [aider]: Aider v0.86.2
2026-04-06 22:08:30 | INFO | bridge_app | Task 1 [aider]: Model: ollama/qwen2.5-coder:7b with whole edit format
2026-04-06 22:08:30 | INFO | bridge_app | Task 1 [aider]: Git repo: .git with 485 files
2026-04-06 22:08:30 | INFO | bridge_app | Task 1 [aider]: Repo-map: using 1024 tokens, manual refresh
2026-04-06 22:08:30 | INFO | bridge_app | Task 1 [aider]: Added app\useAppStore.js to the chat.
2026-04-06 22:08:30 | INFO | bridge_app | Task 1 [aider]: 
2026-04-06 22:09:17 | INFO | bridge_app | Task 1 [aider]: app\useAppStore.js
2026-04-06 22:09:17 | INFO | bridge_app | Task 1 [aider]: 
2026-04-06 22:09:17 | INFO | bridge_app | Task 1 [aider]: ```diff
2026-04-06 22:09:17 | INFO | bridge_app | Task 1 [aider]: @@ -293,11 +293,18 @@
2026-04-06 22:09:17 | INFO | bridge_app | Task 1 [aider]:              videosRoot: "",
2026-04-06 22:09:17 | INFO | bridge_app | Task 1 [aider]:              privacy: "",
2026-04-06 22:09:17 | INFO | bridge_app | Task 1 [aider]:              playlistName: "",
2026-04-06 22:09:17 | INFO | bridge_app | Task 1 [aider]:              dryRun: false,
2026-04-06 22:09:17 | INFO | bridge_app | Task 1 [aider]:              ffmpegBin: "",
2026-04-06 22:09:17 | INFO | bridge_app | Task 1 [aider]: -            ffprobeBin: ""
2026-04-06 22:09:17 | INFO | bridge_app | Task 1 [aider]: +            ffprobeBin: "",
2026-04-06 22:09:17 | INFO | bridge_app | Task 1 [aider]: +            extensions: "",
2026-04-06 22:09:17 | INFO | bridge_app | Task 1 [aider]: +            excludeDirectories: "",
2026-04-06 22:09:17 | INFO | bridge_app | Task 1 [aider]: +            excludeFiles: "",
2026-04-06 22:09:17 | INFO | bridge_app | Task 1 [aider]: +            requireUploadedOn: "",
2026-04-06 22:09:17 | INFO | bridge_app | Task 1 [aider]: +            requireMissingOn: "",
2026-04-06 22:09:17 | INFO | bridge_app | Task 1 [aider]: +            clientSecretsPath: "",
2026-04-06 22:09:17 | INFO | bridge_app | Task 1 [aider]: +            tokenFilePath: ""
2026-04-06 22:09:17 | INFO | bridge_app | Task 1 [aider]:          },
2026-04-06 22:09:17 | INFO | bridge_app | Task 1 [aider]:          setUploadPlatform: function setUploadPlatform(platformId, value)
2026-04-06 22:09:17 | INFO | bridge_app | Task 1 [aider]:          {
2026-04-06 22:09:17 | INFO | bridge_app | Task 1 [aider]:              set(function updateUploadPlatform(state)
2026-04-06 22:09:17 | INFO | bridge_app | Task 1 [aider]:              {
2026-04-06 22:09:17 | INFO | bridge_app | Task 1 [aider]: ```
2026-04-06 22:09:17 | INFO | bridge_app | Task 1 [aider]: 
2026-04-06 22:09:17 | INFO | bridge_app | Task 1 [aider]: 
2026-04-06 22:09:17 | INFO | bridge_app | Task 1 [aider]: Tokens: 3.9k sent, 1.9k received.
2026-04-06 22:09:17 | INFO | bridge_app | Task 1 [aider]: Applied edit to app\useAppStore.js
2026-04-06 22:09:30 | INFO | bridge_app | Task 1 [aider]: Summarization failed for model ollama/qwen2.5-coder:7b: cannot schedule new futures after shutdown
2026-04-06 22:09:30 | INFO | bridge_app | Task 1 [aider]: Summarization failed for model ollama/qwen2.5-coder:7b: cannot schedule new futures after shutdown
2026-04-06 22:09:30 | INFO | bridge_app | Task 1 [aider]: summarizer unexpectedly failed for all models
2026-04-06 22:09:31 | INFO | bridge_app | Manual supervisor review requested: D:\BridgeProjectExperiment\bridge_progress\manual_supervisor\requests\task_0001_request.json
2026-04-06 22:09:31 | INFO | bridge_app | Waiting for manual supervisor decision: D:\BridgeProjectExperiment\bridge_progress\manual_supervisor\decisions\task_0001_decision.json
2026-04-06 22:10:17 | INFO | bridge_app | Task 1: manual supervisor approved
2026-04-06 22:10:17 | INFO | bridge_app | Task 1: auto-committed 1 file(s) at a3fe1da
2026-04-06 22:10:17 | INFO | bridge_app | Task 2 — attempt 1/4 — files: app/electron/services/uploadService.js
2026-04-06 22:10:17 | INFO | bridge_app | Task 2: estimated LLM generation ~108s (timeout=600s, diff format)
2026-04-06 22:10:17 | INFO | bridge_app | Edit format: whole (373 lines — under 2000 threshold)
2026-04-06 22:10:20 | INFO | bridge_app | Task 2 [aider]: Can't initialize prompt toolkit: Found xterm-256color, while expecting a 
2026-04-06 22:10:20 | INFO | bridge_app | Task 2 [aider]: Windows console. Maybe try to run this program using "winpty" or run it in 
2026-04-06 22:10:20 | INFO | bridge_app | Task 2 [aider]: cmd.exe instead. Or otherwise, in case of Cygwin, use the Python executable 
2026-04-06 22:10:20 | INFO | bridge_app | Task 2 [aider]: that is compiled for Cygwin.
2026-04-06 22:10:26 | INFO | bridge_app | Task 2 [aider]: 
2026-04-06 22:10:26 | INFO | bridge_app | Task 2 [aider]: Aider v0.86.2
2026-04-06 22:10:26 | INFO | bridge_app | Task 2 [aider]: Model: ollama/qwen2.5-coder:7b with whole edit format
2026-04-06 22:10:26 | INFO | bridge_app | Task 2 [aider]: Git repo: .git with 485 files
2026-04-06 22:10:26 | INFO | bridge_app | Task 2 [aider]: Repo-map: using 1024 tokens, manual refresh
2026-04-06 22:10:26 | INFO | bridge_app | Task 2 [aider]: Added app\electron\services\uploadService.js to the chat.
2026-04-06 22:10:26 | INFO | bridge_app | Task 2 [aider]: 
2026-04-06 22:10:26 | INFO | bridge_app | Task 2 [aider]: 
2026-04-06 22:10:26 | INFO | bridge_app | Task 2 [aider]: app\useAppStore.js
2026-04-06 22:11:20 | INFO | bridge_app | Task 2 [aider]: uploadService.js
2026-04-06 22:11:20 | INFO | bridge_app | Task 2 [aider]: 
2026-04-06 22:11:20 | INFO | bridge_app | Task 2 [aider]: ```
2026-04-06 22:11:20 | INFO | bridge_app | Task 2 [aider]: const path = require("path");
2026-04-06 22:11:20 | INFO | bridge_app | Task 2 [aider]: 
2026-04-06 22:11:20 | INFO | bridge_app | Task 2 [aider]: const { spawn } = require("child_process");
2026-04-06 22:11:20 | INFO | bridge_app | Task 2 [aider]: 
2026-04-06 22:11:20 | INFO | bridge_app | Task 2 [aider]: const { getRepoRoot } = require("./pathService");
2026-04-06 22:11:20 | INFO | bridge_app | Task 2 [aider]: 
2026-04-06 22:11:20 | INFO | bridge_app | Task 2 [aider]: const { resolvePythonCommand } = require("./pythonService");
2026-04-06 22:11:20 | INFO | bridge_app | Task 2 [aider]: 
2026-04-06 22:11:20 | INFO | bridge_app | Task 2 [aider]: 
2026-04-06 22:11:20 | INFO | bridge_app | Task 2 [aider]: 
2026-04-06 22:11:20 | INFO | bridge_app | Task 2 [aider]: let getMainWindow = null;
2026-04-06 22:11:20 | INFO | bridge_app | Task 2 [aider]: 
2026-04-06 22:11:20 | INFO | bridge_app | Task 2 [aider]: let activeProcess = null;
2026-04-06 22:11:20 | INFO | bridge_app | Task 2 [aider]: 
2026-04-06 22:11:20 | INFO | bridge_app | Task 2 [aider]: let activeCommand = "";
2026-04-06 22:11:20 | INFO | bridge_app | Task 2 [aider]: 
2026-04-06 22:11:20 | INFO | bridge_app | Task 2 [aider]: let logBuffer = [];
2026-04-06 22:11:20 | INFO | bridge_app | Task 2 [aider]: 
2026-04-06 22:11:20 | INFO | bridge_app | Task 2 [aider]: let status = createInitialStatus();
2026-04-06 22:11:20 | INFO | bridge_app | Task 2 [aider]: 
2026-04-06 22:11:20 | INFO | bridge_app | Task 2 [aider]: let stopRequested = false;
2026-04-06 22:11:20 | INFO | bridge_app | Task 2 [aider]: 
2026-04-06 22:11:20 | INFO | bridge_app | Task 2 [aider]: 
2026-04-06 22:11:20 | INFO | bridge_app | Task 2 [aider]: 
2026-04-06 22:11:20 | INFO | bridge_app | Task 2 [aider]: function createInitialStatus()
2026-04-06 22:11:20 | INFO | bridge_app | Task 2 [aider]: 
2026-04-06 22:11:20 | INFO | bridge_app | Task 2 [aider]: {
2026-04-06 22:11:20 | INFO | bridge_app | Task 2 [aider]: 
2026-04-06 22:11:20 | INFO | bridge_app | Task 2 [aider]:     return {
2026-04-06 22:11:20 | INFO | bridge_app | Task 2 [aider]: 
2026-04-06 22:11:20 | INFO | bridge_app | Task 2 [aider]:         success: true,
2026-04-06 22:11:20 | INFO | bridge_app | Task 2 [aider]: 
2026-04-06 22:11:20 | INFO | bridge_app | Task 2 [aider]:         uploadId: "",
2026-04-06 22:11:20 | INFO | bridge_app | Task 2 [aider]: 
2026-04-06 22:11:20 | INFO | bridge_app | Task 2 [aider]:         status: "idle",
2026-04-06 22:11:20 | INFO | bridge_app | Task 2 [aider]: 
2026-04-06 22:11:20 | INFO | bridge_app | Task 2 [aider]:         platform: "",
2026-04-06 22:11:20 | INFO | bridge_app | Task 2 [aider]: 
2026-04-06 22:11:20 | INFO | bridge_app | Task 2 [aider]:         progress: 0,
2026-04-06 22:11:20 | INFO | bridge_app | Task 2 [aider]: 
2026-04-06 22:11:20 | INFO | bridge_app | Task 2 [aider]:         pid: 0,
2026-04-06 22:11:20 | INFO | bridge_app | Task 2 [aider]: 
2026-04-06 22:11:20 | INFO | bridge_app | Task 2 [aider]:         errorMessage: "",
2026-04-06 22:11:20 | INFO | bridge_app | Task 2 [aider]: 
2026-04-06 22:11:20 | INFO | bridge_app | Task 2 [aider]:         commandPreview: "",
2026-04-06 22:11:20 | INFO | bridge_app | Task 2 [aider]: 
2026-04-06 22:11:20 | INFO | bridge_app | Task 2 [aider]:         startedAt: "",
2026-04-06 22:11:20 | INFO | bridge_app | Task 2 [aider]: 
2026-04-06 22:11:20 | INFO | bridge_app | Task 2 [aider]:         completedAt: ""
2026-04-06 22:11:20 | INFO | bridge_app | Task 2 [aider]: 
2026-04-06 22:11:20 | INFO | bridge_app | Task 2 [aider]:     };
2026-04-06 22:11:20 | INFO | bridge_app | Task 2 [aider]: 
2026-04-06 22:11:20 | INFO | bridge_app | Task 2 [aider]: }
2026-04-06 22:11:20 | INFO | bridge_app | Task 2 [aider]: 
2026-04-06 22:11:20 | INFO | bridge_app | Task 2 [aider]: 
2026-04-06 22:11:20 | INFO | bridge_app | Task 2 [aider]: 
2026-04-06 22:11:20 | INFO | bridge_app | Task 2 [aider]: function attachWindowGetter(windowGetter)
2026-04-06 22:11:20 | INFO | bridge_app | Task 2 [aider]: 
2026-04-06 22:11:20 | INFO | bridge_app | Task 2 [aider]: {
2026-04-06 22:11:20 | INFO | bridge_app | Task 2 [aider]: 
2026-04-06 22:11:20 | INFO | bridge_app | Task 2 [aider]:     getMainWindow = windowGetter;
2026-04-06 22:11:20 | INFO | bridge_app | Task 2 [aider]: 
2026-04-06 22:11:20 | INFO | bridge_app | Task 2 [aider]: }
2026-04-06 22:11:20 | INFO | bridge_app | Task 2 [aider]: 
2026-04-06 22:11:20 | INFO | bridge_app | Task 2 [aider]: 
2026-04-06 22:11:20 | INFO | bridge_app | Task 2 [aider]: 
2026-04-06 22:11:20 | INFO | bridge_app | Task 2 [aider]: function getUploadStatus()
2026-04-06 22:11:20 | INFO | bridge_app | Task 2 [aider]: 
2026-04-06 22:11:20 | INFO | bridge_app | Task 2 [aider]: {
2026-04-06 22:11:20 | INFO | bridge_app | Task 2 [aider]: 
2026-04-06 22:11:20 | INFO | bridge_app | Task 2 [aider]:     return {
2026-04-06 22:11:20 | INFO | bridge_app | Task 2 [aider]: 
2026-04-06 22:11:20 | INFO | bridge_app | Task 2 [aider]:         ...status,
2026-04-06 22:11:20 | INFO | bridge_app | Task 2 [aider]: 
2026-04-06 22:11:20 | INFO | bridge_app | Task 2 [aider]:         hasActiveProcess: Boolean(activeProcess)
2026-04-06 22:11:20 | INFO | bridge_app | Task 2 [aider]: 
2026-04-06 22:11:20 | INFO | bridge_app | Task 2 [aider]:     };
2026-04-06 22:11:20 | INFO | bridge_app | Task 2 [aider]: 
2026-04-06 22:11:20 | INFO | bridge_app | Task 2 [aider]: }
2026-04-06 22:11:20 | INFO | bridge_app | Task 2 [aider]: 
2026-04-06 22:11:20 | INFO | bridge_app | Task 2 [aider]: 
2026-04-06 22:11:20 | INFO | bridge_app | Task 2 [aider]: 
2026-04-06 22:11:20 | INFO | bridge_app | Task 2 [aider]: function streamLog()
2026-04-06 22:11:20 | INFO | bridge_app | Task 2 [aider]: 
2026-04-06 22:11:20 | INFO | bridge_app | Task 2 [aider]: {
2026-04-06 22:11:20 | INFO | bridge_app | Task 2 [aider]: 
2026-04-06 22:11:20 | INFO | bridge_app | Task 2 [aider]:     for (const entry of logBuffer)
2026-04-06 22:11:20 | INFO | bridge_app | Task 2 [aider]: 
2026-04-06 22:11:20 | INFO | bridge_app | Task 2 [aider]:     {
2026-04-06 22:11:20 | INFO | bridge_app | Task 2 [aider]: 
2026-04-06 22:11:20 | INFO | bridge_app | Task 2 [aider]:         sendLog(entry);
2026-04-06 22:11:20 | INFO | bridge_app | Task 2 [aider]: 
2026-04-06 22:11:20 | INFO | bridge_app | Task 2 [aider]:     }
2026-04-06 22:11:20 | INFO | bridge_app | Task 2 [aider]: 
2026-04-06 22:11:20 | INFO | bridge_app | Task 2 [aider]: 
2026-04-06 22:11:20 | INFO | bridge_app | Task 2 [aider]: 
2026-04-06 22:11:20 | INFO | bridge_app | Task 2 [aider]:     return {
2026-04-06 22:11:20 | INFO | bridge_app | Task 2 [aider]: 
2026-04-06 22:11:20 | INFO | bridge_app | Task 2 [aider]:         success: true,
2026-04-06 22:11:20 | INFO | bridge_app | Task 2 [aider]: 
2026-04-06 22:11:20 | INFO | bridge_app | Task 2 [aider]:         streaming: true
2026-04-06 22:11:20 | INFO | bridge_app | Task 2 [aider]: 
2026-04-06 22:11:20 | INFO | bridge_app | Task 2 [aider]:     };
2026-04-06 22:11:20 | INFO | bridge_app | Task 2 [aider]: 
2026-04-06 22:11:20 | INFO | bridge_app | Task 2 [aider]: }
2026-04-06 22:11:20 | INFO | bridge_app | Task 2 [aider]: 
2026-04-06 22:11:20 | INFO | bridge_app | Task 2 [aider]: 
2026-04-06 22:11:20 | INFO | bridge_app | Task 2 [aider]: 
2026-04-06 22:11:20 | INFO | bridge_app | Task 2 [aider]: async function runUpload(payload)
2026-04-06 22:11:20 | INFO | bridge_app | Task 2 [aider]: 
2026-04-06 22:11:20 | INFO | bridge_app | Task 2 [aider]: {
2026-04-06 22:11:20 | INFO | bridge_app | Task 2 [aider]: 
2026-04-06 22:11:20 | INFO | bridge_app | Task 2 [aider]:     if (activeProcess)
2026-04-06 22:11:20 | INFO | bridge_app | Task 2 [aider]: 
2026-04-06 22:11:20 | INFO | bridge_app | Task 2 [aider]:     {
2026-04-06 22:11:20 | INFO | bridge_app | Task 2 [aider]: 
2026-04-06 22:11:20 | INFO | bridge_app | Task 2 [aider]:         return {
2026-04-06 22:11:20 | INFO | bridge_app | Task 2 [aider]: 
2026-04-06 22:11:20 | INFO | bridge_app | Task 2 [aider]:             ...getUploadStatus(),
2026-04-06 22:11:20 | INFO | bridge_app | Task 2 [aider]: 
2026-04-06 22:11:20 | INFO | bridge_app | Task 2 [aider]:             success: false,
2026-04-06 22:11:20 | INFO | bridge_app | Task 2 [aider]: 
2026-04-06 22:11:20 | INFO | bridge_app | Task 2 [aider]:             errorMessage: "An upload process is already running."
2026-04-06 22:11:20 | INFO | bridge_app | Task 2 [aider]: 
2026-04-06 22:11:20 | INFO | bridge_app | Task 2 [aider]:         };
2026-04-06 22:11:20 | INFO | bridge_app | Task 2 [aider]: 
2026-04-06 22:11:20 | INFO | bridge_app | Task 2 [aider]:     }
2026-04-06 22:11:20 | INFO | bridge_app | Task 2 [aider]: 
2026-04-06 22:11:20 | INFO | bridge_app | Task 2 [aider]: 
2026-04-06 22:11:20 | INFO | bridge_app | Task 2 [aider]: 
2026-04-06 22:11:20 | INFO | bridge_app | Task 2 [aider]:     const pythonCommand = resolvePythonCommand();
2026-04-06 22:11:20 | INFO | bridge_app | Task 2 [aider]: 
2026-04-06 22:11:20 | INFO | bridge_app | Task 2 [aider]: 
2026-04-06 22:11:20 | INFO | bridge_app | Task 2 [aider]: 
2026-04-06 22:11:20 | INFO | bridge_app | Task 2 [aider]:     if (!pythonCommand.found)
2026-04-06 22:11:20 | INFO | bridge_app | Task 2 [aider]: 
2026-04-06 22:11:20 | INFO | bridge_app | Task 2 [aider]:     {
2026-04-06 22:11:20 | INFO | bridge_app | Task 2 [aider]: 
2026-04-06 22:11:20 | INFO | bridge_app | Task 2 [aider]:         const errorMessage = "Python was not found. Install Python or create a 
2026-04-06 22:11:20 | INFO | bridge_app | Task 2 [aider]: local venv before running uploads.";
2026-04-06 22:11:20 | INFO | bridge_app | Task 2 [aider]: 
2026-04-06 22:11:20 | INFO | bridge_app | Task 2 [aider]: 
2026-04-06 22:11:20 | INFO | bridge_app | Task 2 [aider]: 
2026-04-06 22:11:20 | INFO | bridge_app | Task 2 [aider]:         updateStatus({
2026-04-06 22:11:20 | INFO | bridge_app | Task 2 [aider]: 
2026-04-06 22:11:20 | INFO | bridge_app | Task 2 [aider]:             success: false,
2026-04-06 22:11:20 | INFO | bridge_app | Task 2 [aider]: 
2026-04-06 22:11:20 | INFO | bridge_app | Task 2 [aider]:             status: "error",
2026-04-06 22:11:20 | INFO | bridge_app | Task 2 [aider]: 
2026-04-06 22:11:20 | INFO | bridge_app | Task 2 [aider]:             errorMessage: errorMessage,
2026-04-06 22:11:20 | INFO | bridge_app | Task 2 [aider]: 
2026-04-06 22:11:20 | INFO | bridge_app | Task 2 [aider]:             progress: 0
2026-04-06 22:11:20 | INFO | bridge_app | Task 2 [aider]: 
2026-04-06 22:11:20 | INFO | bridge_app | Task 2 [aider]:         });
2026-04-06 22:11:20 | INFO | bridge_app | Task 2 [aider]: 
2026-04-06 22:11:20 | INFO | bridge_app | Task 2 [aider]:         pushLog("system", errorMessage);
2026-04-06 22:11:20 | INFO | bridge_app | Task 2 [aider]: 
2026-04-06 22:11:20 | INFO | bridge_app | Task 2 [aider]: 
2026-04-06 22:11:20 | INFO | bridge_app | Task 2 [aider]: 
2026-04-06 22:11:20 | INFO | bridge_app | Task 2 [aider]:         return getUploadStatus();
2026-04-06 22:11:20 | INFO | bridge_app | Task 2 [aider]: 
2026-04-06 22:11:20 | INFO | bridge_app | Task 2 [aider]:     }
2026-04-06 22:11:20 | INFO | bridge_app | Task 2 [aider]: 
2026-04-06 22:11:20 | INFO | bridge_app | Task 2 [aider]: 
2026-04-06 22:11:20 | INFO | bridge_app | Task 2 [aider]: 
2026-04-06 22:11:20 | INFO | bridge_app | Task 2 [aider]:     let commandSpec = null;
2026-04-06 22:11:20 | INFO | bridge_app | Task 2 [aider]: 
2026-04-06 22:11:20 | INFO | bridge_app | Task 2 [aider]: 
2026-04-06 22:11:20 | INFO | bridge_app | Task 2 [aider]: 
2026-04-06 22:11:20 | INFO | bridge_app | Task 2 [aider]:     try
2026-04-06 22:11:20 | INFO | bridge_app | Task 2 [aider]: 
2026-04-06 22:11:20 | INFO | bridge_app | Task 2 [aider]:     {
2026-04-06 22:11:20 | INFO | bridge_app | Task 2 [aider]: 
2026-04-06 22:11:20 | INFO | bridge_app | Task 2 [aider]:         commandSpec = buildUploadCommand(payload || {});
2026-04-06 22:11:20 | INFO | bridge_app | Task 2 [aider]: 
2026-04-06 22:11:20 | INFO | bridge_app | Task 2 [aider]:     }
2026-04-06 22:11:20 | INFO | bridge_app | Task 2 [aider]: 
2026-04-06 22:11:20 | INFO | bridge_app | Task 2 [aider]:     catch (error)
2026-04-06 22:11:20 | INFO | bridge_app | Task 2 [aider]: 
2026-04-06 22:11:20 | INFO | bridge_app | Task 2 [aider]:     {
2026-04-06 22:11:20 | INFO | bridge_app | Task 2 [aider]: 
2026-04-06 22:11:20 | INFO | bridge_app | Task 2 [aider]:         updateStatus({
2026-04-06 22:11:20 | INFO | bridge_app | Task 2 [aider]: 
2026-04-06 22:11:20 | INFO | bridge_app | Task 2 [aider]:             success: false,
2026-04-06 22:11:20 | INFO | bridge_app | Task 2 [aider]: 
2026-04-06 22:11:20 | INFO | bridge_app | Task 2 [aider]:             status: "error",
2026-04-06 22:11:20 | INFO | bridge_app | Task 2 [aider]: 
2026-04-06 22:11:20 | INFO | bridge_app | Task 2 [aider]:             errorMessage: error.message,
2026-04-06 22:11:20 | INFO | bridge_app | Task 2 [aider]: 
2026-04-06 22:11:20 | INFO | bridge_app | Task 2 [aider]:             progress: 0
2026-04-06 22:11:20 | INFO | bridge_app | Task 2 [aider]: 
2026-04-06 22:11:20 | INFO | bridge_app | Task 2 [aider]:         });
2026-04-06 22:11:20 | INFO | bridge_app | Task 2 [aider]: 
2026-04-06 22:11:20 | INFO | bridge_app | Task 2 [aider]:         pushLog("system", error.message);
2026-04-06 22:11:20 | INFO | bridge_app | Task 2 [aider]: 
2026-04-06 22:11:20 | INFO | bridge_app | Task 2 [aider]: 
2026-04-06 22:11:20 | INFO | bridge_app | Task 2 [aider]: 
2026-04-06 22:11:20 | INFO | bridge_app | Task 2 [aider]:         return getUploadStatus();
2026-04-06 22:11:20 | INFO | bridge_app | Task 2 [aider]: 
2026-04-06 22:11:20 | INFO | bridge_app | Task 2 [aider]:     }
2026-04-06 22:11:20 | INFO | bridge_app | Task 2 [aider]: 
2026-04-06 22:11:20 | INFO | bridge_app | Task 2 [aider]: 
2026-04-06 22:11:20 | INFO | bridge_app | Task 2 [aider]: 
2026-04-06 22:11:20 | INFO | bridge_app | Task 2 [aider]:     const scriptPath = path.join(getRepoRoot(), commandSpec.scriptName);
2026-04-06 22:11:20 | INFO | bridge_app | Task 2 [aider]: 
2026-04-06 22:11:20 | INFO | bridge_app | Task 2 [aider]:     const args = 
2026-04-06 22:11:20 | INFO | bridge_app | Task 2 [aider]: pythonCommand.prefixArgs.concat([scriptPath]).concat(commandSpec.scriptArgs);
2026-04-06 22:11:20 | INFO | bridge_app | Task 2 [aider]: 
2026-04-06 22:11:20 | INFO | bridge_app | Task 2 [aider]: 
2026-04-06 22:11:20 | INFO | bridge_app | Task 2 [aider]: 
2026-04-06 22:11:20 | INFO | bridge_app | Task 2 [aider]:     stopRequested = false;
2026-04-06 22:11:20 | INFO | bridge_app | Task 2 [aider]: 
2026-04-06 22:11:20 | INFO | bridge_app | Task 2 [aider]:     activeCommand = [pythonCommand.command].concat(args).join(" ");
2026-04-06 22:11:20 | INFO | bridge_app | Task 2 [aider]: 
2026-04-06 22:11:20 | INFO | bridge_app | Task 2 [aider]:     logBuffer = [];
2026-04-06 22:11:20 | INFO | bridge_app | Task 2 [aider]: 
2026-04-06 22:11:20 | INFO | bridge_app | Task 2 [aider]: 
2026-04-06 22:11:20 | INFO | bridge_app | Task 2 [aider]: 
2026-04-06 22:11:20 | INFO | bridge_app | Task 2 [aider]:     activeProcess = spawn(
2026-04-06 22:11:20 | INFO | bridge_app | Task 2 [aider]: 
2026-04-06 22:11:20 | INFO | bridge_app | Task 2 [aider]:         pythonCommand.command,
2026-04-06 22:11:20 | INFO | bridge_app | Task 2 [aider]: 
2026-04-06 22:11:20 | INFO | bridge_app | Task 2 [aider]:         args,
2026-04-06 22:11:20 | INFO | bridge_app | Task 2 [aider]: 
2026-04-06 22:11:20 | INFO | bridge_app | Task 2 [aider]:         {
2026-04-06 22:11:20 | INFO | bridge_app | Task 2 [aider]: 
2026-04-06 22:11:20 | INFO | bridge_app | Task 2 [aider]:             cwd: getRepoRoot(),
2026-04-06 22:11:20 | INFO | bridge_app | Task 2 [aider]: 
2026-04-06 22:11:20 | INFO | bridge_app | Task 2 [aider]:             windowsHide: true
2026-04-06 22:11:20 | INFO | bridge_app | Task 2 [aider]: 
2026-04-06 22:11:20 | INFO | bridge_app | Task 2 [aider]:         }
2026-04-06 22:11:20 | INFO | bridge_app | Task 2 [aider]: 
2026-04-06 22:11:20 | INFO | bridge_app | Task 2 [aider]:     );
2026-04-06 22:11:20 | INFO | bridge_app | Task 2 [aider]: 
2026-04-06 22:11:20 | INFO | bridge_app | Task 2 [aider]: 
2026-04-06 22:11:20 | INFO | bridge_app | Task 2 [aider]: 
2026-04-06 22:11:20 | INFO | bridge_app | Task 2 [aider]:     updateStatus({
2026-04-06 22:11:20 | INFO | bridge_app | Task 2 [aider]: 
2026-04-06 22:11:20 | INFO | bridge_app | Task 2 [aider]:         success: true,
2026-04-06 22:11:20 | INFO | bridge_app | Task 2 [aider]: 
2026-04-06 22:11:20 | INFO | bridge_app | Task 2 [aider]:         uploadId: String(Date.now()),
2026-04-06 22:11:20 | INFO | bridge_app | Task 2 [aider]: 
2026-04-06 22:11:20 | INFO | bridge_app | Task 2 [aider]:         status: "running",
2026-04-06 22:11:20 | INFO | bridge_app | Task 2 [aider]: 
2026-04-06 22:11:20 | INFO | bridge_app | Task 2 [aider]:         platform: commandSpec.platformLabel,
2026-04-06 22:11:20 | INFO | bridge_app | Task 2 [aider]: 
2026-04-06 22:11:20 | INFO | bridge_app | Task 2 [aider]:         progress: 15,
2026-04-06 22:11:20 | INFO | bridge_app | Task 2 [aider]: 
2026-04-06 22:11:20 | INFO | bridge_app | Task 2 [aider]:         pid: activeProcess.pid || 0,
2026-04-06 22:11:20 | INFO | bridge_app | Task 2 [aider]: 
2026-04-06 22:11:20 | INFO | bridge_app | Task 2 [aider]:         errorMessage: "",
2026-04-06 22:11:20 | INFO | bridge_app | Task 2 [aider]: 
2026-04-06 22:11:20 | INFO | bridge_app | Task 2 [aider]:         commandPreview: activeCommand,
2026-04-06 22:11:20 | INFO | bridge_app | Task 2 [aider]: 
2026-04-06 22:11:20 | INFO | bridge_app | Task 2 [aider]:         startedAt: new Date().toISOString(),
2026-04-06 22:11:20 | INFO | bridge_app | Task 2 [aider]: 
2026-04-06 22:11:20 | INFO | bridge_app | Task 2 [aider]:         completedAt: ""
2026-04-06 22:11:20 | INFO | bridge_app | Task 2 [aider]: 
2026-04-06 22:11:20 | INFO | bridge_app | Task 2 [aider]:     });
2026-04-06 22:11:20 | INFO | bridge_app | Task 2 [aider]: 
2026-04-06 22:11:20 | INFO | bridge_app | Task 2 [aider]: 
2026-04-06 22:11:20 | INFO | bridge_app | Task 2 [aider]: 
2026-04-06 22:11:20 | INFO | bridge_app | Task 2 [aider]:     pushLog("system", "Starting process: " + activeCommand);
2026-04-06 22:11:20 | INFO | bridge_app | Task 2 [aider]: 
2026-04-06 22:11:20 | INFO | bridge_app | Task 2 [aider]: 
2026-04-06 22:11:20 | INFO | bridge_app | Task 2 [aider]: 
2026-04-06 22:11:20 | INFO | bridge_app | Task 2 [aider]:     activeProcess.stdout.on("data", function handleStdout(chunk)
2026-04-06 22:11:20 | INFO | bridge_app | Task 2 [aider]: 
2026-04-06 22:11:20 | INFO | bridge_app | Task 2 [aider]:     {
2026-04-06 22:11:20 | INFO | bridge_app | Task 2 [aider]: 
2026-04-06 22:11:20 | INFO | bridge_app | Task 2 [aider]:         emitChunk("stdout", chunk);
2026-04-06 22:11:20 | INFO | bridge_app | Task 2 [aider]: 
2026-04-06 22:11:20 | INFO | bridge_app | Task 2 [aider]:     });
2026-04-06 22:11:20 | INFO | bridge_app | Task 2 [aider]: 
2026-04-06 22:11:20 | INFO | bridge_app | Task 2 [aider]: 
2026-04-06 22:11:20 | INFO | bridge_app | Task 2 [aider]: 
2026-04-06 22:11:20 | INFO | bridge_app | Task 2 [aider]:     activeProcess.stderr.on("data", function handleStderr(chunk)
2026-04-06 22:11:20 | INFO | bridge_app | Task 2 [aider]: 
2026-04-06 22:11:20 | INFO | bridge_app | Task 2 [aider]:     {
2026-04-06 22:11:20 | INFO | bridge_app | Task 2 [aider]: 
2026-04-06 22:11:20 | INFO | bridge_app | Task 2 [aider]:         emitChunk("stderr", chunk);
2026-04-06 22:11:20 | INFO | bridge_app | Task 2 [aider]: 
2026-04-06 22:11:20 | INFO | bridge_app | Task 2 [aider]:     });
2026-04-06 22:11:20 | INFO | bridge_app | Task 2 [aider]: 
2026-04-06 22:11:20 | INFO | bridge_app | Task 2 [aider]: 
2026-04-06 22:11:20 | INFO | bridge_app | Task 2 [aider]: 
2026-04-06 22:11:20 | INFO | bridge_app | Task 2 [aider]:     activeProcess.on("error", function handleError(error)
2026-04-06 22:11:20 | INFO | bridge_app | Task 2 [aider]: 
2026-04-06 22:11:20 | INFO | bridge_app | Task 2 [aider]:     {
2026-04-06 22:11:20 | INFO | bridge_app | Task 2 [aider]: 
2026-04-06 22:11:20 | INFO | bridge_app | Task 2 [aider]:         updateStatus({
2026-04-06 22:11:20 | INFO | bridge_app | Task 2 [aider]: 
2026-04-06 22:11:20 | INFO | bridge_app | Task 2 [aider]:             success: false,
2026-04-06 22:11:20 | INFO | bridge_app | Task 2 [aider]: 
2026-04-06 22:11:20 | INFO | bridge_app | Task 2 [aider]:             status: "error",
2026-04-06 22:11:20 | INFO | bridge_app | Task 2 [aider]: 
2026-04-06 22:11:20 | INFO | bridge_app | Task 2 [aider]:             errorMessage: error.message,
2026-04-06 22:11:20 | INFO | bridge_app | Task 2 [aider]: 
2026-04-06 22:11:20 | INFO | bridge_app | Task 2 [aider]:             progress: 0,
2026-04-06 22:11:20 | INFO | bridge_app | Task 2 [aider]: 
2026-04-06 22:11:20 | INFO | bridge_app | Task 2 [aider]:             completedAt: new Date().toISOString()
2026-04-06 22:11:20 | INFO | bridge_app | Task 2 [aider]: 
2026-04-06 22:11:20 | INFO | bridge_app | Task 2 [aider]:         });
2026-04-06 22:11:20 | INFO | bridge_app | Task 2 [aider]: 
2026-04-06 22:11:20 | INFO | bridge_app | Task 2 [aider]:         pushLog("stderr", error.message);
2026-04-06 22:11:20 | INFO | bridge_app | Task 2 [aider]: 
2026-04-06 22:11:20 | INFO | bridge_app | Task 2 [aider]:         activeProcess = null;
2026-04-06 22:11:20 | INFO | bridge_app | Task 2 [aider]: 
2026-04-06 22:11:20 | INFO | bridge_app | Task 2 [aider]:     });
2026-04-06 22:11:20 | INFO | bridge_app | Task 2 [aider]: 
2026-04-06 22:11:20 | INFO | bridge_app | Task 2 [aider]: 
2026-04-06 22:11:20 | INFO | bridge_app | Task 2 [aider]: 
2026-04-06 22:11:20 | INFO | bridge_app | Task 2 [aider]:     activeProcess.on("exit", function handleExit(exitCode, signal)
2026-04-06 22:11:20 | INFO | bridge_app | Task 2 [aider]: 
2026-04-06 22:11:20 | INFO | bridge_app | Task 2 [aider]:     {
2026-04-06 22:11:20 | INFO | bridge_app | Task 2 [aider]: 
2026-04-06 22:11:20 | INFO | bridge_app | Task 2 [aider]:         const wasStopped = stopRequested;
2026-04-06 22:11:20 | INFO | bridge_app | Task 2 [aider]: 
2026-04-06 22:11:20 | INFO | bridge_app | Task 2 [aider]:         const nextStatus = wasStopped ? "stopped" : exitCode === 0 ? 
2026-04-06 22:11:20 | INFO | bridge_app | Task 2 [aider]: "completed" : "error";
2026-04-06 22:11:20 | INFO | bridge_app | Task 2 [aider]: 
2026-04-06 22:11:20 | INFO | bridge_app | Task 2 [aider]:         const nextProgress = nextStatus === "completed" ? 100 : 0;
2026-04-06 22:11:20 | INFO | bridge_app | Task 2 [aider]: 
2026-04-06 22:11:20 | INFO | bridge_app | Task 2 [aider]:         const errorMessage = nextStatus === "error" ? "Upload process exited 
2026-04-06 22:11:20 | INFO | bridge_app | Task 2 [aider]: with code " + String(exitCode) : "";
2026-04-06 22:11:20 | INFO | bridge_app | Task 2 [aider]: 
2026-04-06 22:11:20 | INFO | bridge_app | Task 2 [aider]: 
2026-04-06 22:11:20 | INFO | bridge_app | Task 2 [aider]: 
2026-04-06 22:11:20 | INFO | bridge_app | Task 2 [aider]:         updateStatus({
2026-04-06 22:11:20 | INFO | bridge_app | Task 2 [aider]: 
2026-04-06 22:11:20 | INFO | bridge_app | Task 2 [aider]:             success: nextStatus !== "error",
2026-04-06 22:11:20 | INFO | bridge_app | Task 2 [aider]: 
2026-04-06 22:11:20 | INFO | bridge_app | Task 2 [aider]:             status: nextStatus,
2026-04-06 22:11:20 | INFO | bridge_app | Task 2 [aider]: 
2026-04-06 22:11:20 | INFO | bridge_app | Task 2 [aider]:             progress: nextProgress,
2026-04-06 22:11:20 | INFO | bridge_app | Task 2 [aider]: 
2026-04-06 22:11:20 | INFO | bridge_app | Task 2 [aider]:             pid: 0,
2026-04-06 22:11:20 | INFO | bridge_app | Task 2 [aider]: 
2026-04-06 22:11:20 | INFO | bridge_app | Task 2 [aider]:             errorMessage: errorMessage,
2026-04-06 22:11:20 | INFO | bridge_app | Task 2 [aider]: 
2026-04-06 22:11:20 | INFO | bridge_app | Task 2 [aider]:             completedAt: new Date().toISOString()
2026-04-06 22:11:20 | INFO | bridge_app | Task 2 [aider]: 
2026-04-06 22:11:20 | INFO | bridge_app | Task 2 [aider]:         });
2026-04-06 22:11:20 | INFO | bridge_app | Task 2 [aider]: 
2026-04-06 22:11:20 | INFO | bridge_app | Task 2 [aider]: 
2026-04-06 22:11:20 | INFO | bridge_app | Task 2 [aider]: 
2026-04-06 22:11:20 | INFO | bridge_app | Task 2 [aider]:         if (signal)
2026-04-06 22:11:20 | INFO | bridge_app | Task 2 [aider]: 
2026-04-06 22:11:20 | INFO | bridge_app | Task 2 [aider]:         {
2026-04-06 22:11:20 | INFO | bridge_app | Task 2 [aider]: 
2026-04-06 22:11:20 | INFO | bridge_app | Task 2 [aider]:             pushLog("system", "Process exited with signal " + signal);
2026-04-06 22:11:20 | INFO | bridge_app | Task 2 [aider]: 
2026-04-06 22:11:20 | INFO | bridge_app | Task 2 [aider]:         }
2026-04-06 22:11:20 | INFO | bridge_app | Task 2 [aider]: 
2026-04-06 22:11:20 | INFO | bridge_app | Task 2 [aider]:         else
2026-04-06 22:11:20 | INFO | bridge_app | Task 2 [aider]: 
2026-04-06 22:11:20 | INFO | bridge_app | Task 2 [aider]:         {
2026-04-06 22:11:20 | INFO | bridge_app | Task 2 [aider]: 
2026-04-06 22:11:20 | INFO | bridge_app | Task 2 [aider]:             pushLog("system", "Process exited with code " + String(exitCode));
2026-04-06 22:11:20 | INFO | bridge_app | Task 2 [aider]: 
2026-04-06 22:11:20 | INFO | bridge_app | Task 2 [aider]:         }
2026-04-06 22:11:20 | INFO | bridge_app | Task 2 [aider]: 
2026-04-06 22:11:20 | INFO | bridge_app | Task 2 [aider]: 
2026-04-06 22:11:20 | INFO | bridge_app | Task 2 [aider]: 
2026-04-06 22:11:20 | INFO | bridge_app | Task 2 [aider]:         activeProcess = null;
2026-04-06 22:11:20 | INFO | bridge_app | Task 2 [aider]: 
2026-04-06 22:11:20 | INFO | bridge_app | Task 2 [aider]:         stopRequested = false;
2026-04-06 22:11:20 | INFO | bridge_app | Task 2 [aider]: 
2026-04-06 22:11:20 | INFO | bridge_app | Task 2 [aider]:     });
2026-04-06 22:11:20 | INFO | bridge_app | Task 2 [aider]: 
2026-04-06 22:11:20 | INFO | bridge_app | Task 2 [aider]: 
2026-04-06 22:11:20 | INFO | bridge_app | Task 2 [aider]: 
2026-04-06 22:11:20 | INFO | bridge_app | Task 2 [aider]:     return getUploadStatus();
2026-04-06 22:11:20 | INFO | bridge_app | Task 2 [aider]: 
2026-04-06 22:11:20 | INFO | bridge_app | Task 2 [aider]: }
2026-04-06 22:11:20 | INFO | bridge_app | Task 2 [aider]: 
2026-04-06 22:11:20 | INFO | bridge_app | Task 2 [aider]: 
2026-04-06 22:11:20 | INFO | bridge_app | Task 2 [aider]: 
2026-04-06 22:11:20 | INFO | bridge_app | Task 2 [aider]: async function stopUpload()
2026-04-06 22:11:20 | INFO | bridge_app | Task 2 [aider]: 
2026-04-06 22:11:20 | INFO | bridge_app | Task 2 [aider]: {
2026-04-06 22:11:20 | INFO | bridge_app | Task 2 [aider]: 
2026-04-06 22:11:20 | INFO | bridge_app | Task 2 [aider]:     if (!activeProcess)
2026-04-06 22:11:20 | INFO | bridge_app | Task 2 [aider]: 
2026-04-06 22:11:20 | INFO | bridge_app | Task 2 [aider]:     {
2026-04-06 22:11:20 | INFO | bridge_app | Task 2 [aider]: 
2026-04-06 22:11:20 | INFO | bridge_app | Task 2 [aider]:         return getUploadStatus();
2026-04-06 22:11:20 | INFO | bridge_app | Task 2 [aider]: 
2026-04-06 22:11:20 | INFO | bridge_app | Task 2 [aider]:     }
2026-04-06 22:11:20 | INFO | bridge_app | Task 2 [aider]: 
2026-04-06 22:11:20 | INFO | bridge_app | Task 2 [aider]: 
2026-04-06 22:11:20 | INFO | bridge_app | Task 2 [aider]: 
2026-04-06 22:11:20 | INFO | bridge_app | Task 2 [aider]:     stopRequested = true;
2026-04-06 22:11:20 | INFO | bridge_app | Task 2 [aider]: 
2026-04-06 22:11:20 | INFO | bridge_app | Task 2 [aider]:     pushLog("system", "Stopping active process.");
2026-04-06 22:11:20 | INFO | bridge_app | Task 2 [aider]: 
2026-04-06 22:11:20 | INFO | bridge_app | Task 2 [aider]: 
2026-04-06 22:11:20 | INFO | bridge_app | Task 2 [aider]: 
2026-04-06 22:11:20 | INFO | bridge_app | Task 2 [aider]:     if (process.platform === "win32")
2026-04-06 22:11:20 | INFO | bridge_app | Task 2 [aider]: 
2026-04-06 22:11:20 | INFO | bridge_app | Task 2 [aider]:     {
2026-04-06 22:11:20 | INFO | bridge_app | Task 2 [aider]: 
2026-04-06 22:11:20 | INFO | bridge_app | Task 2 [aider]:         const killer = spawn(
2026-04-06 22:11:20 | INFO | bridge_app | Task 2 [aider]: 
2026-04-06 22:11:20 | INFO | bridge_app | Task 2 [aider]:             "taskkill",
2026-04-06 22:11:20 | INFO | bridge_app | Task 2 [aider]: 
2026-04-06 22:11:20 | INFO | bridge_app | Task 2 [aider]:             ["/pid", String(activeProcess.pid), "/t", "/f"],
2026-04-06 22:11:20 | INFO | bridge_app | Task 2 [aider]: 
2026-04-06 22:11:20 | INFO | bridge_app | Task 2 [aider]:             {
2026-04-06 22:11:20 | INFO | bridge_app | Task 2 [aider]: 
2026-04-06 22:11:20 | INFO | bridge_app | Task 2 [aider]:                 windowsHide: true
2026-04-06 22:11:20 | INFO | bridge_app | Task 2 [aider]: 
2026-04-06 22:11:20 | INFO | bridge_app | Task 2 [aider]:             }
2026-04-06 22:11:20 | INFO | bridge_app | Task 2 [aider]: 
2026-04-06 22:11:20 | INFO | bridge_app | Task 2 [aider]:         );
2026-04-06 22:11:20 | INFO | bridge_app | Task 2 [aider]: 
2026-04-06 22:11:20 | INFO | bridge_app | Task 2 [aider]: 
2026-04-06 22:11:20 | INFO | bridge_app | Task 2 [aider]: 
2026-04-06 22:11:20 | INFO | bridge_app | Task 2 [aider]:         await new Promise(function waitForKill(resolve)
2026-04-06 22:11:20 | INFO | bridge_app | Task 2 [aider]: 
2026-04-06 22:11:20 | INFO | bridge_app | Task 2 [aider]:         {
2026-04-06 22:11:20 | INFO | bridge_app | Task 2 [aider]: 
2026-04-06 22:11:20 | INFO | bridge_app | Task 2 [aider]:             killer.on("exit", function handleKillExit()
2026-04-06 22:11:20 | INFO | bridge_app | Task 2 [aider]: 
2026-04-06 22:11:20 | INFO | bridge_app | Task 2 [aider]:             {
2026-04-06 22:11:20 | INFO | bridge_app | Task 2 [aider]: 
2026-04-06 22:11:20 | INFO | bridge_app | Task 2 [aider]:                 resolve();
2026-04-06 22:11:20 | INFO | bridge_app | Task 2 [aider]: 
2026-04-06 22:11:20 | INFO | bridge_app | Task 2 [aider]:             });
2026-04-06 22:11:20 | INFO | bridge_app | Task 2 [aider]: 
2026-04-06 22:11:20 | INFO | bridge_app | Task 2 [aider]:         });
2026-04-06 22:11:20 | INFO | bridge_app | Task 2 [aider]: 
2026-04-06 22:11:20 | INFO | bridge_app | Task 2 [aider]:     }
2026-04-06 22:11:20 | INFO | bridge_app | Task 2 [aider]: 
2026-04-06 22:11:20 | INFO | bridge_app | Task 2 [aider]:     else
2026-04-06 22:11:20 | INFO | bridge_app | Task 2 [aider]: 
2026-04-06 22:11:20 | INFO | bridge_app | Task 2 [aider]:     {
2026-04-06 22:11:20 | INFO | bridge_app | Task 2 [aider]: 
2026-04-06 22:11:20 | INFO | bridge_app | Task 2 [aider]:         activeProcess.kill("SIGTERM");
2026-04-06 22:11:20 | INFO | bridge_app | Task 2 [aider]: 
2026-04-06 22:11:20 | INFO | bridge_app | Task 2 [aider]:     }
2026-04-06 22:11:20 | INFO | bridge_app | Task 2 [aider]: 
2026-04-06 22:11:20 | INFO | bridge_app | Task 2 [aider]: 
2026-04-06 22:11:20 | INFO | bridge_app | Task 2 [aider]: 
2026-04-06 22:11:20 | INFO | bridge_app | Task 2 [aider]:     return getUploadStatus();
2026-04-06 22:11:20 | INFO | bridge_app | Task 2 [aider]: 
2026-04-06 22:11:20 | INFO | bridge_app | Task 2 [aider]: }
2026-04-06 22:11:20 | INFO | bridge_app | Task 2 [aider]: 
2026-04-06 22:11:20 | INFO | bridge_app | Task 2 [aider]: 
2026-04-06 22:11:20 | INFO | bridge_app | Task 2 [aider]: 
2026-04-06 22:11:20 | INFO | bridge_app | Task 2 [aider]: function emitChunk(streamName, chunk)
2026-04-06 22:11:20 | INFO | bridge_app | Task 2 [aider]: 
2026-04-06 22:11:20 | INFO | bridge_app | Task 2 [aider]: {
2026-04-06 22:11:20 | INFO | bridge_app | Task 2 [aider]: 
2026-04-06 22:11:20 | INFO | bridge_app | Task 2 [aider]:     const lines = String(chunk).split(/\r?\n/);
2026-04-06 22:11:20 | INFO | bridge_app | Task 2 [aider]: 
2026-04-06 22:11:20 | INFO | bridge_app | Task 2 [aider]: 
2026-04-06 22:11:20 | INFO | bridge_app | Task 2 [aider]: 
2026-04-06 22:11:20 | INFO | bridge_app | Task 2 [aider]:     for (const line of lines)
2026-04-06 22:11:20 | INFO | bridge_app | Task 2 [aider]: 
2026-04-06 22:11:20 | INFO | bridge_app | Task 2 [aider]:     {
2026-04-06 22:11:20 | INFO | bridge_app | Task 2 [aider]: 
2026-04-06 22:11:20 | INFO | bridge_app | Task 2 [aider]:         const trimmedLine = line.trimEnd();
2026-04-06 22:11:20 | INFO | bridge_app | Task 2 [aider]: 
2026-04-06 22:11:20 | INFO | bridge_app | Task 2 [aider]: 
2026-04-06 22:11:20 | INFO | bridge_app | Task 2 [aider]: 
2026-04-06 22:11:20 | INFO | bridge_app | Task 2 [aider]:         if (!trimmedLine)
2026-04-06 22:11:20 | INFO | bridge_app | Task 2 [aider]: 
2026-04-06 22:11:20 | INFO | bridge_app | Task 2 [aider]:         {
2026-04-06 22:11:20 | INFO | bridge_app | Task 2 [aider]: 
2026-04-06 22:11:20 | INFO | bridge_app | Task 2 [aider]:             continue;
2026-04-06 22:11:20 | INFO | bridge_app | Task 2 [aider]: 
2026-04-06 22:11:20 | INFO | bridge_app | Task 2 [aider]:         }
2026-04-06 22:11:20 | INFO | bridge_app | Task 2 [aider]: 
2026-04-06 22:11:20 | INFO | bridge_app | Task 2 [aider]: 
2026-04-06 22:11:20 | INFO | bridge_app | Task 2 [aider]: 
2026-04-06 22:11:20 | INFO | bridge_app | Task 2 [aider]:         pushLog(streamName, trimmedLine);
2026-04-06 22:11:20 | INFO | bridge_app | Task 2 [aider]: 
2026-04-06 22:11:20 | INFO | bridge_app | Task 2 [aider]:     }
2026-04-06 22:11:20 | INFO | bridge_app | Task 2 [aider]: 
2026-04-06 22:11:20 | INFO | bridge_app | Task 2 [aider]: }
2026-04-06 22:11:20 | INFO | bridge_app | Task 2 [aider]: 
2026-04-06 22:11:20 | INFO | bridge_app | Task 2 [aider]: 
2026-04-06 22:11:20 | INFO | bridge_app | Task 2 [aider]: 
2026-04-06 22:11:20 | INFO | bridge_app | Task 2 [aider]: function pushLog(streamName, message)
2026-04-06 22:11:20 | INFO | bridge_app | Task 2 [aider]: 
2026-04-06 22:11:20 | INFO | bridge_app | Task 2 [aider]: {
2026-04-06 22:11:20 | INFO | bridge_app | Task 2 [aider]: 
2026-04-06 22:11:20 | INFO | bridge_app | Task 2 [aider]:     const entry = {
2026-04-06 22:11:20 | INFO | bridge_app | Task 2 [aider]: 
2026-04-06 22:11:20 | INFO | bridge_app | Task 2 [aider]:         id: String(Date.now()) + "-" + String(logBuffer.length + 1),
2026-04-06 22:11:20 | INFO | bridge_app | Task 2 [aider]: 
2026-04-06 22:11:20 | INFO | bridge_app | Task 2 [aider]:         timestamp: new Date().toISOString(),
2026-04-06 22:11:20 | INFO | bridge_app | Task 2 [aider]: 
2026-04-06 22:11:20 | INFO | bridge_app | Task 2 [aider]:         stream: streamName,
2026-04-06 22:11:20 | INFO | bridge_app | Task 2 [aider]: 
2026-04-06 22:11:20 | INFO | bridge_app | Task 2 [aider]:         message: message
2026-04-06 22:11:20 | INFO | bridge_app | Task 2 [aider]: 
2026-04-06 22:11:20 | INFO | bridge_app | Task 2 [aider]:     };
2026-04-06 22:11:20 | INFO | bridge_app | Task 2 [aider]: 
2026-04-06 22:11:20 | INFO | bridge_app | Task 2 [aider]: 
2026-04-06 22:11:20 | INFO | bridge_app | Task 2 [aider]: 
2026-04-06 22:11:20 | INFO | bridge_app | Task 2 [aider]:     logBuffer.push(entry);
2026-04-06 22:11:20 | INFO | bridge_app | Task 2 [aider]: 
2026-04-06 22:11:20 | INFO | bridge_app | Task 2 [aider]: 
2026-04-06 22:11:20 | INFO | bridge_app | Task 2 [aider]: 
2026-04-06 22:11:20 | INFO | bridge_app | Task 2 [aider]:     if (logBuffer.length > 500)
2026-04-06 22:11:20 | INFO | bridge_app | Task 2 [aider]: 
2026-04-06 22:11:20 | INFO | bridge_app | Task 2 [aider]:     {
2026-04-06 22:11:20 | INFO | bridge_app | Task 2 [aider]: 
2026-04-06 22:11:20 | INFO | bridge_app | Task 2 [aider]:         logBuffer = logBuffer.slice(logBuffer.length - 500);
2026-04-06 22:11:20 | INFO | bridge_app | Task 2 [aider]: 
2026-04-06 22:11:20 | INFO | bridge_app | Task 2 [aider]:     }
2026-04-06 22:11:20 | INFO | bridge_app | Task 2 [aider]: 
2026-04-06 22:11:20 | INFO | bridge_app | Task 2 [aider]: 
2026-04-06 22:11:20 | INFO | bridge_app | Task 2 [aider]: 
2026-04-06 22:11:20 | INFO | bridge_app | Task 2 [aider]:     sendLog(entry);
2026-04-06 22:11:20 | INFO | bridge_app | Task 2 [aider]: 
2026-04-06 22:11:20 | INFO | bridge_app | Task 2 [aider]: }
2026-04-06 22:11:20 | INFO | bridge_app | Task 2 [aider]: 
2026-04-06 22:11:20 | INFO | bridge_app | Task 2 [aider]: 
2026-04-06 22:11:20 | INFO | bridge_app | Task 2 [aider]: 
2026-04-06 22:11:20 | INFO | bridge_app | Task 2 [aider]: function sendLog(entry)
2026-04-06 22:11:20 | INFO | bridge_app | Task 2 [aider]: 
2026-04-06 22:11:20 | INFO | bridge_app | Task 2 [aider]: {
2026-04-06 22:11:20 | INFO | bridge_app | Task 2 [aider]: 
2026-04-06 22:11:20 | INFO | bridge_app | Task 2 [aider]:     if (!getMainWindow)
2026-04-06 22:11:20 | INFO | bridge_app | Task 2 [aider]: 
2026-04-06 22:11:20 | INFO | bridge_app | Task 2 [aider]:     {
2026-04-06 22:11:20 | INFO | bridge_app | Task 2 [aider]: 
2026-04-06 22:11:20 | INFO | bridge_app | Task 2 [aider]:         return;
2026-04-06 22:11:20 | INFO | bridge_app | Task 2 [aider]: 
2026-04-06 22:11:20 | INFO | bridge_app | Task 2 [aider]:     }
2026-04-06 22:11:20 | INFO | bridge_app | Task 2 [aider]: 
2026-04-06 22:11:20 | INFO | bridge_app | Task 2 [aider]: 
2026-04-06 22:11:20 | INFO | bridge_app | Task 2 [aider]: 
2026-04-06 22:11:20 | INFO | bridge_app | Task 2 [aider]:     const mainWindow = getMainWindow();
2026-04-06 22:11:20 | INFO | bridge_app | Task 2 [aider]: 
2026-04-06 22:11:20 | INFO | bridge_app | Task 2 [aider]: 
2026-04-06 22:11:20 | INFO | bridge_app | Task 2 [aider]: 
2026-04-06 22:11:20 | INFO | bridge_app | Task 2 [aider]:     if (!mainWindow || mainWindow.isDestroyed() || !mainWindow.webContents)
2026-04-06 22:11:20 | INFO | bridge_app | Task 2 [aider]: 
2026-04-06 22:11:20 | INFO | bridge_app | Task 2 [aider]:     {
2026-04-06 22:11:20 | INFO | bridge_app | Task 2 [aider]: 
2026-04-06 22:11:20 | INFO | bridge_app | Task 2 [aider]:         return;
2026-04-06 22:11:20 | INFO | bridge_app | Task 2 [aider]: 
2026-04-06 22:11:20 | INFO | bridge_app | Task 2 [aider]:     }
2026-04-06 22:11:20 | INFO | bridge_app | Task 2 [aider]: 
2026-04-06 22:11:20 | INFO | bridge_app | Task 2 [aider]: 
2026-04-06 22:11:20 | INFO | bridge_app | Task 2 [aider]: 
2026-04-06 22:11:20 | INFO | bridge_app | Task 2 [aider]:     mainWindow.webContents.send("app:log", entry);
2026-04-06 22:11:20 | INFO | bridge_app | Task 2 [aider]: 
2026-04-06 22:11:20 | INFO | bridge_app | Task 2 [aider]: }
2026-04-06 22:11:20 | INFO | bridge_app | Task 2 [aider]: 
2026-04-06 22:11:20 | INFO | bridge_app | Task 2 [aider]: 
2026-04-06 22:11:20 | INFO | bridge_app | Task 2 [aider]: 
2026-04-06 22:11:20 | INFO | bridge_app | Task 2 [aider]: function updateStatus(partialStatus)
2026-04-06 22:11:20 | INFO | bridge_app | Task 2 [aider]: 
2026-04-06 22:11:20 | INFO | bridge_app | Task 2 [aider]: {
2026-04-06 22:11:20 | INFO | bridge_app | Task 2 [aider]: 
2026-04-06 22:11:20 | INFO | bridge_app | Task 2 [aider]:     status = {
2026-04-06 22:11:20 | INFO | bridge_app | Task 2 [aider]: 
2026-04-06 22:11:20 | INFO | bridge_app | Task 2 [aider]:         ...status,
2026-04-06 22:11:20 | INFO | bridge_app | Task 2 [aider]: 
2026-04-06 22:11:20 | INFO | bridge_app | Task 2 [aider]:         ...partialStatus
2026-04-06 22:11:20 | INFO | bridge_app | Task 2 [aider]: 
2026-04-06 22:11:20 | INFO | bridge_app | Task 2 [aider]:     };
2026-04-06 22:11:20 | INFO | bridge_app | Task 2 [aider]: 
2026-04-06 22:11:20 | INFO | bridge_app | Task 2 [aider]: }
2026-04-06 22:11:20 | INFO | bridge_app | Task 2 [aider]: 
2026-04-06 22:11:20 | INFO | bridge_app | Task 2 [aider]: 
2026-04-06 22:11:20 | INFO | bridge_app | Task 2 [aider]: 
2026-04-06 22:11:20 | INFO | bridge_app | Task 2 [aider]: function buildUploadCommand(payload)
2026-04-06 22:11:20 | INFO | bridge_app | Task 2 [aider]: 
2026-04-06 22:11:20 | INFO | bridge_app | Task 2 [aider]: {
2026-04-06 22:11:20 | INFO | bridge_app | Task 2 [aider]: 
2026-04-06 22:11:20 | INFO | bridge_app | Task 2 [aider]:     const platforms = payload.platforms || {};
2026-04-06 22:11:20 | INFO | bridge_app | Task 2 [aider]: 
2026-04-06 22:11:20 | INFO | bridge_app | Task 2 [aider]:     const options = payload.options || {};
2026-04-06 22:11:20 | INFO | bridge_app | Task 2 [aider]: 
2026-04-06 22:11:20 | INFO | bridge_app | Task 2 [aider]:     const youtubeEnabled = Boolean(platforms.youtube);
2026-04-06 22:11:20 | INFO | bridge_app | Task 2 [aider]: 
2026-04-06 22:11:20 | INFO | bridge_app | Task 2 [aider]:     const instagramEnabled = Boolean(platforms.instagram);
2026-04-06 22:11:20 | INFO | bridge_app | Task 2 [aider]: 
2026-04-06 22:11:20 | INFO | bridge_app | Task 2 [aider]:     const facebookEnabled = Boolean(platforms.facebook);
2026-04-06 22:11:20 | INFO | bridge_app | Task 2 [aider]: 
2026-04-06 22:11:20 | INFO | bridge_app | Task 2 [aider]:     const selectedMetaPlatform = instagramEnabled && facebookEnabled ? "both" :
2026-04-06 22:11:20 | INFO | bridge_app | Task 2 [aider]: instagramEnabled ? "instagram" : "facebook";
2026-04-06 22:11:20 | INFO | bridge_app | Task 2 [aider]: 
2026-04-06 22:11:20 | INFO | bridge_app | Task 2 [aider]: 
2026-04-06 22:11:20 | INFO | bridge_app | Task 2 [aider]: 
2026-04-06 22:11:20 | INFO | bridge_app | Task 2 [aider]:     if (!youtubeEnabled && !instagramEnabled && !facebookEnabled)
2026-04-06 22:11:20 | INFO | bridge_app | Task 2 [aider]: 
2026-04-06 22:11:20 | INFO | bridge_app | Task 2 [aider]:     {
2026-04-06 22:11:20 | INFO | bridge_app | Task 2 [aider]: 
2026-04-06 22:11:20 | INFO | bridge_app | Task 2 [aider]:         throw new Error("Select at least one platform before starting an 
2026-04-06 22:11:20 | INFO | bridge_app | Task 2 [aider]: upload.");
2026-04-06 22:11:20 | INFO | bridge_app | Task 2 [aider]: 
2026-04-06 22:11:20 | INFO | bridge_app | Task 2 [aider]:     }
2026-04-06 22:11:20 | INFO | bridge_app | Task 2 [aider]: 
2026-04-06 22:11:20 | INFO | bridge_app | Task 2 [aider]: 
2026-04-06 22:11:20 | INFO | bridge_app | Task 2 [aider]: 
2026-04-06 22:11:20 | INFO | bridge_app | Task 2 [aider]:     const maxVid = String((options.maxVideos && Number(options.maxVideos) >= 1)
2026-04-06 22:11:20 | INFO | bridge_app | Task 2 [aider]: ? Math.round(Number(options.maxVideos)) : 1);
2026-04-06 22:11:20 | INFO | bridge_app | Task 2 [aider]: 
2026-04-06 22:11:20 | INFO | bridge_app | Task 2 [aider]: 
2026-04-06 22:11:20 | INFO | bridge_app | Task 2 [aider]: 
2026-04-06 22:11:20 | INFO | bridge_app | Task 2 [aider]:     if (!youtubeEnabled && (instagramEnabled || facebookEnabled))
2026-04-06 22:11:20 | INFO | bridge_app | Task 2 [aider]: 
2026-04-06 22:11:20 | INFO | bridge_app | Task 2 [aider]:     {
2026-04-06 22:11:20 | INFO | bridge_app | Task 2 [aider]: 
2026-04-06 22:11:20 | INFO | bridge_app | Task 2 [aider]:         const metaArgs = [
2026-04-06 22:11:20 | INFO | bridge_app | Task 2 [aider]: 
2026-04-06 22:11:20 | INFO | bridge_app | Task 2 [aider]:             "--platform",
2026-04-06 22:11:20 | INFO | bridge_app | Task 2 [aider]: 
2026-04-06 22:11:20 | INFO | bridge_app | Task 2 [aider]:             selectedMetaPlatform,
2026-04-06 22:11:20 | INFO | bridge_app | Task 2 [aider]: 
2026-04-06 22:11:20 | INFO | bridge_app | Task 2 [aider]:             "--max-videos",
2026-04-06 22:11:20 | INFO | bridge_app | Task 2 [aider]: 
2026-04-06 22:11:20 | INFO | bridge_app | Task 2 [aider]:             maxVid
2026-04-06 22:11:20 | INFO | bridge_app | Task 2 [aider]: 
2026-04-06 22:11:20 | INFO | bridge_app | Task 2 [aider]:         ];
2026-04-06 22:11:20 | INFO | bridge_app | Task 2 [aider]: 
2026-04-06 22:11:20 | INFO | bridge_app | Task 2 [aider]:         if (options.videosRoot) { metaArgs.push("--root", options.videosRoot); 
2026-04-06 22:11:20 | INFO | bridge_app | Task 2 [aider]: }
2026-04-06 22:11:20 | INFO | bridge_app | Task 2 [aider]: 
2026-04-06 22:11:20 | INFO | bridge_app | Task 2 [aider]:         if (options.dryRun) { metaArgs.push("--dry-run"); }
2026-04-06 22:11:20 | INFO | bridge_app | Task 2 [aider]: 
2026-04-06 22:11:20 | INFO | bridge_app | Task 2 [aider]:         if (options.ffmpegBin) { metaArgs.push("--ffmpeg-bin", 
2026-04-06 22:11:20 | INFO | bridge_app | Task 2 [aider]: options.ffmpegBin); }
2026-04-06 22:11:20 | INFO | bridge_app | Task 2 [aider]: 
2026-04-06 22:11:20 | INFO | bridge_app | Task 2 [aider]:         if (options.ffprobeBin) { metaArgs.push("--ffprobe-bin", 
2026-04-06 22:11:20 | INFO | bridge_app | Task 2 [aider]: options.ffprobeBin); }
2026-04-06 22:11:20 | INFO | bridge_app | Task 2 [aider]: 
2026-04-06 22:11:20 | INFO | bridge_app | Task 2 [aider]:         if (options.extensions) { metaArgs.push("--extensions", 
2026-04-06 22:11:20 | INFO | bridge_app | Task 2 [aider]: options.extensions); } // New line
2026-04-06 22:11:20 | INFO | bridge_app | Task 2 [aider]: 
2026-04-06 22:11:20 | INFO | bridge_app | Task 2 [aider]:         if (options.excludeDirectories) { metaArgs.push("--exclude-dirs", 
2026-04-06 22:11:20 | INFO | bridge_app | Task 2 [aider]: options.excludeDirectories); } // New line
2026-04-06 22:11:20 | INFO | bridge_app | Task 2 [aider]: 
2026-04-06 22:11:20 | INFO | bridge_app | Task 2 [aider]:         if (options.excludeFiles) { metaArgs.push("--exclude-files", 
2026-04-06 22:11:20 | INFO | bridge_app | Task 2 [aider]: options.excludeFiles); } // New line
2026-04-06 22:11:20 | INFO | bridge_app | Task 2 [aider]: 
2026-04-06 22:11:20 | INFO | bridge_app | Task 2 [aider]:         if (options.requireUploadedOn) { metaArgs.push("--require-uploaded-on",
2026-04-06 22:11:20 | INFO | bridge_app | Task 2 [aider]: options.requireUploadedOn); } // New line
2026-04-06 22:11:20 | INFO | bridge_app | Task 2 [aider]: 
2026-04-06 22:11:20 | INFO | bridge_app | Task 2 [aider]:         if (options.requireMissingOn) { metaArgs.push("--require-missing-on", 
2026-04-06 22:11:20 | INFO | bridge_app | Task 2 [aider]: options.requireMissingOn); } // New line
2026-04-06 22:11:20 | INFO | bridge_app | Task 2 [aider]: 
2026-04-06 22:11:20 | INFO | bridge_app | Task 2 [aider]:         if (options.clientSecretsPath) { metaArgs.push("--client-secrets", 
2026-04-06 22:11:20 | INFO | bridge_app | Task 2 [aider]: options.clientSecretsPath); } // New line
2026-04-06 22:11:20 | INFO | bridge_app | Task 2 [aider]: 
2026-04-06 22:11:20 | INFO | bridge_app | Task 2 [aider]:         if (options.tokenFilePath) { metaArgs.push("--token-file", 
2026-04-06 22:11:20 | INFO | bridge_app | Task 2 [aider]: options.tokenFilePath); } // New line
2026-04-06 22:11:20 | INFO | bridge_app | Task 2 [aider]: 
2026-04-06 22:11:20 | INFO | bridge_app | Task 2 [aider]:         return {
2026-04-06 22:11:20 | INFO | bridge_app | Task 2 [aider]: 
2026-04-06 22:11:20 | INFO | bridge_app | Task 2 [aider]:             scriptName: "metaBatchReelsUpload.py",
2026-04-06 22:11:20 | INFO | bridge_app | Task 2 [aider]: 
2026-04-06 22:11:20 | INFO | bridge_app | Task 2 [aider]:             platformLabel: selectedMetaPlatform,
2026-04-06 22:11:20 | INFO | bridge_app | Task 2 [aider]: 
2026-04-06 22:11:20 | INFO | bridge_app | Task 2 [aider]:             scriptArgs: metaArgs
2026-04-06 22:11:20 | INFO | bridge_app | Task 2 [aider]: 
2026-04-06 22:11:20 | INFO | bridge_app | Task 2 [aider]:         };
2026-04-06 22:11:20 | INFO | bridge_app | Task 2 [aider]: 
2026-04-06 22:11:20 | INFO | bridge_app | Task 2 [aider]:     }
2026-04-06 22:11:20 | INFO | bridge_app | Task 2 [aider]: 
2026-04-06 22:11:20 | INFO | bridge_app | Task 2 [aider]: 
2026-04-06 22:11:20 | INFO | bridge_app | Task 2 [aider]: 
2026-04-06 22:11:20 | INFO | bridge_app | Task 2 [aider]:     const args = [
2026-04-06 22:11:20 | INFO | bridge_app | Task 2 [aider]: 
2026-04-06 22:11:20 | INFO | bridge_app | Task 2 [aider]:         "--upload-platform",
2026-04-06 22:11:20 | INFO | bridge_app | Task 2 [aider]: 
2026-04-06 22:11:20 | INFO | bridge_app | Task 2 [aider]:         "youtube",
2026-04-06 22:11:20 | INFO | bridge_app | Task 2 [aider]: 
2026-04-06 22:11:20 | INFO | bridge_app | Task 2 [aider]:         "--max-videos",
2026-04-06 22:11:20 | INFO | bridge_app | Task 2 [aider]: 
2026-04-06 22:11:20 | INFO | bridge_app | Task 2 [aider]:         maxVid,
2026-04-06 22:11:20 | INFO | bridge_app | Task 2 [aider]: 
2026-04-06 22:11:20 | INFO | bridge_app | Task 2 [aider]:         "--allow-fallback"
2026-04-06 22:11:20 | INFO | bridge_app | Task 2 [aider]: 
2026-04-06 22:11:20 | INFO | bridge_app | Task 2 [aider]:     ];
2026-04-06 22:11:20 | INFO | bridge_app | Task 2 [aider]: 
2026-04-06 22:11:20 | INFO | bridge_app | Task 2 [aider]: 
2026-04-06 22:11:20 | INFO | bridge_app | Task 2 [aider]: 
2026-04-06 22:11:20 | INFO | bridge_app | Task 2 [aider]:     if (options.includeShorts)
2026-04-06 22:11:20 | INFO | bridge_app | Task 2 [aider]: 
2026-04-06 22:11:20 | INFO | bridge_app | Task 2 [aider]:     {
2026-04-06 22:11:20 | INFO | bridge_app | Task 2 [aider]: 
2026-04-06 22:11:20 | INFO | bridge_app | Task 2 [aider]:         args.push("--shorts-policy", "convert");
2026-04-06 22:11:20 | INFO | bridge_app | Task 2 [aider]: 
2026-04-06 22:11:20 | INFO | bridge_app | Task 2 [aider]:     }
2026-04-06 22:11:20 | INFO | bridge_app | Task 2 [aider]: 
2026-04-06 22:11:20 | INFO | bridge_app | Task 2 [aider]:     else
2026-04-06 22:11:20 | INFO | bridge_app | Task 2 [aider]: 
2026-04-06 22:11:20 | INFO | bridge_app | Task 2 [aider]:     {
2026-04-06 22:11:20 | INFO | bridge_app | Task 2 [aider]: 
2026-04-06 22:11:20 | INFO | bridge_app | Task 2 [aider]:         args.push("--shorts-policy", "off");
2026-04-06 22:11:20 | INFO | bridge_app | Task 2 [aider]: 
2026-04-06 22:11:20 | INFO | bridge_app | Task 2 [aider]:     }
2026-04-06 22:11:20 | INFO | bridge_app | Task 2 [aider]: 
2026-04-06 22:11:20 | INFO | bridge_app | Task 2 [aider]: 
2026-04-06 22:11:20 | INFO | bridge_app | Task 2 [aider]: 
2026-04-06 22:11:20 | INFO | bridge_app | Task 2 [aider]:     if (!options.includeMetadata)
2026-04-06 22:11:20 | INFO | bridge_app | Task 2 [aider]: 
2026-04-06 22:11:20 | INFO | bridge_app | Task 2 [aider]:     {
2026-04-06 22:11:20 | INFO | bridge_app | Task 2 [aider]: 
2026-04-06 22:11:20 | INFO | bridge_app | Task 2 [aider]:         args.push("--no-ai");
2026-04-06 22:11:20 | INFO | bridge_app | Task 2 [aider]: 
2026-04-06 22:11:20 | INFO | bridge_app | Task 2 [aider]:     }
2026-04-06 22:11:20 | INFO | bridge_app | Task 2 [aider]: 
2026-04-06 22:11:20 | INFO | bridge_app | Task 2 [aider]: 
2026-04-06 22:11:20 | INFO | bridge_app | Task 2 [aider]: 
2026-04-06 22:11:20 | INFO | bridge_app | Task 2 [aider]:     if (!options.includeMusic)
2026-04-06 22:11:20 | INFO | bridge_app | Task 2 [aider]: 
2026-04-06 22:11:20 | INFO | bridge_app | Task 2 [aider]:     {
2026-04-06 22:11:20 | INFO | bridge_app | Task 2 [aider]: 
2026-04-06 22:11:20 | INFO | bridge_app | Task 2 [aider]:         args.push("--music-dir=");
2026-04-06 22:11:20 | INFO | bridge_app | Task 2 [aider]: 
2026-04-06 22:11:20 | INFO | bridge_app | Task 2 [aider]:     }
2026-04-06 22:11:20 | INFO | bridge_app | Task 2 [aider]: 
2026-04-06 22:11:20 | INFO | bridge_app | Task 2 [aider]: 
2026-04-06 22:11:20 | INFO | bridge_app | Task 2 [aider]: 
2026-04-06 22:11:20 | INFO | bridge_app | Task 2 [aider]:     if (instagramEnabled || facebookEnabled)
2026-04-06 22:11:20 | INFO | bridge_app | Task 2 [aider]: 
2026-04-06 22:11:20 | INFO | bridge_app | Task 2 [aider]:     {
2026-04-06 22:11:20 | INFO | bridge_app | Task 2 [aider]: 
2026-04-06 22:11:20 | INFO | bridge_app | Task 2 [aider]:         args.push("--crosspost-meta");
2026-04-06 22:11:20 | INFO | bridge_app | Task 2 [aider]: 
2026-04-06 22:11:20 | INFO | bridge_app | Task 2 [aider]:         args.push("--meta-platform", selectedMetaPlatform);
2026-04-06 22:11:20 | INFO | bridge_app | Task 2 [aider]: 
2026-04-06 22:11:20 | INFO | bridge_app | Task 2 [aider]:     }
2026-04-06 22:11:20 | INFO | bridge_app | Task 2 [aider]: 
2026-04-06 22:11:20 | INFO | bridge_app | Task 2 [aider]: 
2026-04-06 22:11:20 | INFO | bridge_app | Task 2 [aider]: 
2026-04-06 22:11:20 | INFO | bridge_app | Task 2 [aider]:     if (options.videosRoot) { args.push("--root", options.videosRoot); }
2026-04-06 22:11:20 | INFO | bridge_app | Task 2 [aider]: 
2026-04-06 22:11:20 | INFO | bridge_app | Task 2 [aider]:     if (options.privacy) { args.push("--privacy", options.privacy); }
2026-04-06 22:11:20 | INFO | bridge_app | Task 2 [aider]: 
2026-04-06 22:11:20 | INFO | bridge_app | Task 2 [aider]:     if (options.playlistName) { args.push("--playlist-name", 
2026-04-06 22:11:20 | INFO | bridge_app | Task 2 [aider]: options.playlistName); }
2026-04-06 22:11:20 | INFO | bridge_app | Task 2 [aider]: 
2026-04-06 22:11:20 | INFO | bridge_app | Task 2 [aider]:     if (options.dryRun) { args.push("--dry-run"); }
2026-04-06 22:11:20 | INFO | bridge_app | Task 2 [aider]: 
2026-04-06 22:11:20 | INFO | bridge_app | Task 2 [aider]:     if (options.ffmpegBin) { args.push("--ffmpeg-bin", options.ffmpegBin); }
2026-04-06 22:11:20 | INFO | bridge_app | Task 2 [aider]: 
2026-04-06 22:11:20 | INFO | bridge_app | Task 2 [aider]:     if (options.ffprobeBin) { args.push("--ffprobe-bin", options.ffprobeBin); }
2026-04-06 22:11:20 | INFO | bridge_app | Task 2 [aider]: 
2026-04-06 22:11:20 | INFO | bridge_app | Task 2 [aider]: 
2026-04-06 22:11:20 | INFO | bridge_app | Task 2 [aider]: 
2026-04-06 22:11:20 | INFO | bridge_app | Task 2 [aider]:     return {
2026-04-06 22:11:20 | INFO | bridge_app | Task 2 [aider]: 
2026-04-06 22:11:20 | INFO | bridge_app | Task 2 [aider]:         scriptName: "youtubeBatchUpload.py",
2026-04-06 22:11:20 | INFO | bridge_app | Task 2 [aider]: 
2026-04-06 22:11:20 | INFO | bridge_app | Task 2 [aider]:         platformLabel: instagramEnabled || facebookEnabled ? "youtube+" + 
2026-04-06 22:11:20 | INFO | bridge_app | Task 2 [aider]: selectedMetaPlatform : "youtube",
2026-04-06 22:11:20 | INFO | bridge_app | Task 2 [aider]: 
2026-04-06 22:11:20 | INFO | bridge_app | Task 2 [aider]:         scriptArgs: args
2026-04-06 22:11:20 | INFO | bridge_app | Task 2 [aider]: 
2026-04-06 22:11:20 | INFO | bridge_app | Task 2 [aider]:     };
2026-04-06 22:11:20 | INFO | bridge_app | Task 2 [aider]: 
2026-04-06 22:11:20 | INFO | bridge_app | Task 2 [aider]: }
2026-04-06 22:11:20 | INFO | bridge_app | Task 2 [aider]: 
2026-04-06 22:11:20 | INFO | bridge_app | Task 2 [aider]: 
2026-04-06 22:11:20 | INFO | bridge_app | Task 2 [aider]: 
2026-04-06 22:11:20 | INFO | bridge_app | Task 2 [aider]: module.exports = {
2026-04-06 22:11:20 | INFO | bridge_app | Task 2 [aider]: 
2026-04-06 22:11:20 | INFO | bridge_app | Task 2 [aider]:     attachWindowGetter: attachWindowGetter,
2026-04-06 22:11:20 | INFO | bridge_app | Task 2 [aider]: 
2026-04-06 22:11:20 | INFO | bridge_app | Task 2 [aider]:     getUploadStatus: getUploadStatus,
2026-04-06 22:11:20 | INFO | bridge_app | Task 2 [aider]: 
2026-04-06 22:11:20 | INFO | bridge_app | Task 2 [aider]:     runUpload: runUpload,
2026-04-06 22:11:20 | INFO | bridge_app | Task 2 [aider]: 
2026-04-06 22:11:20 | INFO | bridge_app | Task 2 [aider]:     stopUpload: stopUpload,
2026-04-06 22:11:20 | INFO | bridge_app | Task 2 [aider]: 
2026-04-06 22:11:20 | INFO | bridge_app | Task 2 [aider]:     streamLog: streamLog
2026-04-06 22:11:20 | INFO | bridge_app | Task 2 [aider]: 
2026-04-06 22:11:20 | INFO | bridge_app | Task 2 [aider]: };
2026-04-06 22:11:20 | INFO | bridge_app | Task 2 [aider]: 
2026-04-06 22:11:20 | INFO | bridge_app | Task 2 [aider]: ```
2026-04-06 22:11:20 | INFO | bridge_app | Task 2 [aider]: 
2026-04-06 22:11:20 | INFO | bridge_app | Task 2 [aider]: Tokens: 6.0k sent, 2.2k received.
2026-04-06 22:11:20 | INFO | bridge_app | Task 2 [aider]: 
2026-04-06 22:11:20 | INFO | bridge_app | Task 2 [aider]: metaBatchReelsUpload.py
2026-04-06 22:11:20 | INFO | bridge_app | Task 2 [aider]: 
2026-04-06 22:11:20 | INFO | bridge_app | Task 2 [aider]: youtubeBatchUpload.py
2026-04-06 22:11:21 | INFO | bridge_app | Task 2 [aider]: Warning: it's best to only add files that need changes to the chat.
2026-04-06 22:11:21 | INFO | bridge_app | Task 2 [aider]: https://aider.chat/docs/troubleshooting/edit-errors.html
2026-04-06 22:11:21 | INFO | bridge_app | Task 2 [aider]: Your estimated chat context of 33,466 tokens exceeds the 32,768 token limit for
2026-04-06 22:11:21 | INFO | bridge_app | Task 2 [aider]: ollama/qwen2.5-coder:7b!
2026-04-06 22:11:21 | INFO | bridge_app | Task 2 [aider]: To reduce the chat context:
2026-04-06 22:11:21 | INFO | bridge_app | Task 2 [aider]: - Use /drop to remove unneeded files from the chat
2026-04-06 22:11:21 | INFO | bridge_app | Task 2 [aider]: - Use /clear to clear the chat history
2026-04-06 22:11:21 | INFO | bridge_app | Task 2 [aider]: - Break your code into smaller files
2026-04-06 22:11:21 | INFO | bridge_app | Task 2 [aider]: It's probably safe to try and send the request, most providers won't charge if 
2026-04-06 22:11:21 | INFO | bridge_app | Task 2 [aider]: the context limit is exceeded.
2026-04-06 22:11:55 | INFO | bridge_app | Task 2 [aider]: No other files need to be added for this task. The provided files 
2026-04-06 22:11:55 | INFO | bridge_app | Task 2 [aider]: (`metaBatchReelsUpload.py` and `youtubeBatchUpload.py`) contain the necessary 
2026-04-06 22:11:55 | INFO | bridge_app | Task 2 [aider]: logic for handling video filters and credentials as specified in your 
2026-04-06 22:11:55 | INFO | bridge_app | Task 2 [aider]: requirements.
2026-04-06 22:11:55 | INFO | bridge_app | Task 2 [aider]: 
2026-04-06 22:11:55 | INFO | bridge_app | Task 2 [aider]: Tokens: 33k sent, 46 received.
2026-04-06 22:11:55 | WARNING | bridge_app | Task 2: model edited 2 out-of-scope file(s) — reverting: bridge_progress/project_knowledge.json, bridge_progress/project_snapshot.json
2026-04-06 22:11:55 | WARNING | bridge_app | Task 2: Aider exited 0 but these file(s) are unchanged: uploadService.js
2026-04-06 22:11:55 | WARNING | bridge_app | Task 2: Aider failed (exit 0): Aider exit code 0: Aider reported success but did not modify: uploadService.js. Implement the task completely — do not skip or stub.
2026-04-06 22:11:55 | INFO | bridge_app | Task 2: failure classified as 'context_overflow' — Remove repo-map, strip context files, minimize prompt
2026-04-06 22:11:55 | INFO | bridge_app | Task 2: backing off 1s before retry 2 (skipping review — no useful output)
2026-04-06 22:11:56 | INFO | bridge_app | Task 2 — attempt 2/4 — files: app/electron/services/uploadService.js
2026-04-06 22:11:56 | INFO | bridge_app | Task 2: estimated LLM generation ~108s (timeout=600s, diff format)
2026-04-06 22:11:56 | INFO | bridge_app | Edit format: whole (373 lines — under 2000 threshold)
2026-04-06 22:11:59 | INFO | bridge_app | Task 2 [aider]: Can't initialize prompt toolkit: Found xterm-256color, while expecting a 
2026-04-06 22:11:59 | INFO | bridge_app | Task 2 [aider]: Windows console. Maybe try to run this program using "winpty" or run it in 
2026-04-06 22:11:59 | INFO | bridge_app | Task 2 [aider]: cmd.exe instead. Or otherwise, in case of Cygwin, use the Python executable 
2026-04-06 22:11:59 | INFO | bridge_app | Task 2 [aider]: that is compiled for Cygwin.
2026-04-06 22:12:05 | INFO | bridge_app | Task 2 [aider]: 
2026-04-06 22:12:05 | INFO | bridge_app | Task 2 [aider]: Aider v0.86.2
2026-04-06 22:12:05 | INFO | bridge_app | Task 2 [aider]: Model: ollama/qwen2.5-coder:7b with whole edit format
2026-04-06 22:12:05 | INFO | bridge_app | Task 2 [aider]: Git repo: .git with 485 files
2026-04-06 22:12:05 | INFO | bridge_app | Task 2 [aider]: Repo-map: using 1024 tokens, manual refresh
2026-04-06 22:12:05 | INFO | bridge_app | Task 2 [aider]: Added app\electron\services\uploadService.js to the chat.
2026-04-06 22:12:05 | INFO | bridge_app | Task 2 [aider]: 
2026-04-06 22:12:05 | INFO | bridge_app | Task 2 [aider]: 
2026-04-06 22:12:05 | INFO | bridge_app | Task 2 [aider]: app\useAppStore.js
2026-04-06 22:12:58 | INFO | bridge_app | Task 2 [aider]: uploadService.js
2026-04-06 22:12:58 | INFO | bridge_app | Task 2 [aider]: 
2026-04-06 22:12:58 | INFO | bridge_app | Task 2 [aider]: ```
2026-04-06 22:12:58 | INFO | bridge_app | Task 2 [aider]: const path = require("path");
2026-04-06 22:12:58 | INFO | bridge_app | Task 2 [aider]: 
2026-04-06 22:12:58 | INFO | bridge_app | Task 2 [aider]: const { spawn } = require("child_process");
2026-04-06 22:12:58 | INFO | bridge_app | Task 2 [aider]: 
2026-04-06 22:12:58 | INFO | bridge_app | Task 2 [aider]: const { getRepoRoot } = require("./pathService");
2026-04-06 22:12:58 | INFO | bridge_app | Task 2 [aider]: 
2026-04-06 22:12:58 | INFO | bridge_app | Task 2 [aider]: const { resolvePythonCommand } = require("./pythonService");
2026-04-06 22:12:58 | INFO | bridge_app | Task 2 [aider]: 
2026-04-06 22:12:58 | INFO | bridge_app | Task 2 [aider]: 
2026-04-06 22:12:58 | INFO | bridge_app | Task 2 [aider]: 
2026-04-06 22:12:58 | INFO | bridge_app | Task 2 [aider]: let getMainWindow = null;
2026-04-06 22:12:58 | INFO | bridge_app | Task 2 [aider]: 
2026-04-06 22:12:58 | INFO | bridge_app | Task 2 [aider]: let activeProcess = null;
2026-04-06 22:12:58 | INFO | bridge_app | Task 2 [aider]: 
2026-04-06 22:12:58 | INFO | bridge_app | Task 2 [aider]: let activeCommand = "";
2026-04-06 22:12:58 | INFO | bridge_app | Task 2 [aider]: 
2026-04-06 22:12:58 | INFO | bridge_app | Task 2 [aider]: let logBuffer = [];
2026-04-06 22:12:58 | INFO | bridge_app | Task 2 [aider]: 
2026-04-06 22:12:58 | INFO | bridge_app | Task 2 [aider]: let status = createInitialStatus();
2026-04-06 22:12:58 | INFO | bridge_app | Task 2 [aider]: 
2026-04-06 22:12:58 | INFO | bridge_app | Task 2 [aider]: let stopRequested = false;
2026-04-06 22:12:58 | INFO | bridge_app | Task 2 [aider]: 
2026-04-06 22:12:58 | INFO | bridge_app | Task 2 [aider]: 
2026-04-06 22:12:58 | INFO | bridge_app | Task 2 [aider]: 
2026-04-06 22:12:58 | INFO | bridge_app | Task 2 [aider]: function createInitialStatus()
2026-04-06 22:12:58 | INFO | bridge_app | Task 2 [aider]: 
2026-04-06 22:12:58 | INFO | bridge_app | Task 2 [aider]: {
2026-04-06 22:12:58 | INFO | bridge_app | Task 2 [aider]: 
2026-04-06 22:12:58 | INFO | bridge_app | Task 2 [aider]:     return {
2026-04-06 22:12:58 | INFO | bridge_app | Task 2 [aider]: 
2026-04-06 22:12:58 | INFO | bridge_app | Task 2 [aider]:         success: true,
2026-04-06 22:12:58 | INFO | bridge_app | Task 2 [aider]: 
2026-04-06 22:12:58 | INFO | bridge_app | Task 2 [aider]:         uploadId: "",
2026-04-06 22:12:58 | INFO | bridge_app | Task 2 [aider]: 
2026-04-06 22:12:58 | INFO | bridge_app | Task 2 [aider]:         status: "idle",
2026-04-06 22:12:58 | INFO | bridge_app | Task 2 [aider]: 
2026-04-06 22:12:58 | INFO | bridge_app | Task 2 [aider]:         platform: "",
2026-04-06 22:12:58 | INFO | bridge_app | Task 2 [aider]: 
2026-04-06 22:12:58 | INFO | bridge_app | Task 2 [aider]:         progress: 0,
2026-04-06 22:12:58 | INFO | bridge_app | Task 2 [aider]: 
2026-04-06 22:12:58 | INFO | bridge_app | Task 2 [aider]:         pid: 0,
2026-04-06 22:12:58 | INFO | bridge_app | Task 2 [aider]: 
2026-04-06 22:12:58 | INFO | bridge_app | Task 2 [aider]:         errorMessage: "",
2026-04-06 22:12:58 | INFO | bridge_app | Task 2 [aider]: 
2026-04-06 22:12:58 | INFO | bridge_app | Task 2 [aider]:         commandPreview: "",
2026-04-06 22:12:58 | INFO | bridge_app | Task 2 [aider]: 
2026-04-06 22:12:58 | INFO | bridge_app | Task 2 [aider]:         startedAt: "",
2026-04-06 22:12:58 | INFO | bridge_app | Task 2 [aider]: 
2026-04-06 22:12:58 | INFO | bridge_app | Task 2 [aider]:         completedAt: ""
2026-04-06 22:12:58 | INFO | bridge_app | Task 2 [aider]: 
2026-04-06 22:12:58 | INFO | bridge_app | Task 2 [aider]:     };
2026-04-06 22:12:58 | INFO | bridge_app | Task 2 [aider]: 
2026-04-06 22:12:58 | INFO | bridge_app | Task 2 [aider]: }
2026-04-06 22:12:58 | INFO | bridge_app | Task 2 [aider]: 
2026-04-06 22:12:58 | INFO | bridge_app | Task 2 [aider]: 
2026-04-06 22:12:58 | INFO | bridge_app | Task 2 [aider]: 
2026-04-06 22:12:58 | INFO | bridge_app | Task 2 [aider]: function attachWindowGetter(windowGetter)
2026-04-06 22:12:58 | INFO | bridge_app | Task 2 [aider]: 
2026-04-06 22:12:58 | INFO | bridge_app | Task 2 [aider]: {
2026-04-06 22:12:58 | INFO | bridge_app | Task 2 [aider]: 
2026-04-06 22:12:58 | INFO | bridge_app | Task 2 [aider]:     getMainWindow = windowGetter;
2026-04-06 22:12:58 | INFO | bridge_app | Task 2 [aider]: 
2026-04-06 22:12:58 | INFO | bridge_app | Task 2 [aider]: }
2026-04-06 22:12:58 | INFO | bridge_app | Task 2 [aider]: 
2026-04-06 22:12:58 | INFO | bridge_app | Task 2 [aider]: 
2026-04-06 22:12:58 | INFO | bridge_app | Task 2 [aider]: 
2026-04-06 22:12:58 | INFO | bridge_app | Task 2 [aider]: function getUploadStatus()
2026-04-06 22:12:58 | INFO | bridge_app | Task 2 [aider]: 
2026-04-06 22:12:58 | INFO | bridge_app | Task 2 [aider]: {
2026-04-06 22:12:58 | INFO | bridge_app | Task 2 [aider]: 
2026-04-06 22:12:58 | INFO | bridge_app | Task 2 [aider]:     return {
2026-04-06 22:12:58 | INFO | bridge_app | Task 2 [aider]: 
2026-04-06 22:12:58 | INFO | bridge_app | Task 2 [aider]:         ...status,
2026-04-06 22:12:58 | INFO | bridge_app | Task 2 [aider]: 
2026-04-06 22:12:58 | INFO | bridge_app | Task 2 [aider]:         hasActiveProcess: Boolean(activeProcess)
2026-04-06 22:12:58 | INFO | bridge_app | Task 2 [aider]: 
2026-04-06 22:12:58 | INFO | bridge_app | Task 2 [aider]:     };
2026-04-06 22:12:58 | INFO | bridge_app | Task 2 [aider]: 
2026-04-06 22:12:58 | INFO | bridge_app | Task 2 [aider]: }
2026-04-06 22:12:58 | INFO | bridge_app | Task 2 [aider]: 
2026-04-06 22:12:58 | INFO | bridge_app | Task 2 [aider]: 
2026-04-06 22:12:58 | INFO | bridge_app | Task 2 [aider]: 
2026-04-06 22:12:58 | INFO | bridge_app | Task 2 [aider]: function streamLog()
2026-04-06 22:12:58 | INFO | bridge_app | Task 2 [aider]: 
2026-04-06 22:12:58 | INFO | bridge_app | Task 2 [aider]: {
2026-04-06 22:12:58 | INFO | bridge_app | Task 2 [aider]: 
2026-04-06 22:12:58 | INFO | bridge_app | Task 2 [aider]:     for (const entry of logBuffer)
2026-04-06 22:12:58 | INFO | bridge_app | Task 2 [aider]: 
2026-04-06 22:12:58 | INFO | bridge_app | Task 2 [aider]:     {
2026-04-06 22:12:58 | INFO | bridge_app | Task 2 [aider]: 
2026-04-06 22:12:58 | INFO | bridge_app | Task 2 [aider]:         sendLog(entry);
2026-04-06 22:12:58 | INFO | bridge_app | Task 2 [aider]: 
2026-04-06 22:12:58 | INFO | bridge_app | Task 2 [aider]:     }
2026-04-06 22:12:58 | INFO | bridge_app | Task 2 [aider]: 
2026-04-06 22:12:58 | INFO | bridge_app | Task 2 [aider]: 
2026-04-06 22:12:58 | INFO | bridge_app | Task 2 [aider]: 
2026-04-06 22:12:58 | INFO | bridge_app | Task 2 [aider]:     return {
2026-04-06 22:12:58 | INFO | bridge_app | Task 2 [aider]: 
2026-04-06 22:12:58 | INFO | bridge_app | Task 2 [aider]:         success: true,
2026-04-06 22:12:58 | INFO | bridge_app | Task 2 [aider]: 
2026-04-06 22:12:58 | INFO | bridge_app | Task 2 [aider]:         streaming: true
2026-04-06 22:12:58 | INFO | bridge_app | Task 2 [aider]: 
2026-04-06 22:12:58 | INFO | bridge_app | Task 2 [aider]:     };
2026-04-06 22:12:58 | INFO | bridge_app | Task 2 [aider]: 
2026-04-06 22:12:58 | INFO | bridge_app | Task 2 [aider]: }
2026-04-06 22:12:58 | INFO | bridge_app | Task 2 [aider]: 
2026-04-06 22:12:58 | INFO | bridge_app | Task 2 [aider]: 
2026-04-06 22:12:58 | INFO | bridge_app | Task 2 [aider]: 
2026-04-06 22:12:58 | INFO | bridge_app | Task 2 [aider]: async function runUpload(payload)
2026-04-06 22:12:58 | INFO | bridge_app | Task 2 [aider]: 
2026-04-06 22:12:58 | INFO | bridge_app | Task 2 [aider]: {
2026-04-06 22:12:58 | INFO | bridge_app | Task 2 [aider]: 
2026-04-06 22:12:58 | INFO | bridge_app | Task 2 [aider]:     if (activeProcess)
2026-04-06 22:12:58 | INFO | bridge_app | Task 2 [aider]: 
2026-04-06 22:12:58 | INFO | bridge_app | Task 2 [aider]:     {
2026-04-06 22:12:58 | INFO | bridge_app | Task 2 [aider]: 
2026-04-06 22:12:58 | INFO | bridge_app | Task 2 [aider]:         return {
2026-04-06 22:12:58 | INFO | bridge_app | Task 2 [aider]: 
2026-04-06 22:12:58 | INFO | bridge_app | Task 2 [aider]:             ...getUploadStatus(),
2026-04-06 22:12:58 | INFO | bridge_app | Task 2 [aider]: 
2026-04-06 22:12:58 | INFO | bridge_app | Task 2 [aider]:             success: false,
2026-04-06 22:12:58 | INFO | bridge_app | Task 2 [aider]: 
2026-04-06 22:12:58 | INFO | bridge_app | Task 2 [aider]:             errorMessage: "An upload process is already running."
2026-04-06 22:12:58 | INFO | bridge_app | Task 2 [aider]: 
2026-04-06 22:12:58 | INFO | bridge_app | Task 2 [aider]:         };
2026-04-06 22:12:58 | INFO | bridge_app | Task 2 [aider]: 
2026-04-06 22:12:58 | INFO | bridge_app | Task 2 [aider]:     }
2026-04-06 22:12:58 | INFO | bridge_app | Task 2 [aider]: 
2026-04-06 22:12:58 | INFO | bridge_app | Task 2 [aider]: 
2026-04-06 22:12:58 | INFO | bridge_app | Task 2 [aider]: 
2026-04-06 22:12:58 | INFO | bridge_app | Task 2 [aider]:     const pythonCommand = resolvePythonCommand();
2026-04-06 22:12:58 | INFO | bridge_app | Task 2 [aider]: 
2026-04-06 22:12:58 | INFO | bridge_app | Task 2 [aider]: 
2026-04-06 22:12:58 | INFO | bridge_app | Task 2 [aider]: 
2026-04-06 22:12:58 | INFO | bridge_app | Task 2 [aider]:     if (!pythonCommand.found)
2026-04-06 22:12:58 | INFO | bridge_app | Task 2 [aider]: 
2026-04-06 22:12:58 | INFO | bridge_app | Task 2 [aider]:     {
2026-04-06 22:12:58 | INFO | bridge_app | Task 2 [aider]: 
2026-04-06 22:12:58 | INFO | bridge_app | Task 2 [aider]:         const errorMessage = "Python was not found. Install Python or create a 
2026-04-06 22:12:58 | INFO | bridge_app | Task 2 [aider]: local venv before running uploads.";
2026-04-06 22:12:58 | INFO | bridge_app | Task 2 [aider]: 
2026-04-06 22:12:58 | INFO | bridge_app | Task 2 [aider]: 
2026-04-06 22:12:58 | INFO | bridge_app | Task 2 [aider]: 
2026-04-06 22:12:58 | INFO | bridge_app | Task 2 [aider]:         updateStatus({
2026-04-06 22:12:58 | INFO | bridge_app | Task 2 [aider]: 
2026-04-06 22:12:58 | INFO | bridge_app | Task 2 [aider]:             success: false,
2026-04-06 22:12:58 | INFO | bridge_app | Task 2 [aider]: 
2026-04-06 22:12:58 | INFO | bridge_app | Task 2 [aider]:             status: "error",
2026-04-06 22:12:58 | INFO | bridge_app | Task 2 [aider]: 
2026-04-06 22:12:58 | INFO | bridge_app | Task 2 [aider]:             errorMessage: errorMessage,
2026-04-06 22:12:58 | INFO | bridge_app | Task 2 [aider]: 
2026-04-06 22:12:58 | INFO | bridge_app | Task 2 [aider]:             progress: 0
2026-04-06 22:12:58 | INFO | bridge_app | Task 2 [aider]: 
2026-04-06 22:12:58 | INFO | bridge_app | Task 2 [aider]:         });
2026-04-06 22:12:58 | INFO | bridge_app | Task 2 [aider]: 
2026-04-06 22:12:58 | INFO | bridge_app | Task 2 [aider]:         pushLog("system", errorMessage);
2026-04-06 22:12:58 | INFO | bridge_app | Task 2 [aider]: 
2026-04-06 22:12:58 | INFO | bridge_app | Task 2 [aider]: 
2026-04-06 22:12:58 | INFO | bridge_app | Task 2 [aider]: 
2026-04-06 22:12:58 | INFO | bridge_app | Task 2 [aider]:         return getUploadStatus();
2026-04-06 22:12:58 | INFO | bridge_app | Task 2 [aider]: 
2026-04-06 22:12:58 | INFO | bridge_app | Task 2 [aider]:     }
2026-04-06 22:12:58 | INFO | bridge_app | Task 2 [aider]: 
2026-04-06 22:12:58 | INFO | bridge_app | Task 2 [aider]: 
2026-04-06 22:12:58 | INFO | bridge_app | Task 2 [aider]: 
2026-04-06 22:12:58 | INFO | bridge_app | Task 2 [aider]:     let commandSpec = null;
2026-04-06 22:12:58 | INFO | bridge_app | Task 2 [aider]: 
2026-04-06 22:12:58 | INFO | bridge_app | Task 2 [aider]: 
2026-04-06 22:12:58 | INFO | bridge_app | Task 2 [aider]: 
2026-04-06 22:12:58 | INFO | bridge_app | Task 2 [aider]:     try
2026-04-06 22:12:58 | INFO | bridge_app | Task 2 [aider]: 
2026-04-06 22:12:58 | INFO | bridge_app | Task 2 [aider]:     {
2026-04-06 22:12:58 | INFO | bridge_app | Task 2 [aider]: 
2026-04-06 22:12:58 | INFO | bridge_app | Task 2 [aider]:         commandSpec = buildUploadCommand(payload || {});
2026-04-06 22:12:58 | INFO | bridge_app | Task 2 [aider]: 
2026-04-06 22:12:58 | INFO | bridge_app | Task 2 [aider]:     }
2026-04-06 22:12:58 | INFO | bridge_app | Task 2 [aider]: 
2026-04-06 22:12:58 | INFO | bridge_app | Task 2 [aider]:     catch (error)
2026-04-06 22:12:58 | INFO | bridge_app | Task 2 [aider]: 
2026-04-06 22:12:58 | INFO | bridge_app | Task 2 [aider]:     {
2026-04-06 22:12:58 | INFO | bridge_app | Task 2 [aider]: 
2026-04-06 22:12:58 | INFO | bridge_app | Task 2 [aider]:         updateStatus({
2026-04-06 22:12:58 | INFO | bridge_app | Task 2 [aider]: 
2026-04-06 22:12:58 | INFO | bridge_app | Task 2 [aider]:             success: false,
2026-04-06 22:12:58 | INFO | bridge_app | Task 2 [aider]: 
2026-04-06 22:12:58 | INFO | bridge_app | Task 2 [aider]:             status: "error",
2026-04-06 22:12:58 | INFO | bridge_app | Task 2 [aider]: 
2026-04-06 22:12:58 | INFO | bridge_app | Task 2 [aider]:             errorMessage: error.message,
2026-04-06 22:12:58 | INFO | bridge_app | Task 2 [aider]: 
2026-04-06 22:12:58 | INFO | bridge_app | Task 2 [aider]:             progress: 0
2026-04-06 22:12:58 | INFO | bridge_app | Task 2 [aider]: 
2026-04-06 22:12:58 | INFO | bridge_app | Task 2 [aider]:         });
2026-04-06 22:12:58 | INFO | bridge_app | Task 2 [aider]: 
2026-04-06 22:12:58 | INFO | bridge_app | Task 2 [aider]:         pushLog("system", error.message);
2026-04-06 22:12:58 | INFO | bridge_app | Task 2 [aider]: 
2026-04-06 22:12:58 | INFO | bridge_app | Task 2 [aider]: 
2026-04-06 22:12:58 | INFO | bridge_app | Task 2 [aider]: 
2026-04-06 22:12:58 | INFO | bridge_app | Task 2 [aider]:         return getUploadStatus();
2026-04-06 22:12:58 | INFO | bridge_app | Task 2 [aider]: 
2026-04-06 22:12:58 | INFO | bridge_app | Task 2 [aider]:     }
2026-04-06 22:12:58 | INFO | bridge_app | Task 2 [aider]: 
2026-04-06 22:12:58 | INFO | bridge_app | Task 2 [aider]: 
2026-04-06 22:12:58 | INFO | bridge_app | Task 2 [aider]: 
2026-04-06 22:12:58 | INFO | bridge_app | Task 2 [aider]:     const scriptPath = path.join(getRepoRoot(), commandSpec.scriptName);
2026-04-06 22:12:58 | INFO | bridge_app | Task 2 [aider]: 
2026-04-06 22:12:58 | INFO | bridge_app | Task 2 [aider]:     const args = 
2026-04-06 22:12:58 | INFO | bridge_app | Task 2 [aider]: pythonCommand.prefixArgs.concat([scriptPath]).concat(commandSpec.scriptArgs);
2026-04-06 22:12:58 | INFO | bridge_app | Task 2 [aider]: 
2026-04-06 22:12:58 | INFO | bridge_app | Task 2 [aider]: 
2026-04-06 22:12:58 | INFO | bridge_app | Task 2 [aider]: 
2026-04-06 22:12:58 | INFO | bridge_app | Task 2 [aider]:     stopRequested = false;
2026-04-06 22:12:58 | INFO | bridge_app | Task 2 [aider]: 
2026-04-06 22:12:58 | INFO | bridge_app | Task 2 [aider]:     activeCommand = [pythonCommand.command].concat(args).join(" ");
2026-04-06 22:12:58 | INFO | bridge_app | Task 2 [aider]: 
2026-04-06 22:12:58 | INFO | bridge_app | Task 2 [aider]:     logBuffer = [];
2026-04-06 22:12:58 | INFO | bridge_app | Task 2 [aider]: 
2026-04-06 22:12:58 | INFO | bridge_app | Task 2 [aider]: 
2026-04-06 22:12:58 | INFO | bridge_app | Task 2 [aider]: 
2026-04-06 22:12:58 | INFO | bridge_app | Task 2 [aider]:     activeProcess = spawn(
2026-04-06 22:12:58 | INFO | bridge_app | Task 2 [aider]: 
2026-04-06 22:12:58 | INFO | bridge_app | Task 2 [aider]:         pythonCommand.command,
2026-04-06 22:12:58 | INFO | bridge_app | Task 2 [aider]: 
2026-04-06 22:12:58 | INFO | bridge_app | Task 2 [aider]:         args,
2026-04-06 22:12:58 | INFO | bridge_app | Task 2 [aider]: 
2026-04-06 22:12:58 | INFO | bridge_app | Task 2 [aider]:         {
2026-04-06 22:12:58 | INFO | bridge_app | Task 2 [aider]: 
2026-04-06 22:12:58 | INFO | bridge_app | Task 2 [aider]:             cwd: getRepoRoot(),
2026-04-06 22:12:58 | INFO | bridge_app | Task 2 [aider]: 
2026-04-06 22:12:58 | INFO | bridge_app | Task 2 [aider]:             windowsHide: true
2026-04-06 22:12:58 | INFO | bridge_app | Task 2 [aider]: 
2026-04-06 22:12:58 | INFO | bridge_app | Task 2 [aider]:         }
2026-04-06 22:12:58 | INFO | bridge_app | Task 2 [aider]: 
2026-04-06 22:12:58 | INFO | bridge_app | Task 2 [aider]:     );
2026-04-06 22:12:58 | INFO | bridge_app | Task 2 [aider]: 
2026-04-06 22:12:58 | INFO | bridge_app | Task 2 [aider]: 
2026-04-06 22:12:58 | INFO | bridge_app | Task 2 [aider]: 
2026-04-06 22:12:58 | INFO | bridge_app | Task 2 [aider]:     updateStatus({
2026-04-06 22:12:58 | INFO | bridge_app | Task 2 [aider]: 
2026-04-06 22:12:58 | INFO | bridge_app | Task 2 [aider]:         success: true,
2026-04-06 22:12:58 | INFO | bridge_app | Task 2 [aider]: 
2026-04-06 22:12:58 | INFO | bridge_app | Task 2 [aider]:         uploadId: String(Date.now()),
2026-04-06 22:12:58 | INFO | bridge_app | Task 2 [aider]: 
2026-04-06 22:12:58 | INFO | bridge_app | Task 2 [aider]:         status: "running",
2026-04-06 22:12:58 | INFO | bridge_app | Task 2 [aider]: 
2026-04-06 22:12:58 | INFO | bridge_app | Task 2 [aider]:         platform: commandSpec.platformLabel,
2026-04-06 22:12:58 | INFO | bridge_app | Task 2 [aider]: 
2026-04-06 22:12:58 | INFO | bridge_app | Task 2 [aider]:         progress: 15,
2026-04-06 22:12:58 | INFO | bridge_app | Task 2 [aider]: 
2026-04-06 22:12:58 | INFO | bridge_app | Task 2 [aider]:         pid: activeProcess.pid || 0,
2026-04-06 22:12:58 | INFO | bridge_app | Task 2 [aider]: 
2026-04-06 22:12:58 | INFO | bridge_app | Task 2 [aider]:         errorMessage: "",
2026-04-06 22:12:58 | INFO | bridge_app | Task 2 [aider]: 
2026-04-06 22:12:58 | INFO | bridge_app | Task 2 [aider]:         commandPreview: activeCommand,
2026-04-06 22:12:58 | INFO | bridge_app | Task 2 [aider]: 
2026-04-06 22:12:58 | INFO | bridge_app | Task 2 [aider]:         startedAt: new Date().toISOString(),
2026-04-06 22:12:58 | INFO | bridge_app | Task 2 [aider]: 
2026-04-06 22:12:58 | INFO | bridge_app | Task 2 [aider]:         completedAt: ""
2026-04-06 22:12:58 | INFO | bridge_app | Task 2 [aider]: 
2026-04-06 22:12:58 | INFO | bridge_app | Task 2 [aider]:     });
2026-04-06 22:12:58 | INFO | bridge_app | Task 2 [aider]: 
2026-04-06 22:12:58 | INFO | bridge_app | Task 2 [aider]: 
2026-04-06 22:12:58 | INFO | bridge_app | Task 2 [aider]: 
2026-04-06 22:12:58 | INFO | bridge_app | Task 2 [aider]:     pushLog("system", "Starting process: " + activeCommand);
2026-04-06 22:12:58 | INFO | bridge_app | Task 2 [aider]: 
2026-04-06 22:12:58 | INFO | bridge_app | Task 2 [aider]: 
2026-04-06 22:12:58 | INFO | bridge_app | Task 2 [aider]: 
2026-04-06 22:12:58 | INFO | bridge_app | Task 2 [aider]:     activeProcess.stdout.on("data", function handleStdout(chunk)
2026-04-06 22:12:58 | INFO | bridge_app | Task 2 [aider]: 
2026-04-06 22:12:58 | INFO | bridge_app | Task 2 [aider]:     {
2026-04-06 22:12:58 | INFO | bridge_app | Task 2 [aider]: 
2026-04-06 22:12:58 | INFO | bridge_app | Task 2 [aider]:         emitChunk("stdout", chunk);
2026-04-06 22:12:58 | INFO | bridge_app | Task 2 [aider]: 
2026-04-06 22:12:58 | INFO | bridge_app | Task 2 [aider]:     });
2026-04-06 22:12:58 | INFO | bridge_app | Task 2 [aider]: 
2026-04-06 22:12:58 | INFO | bridge_app | Task 2 [aider]: 
2026-04-06 22:12:58 | INFO | bridge_app | Task 2 [aider]: 
2026-04-06 22:12:58 | INFO | bridge_app | Task 2 [aider]:     activeProcess.stderr.on("data", function handleStderr(chunk)
2026-04-06 22:12:58 | INFO | bridge_app | Task 2 [aider]: 
2026-04-06 22:12:58 | INFO | bridge_app | Task 2 [aider]:     {
2026-04-06 22:12:58 | INFO | bridge_app | Task 2 [aider]: 
2026-04-06 22:12:58 | INFO | bridge_app | Task 2 [aider]:         emitChunk("stderr", chunk);
2026-04-06 22:12:58 | INFO | bridge_app | Task 2 [aider]: 
2026-04-06 22:12:58 | INFO | bridge_app | Task 2 [aider]:     });
2026-04-06 22:12:58 | INFO | bridge_app | Task 2 [aider]: 
2026-04-06 22:12:58 | INFO | bridge_app | Task 2 [aider]: 
2026-04-06 22:12:58 | INFO | bridge_app | Task 2 [aider]: 
2026-04-06 22:12:58 | INFO | bridge_app | Task 2 [aider]:     activeProcess.on("error", function handleError(error)
2026-04-06 22:12:58 | INFO | bridge_app | Task 2 [aider]: 
2026-04-06 22:12:58 | INFO | bridge_app | Task 2 [aider]:     {
2026-04-06 22:12:58 | INFO | bridge_app | Task 2 [aider]: 
2026-04-06 22:12:58 | INFO | bridge_app | Task 2 [aider]:         updateStatus({
2026-04-06 22:12:58 | INFO | bridge_app | Task 2 [aider]: 
2026-04-06 22:12:58 | INFO | bridge_app | Task 2 [aider]:             success: false,
2026-04-06 22:12:58 | INFO | bridge_app | Task 2 [aider]: 
2026-04-06 22:12:58 | INFO | bridge_app | Task 2 [aider]:             status: "error",
2026-04-06 22:12:58 | INFO | bridge_app | Task 2 [aider]: 
2026-04-06 22:12:58 | INFO | bridge_app | Task 2 [aider]:             errorMessage: error.message,
2026-04-06 22:12:58 | INFO | bridge_app | Task 2 [aider]: 
2026-04-06 22:12:58 | INFO | bridge_app | Task 2 [aider]:             progress: 0,
2026-04-06 22:12:58 | INFO | bridge_app | Task 2 [aider]: 
2026-04-06 22:12:58 | INFO | bridge_app | Task 2 [aider]:             completedAt: new Date().toISOString()
2026-04-06 22:12:58 | INFO | bridge_app | Task 2 [aider]: 
2026-04-06 22:12:58 | INFO | bridge_app | Task 2 [aider]:         });
2026-04-06 22:12:58 | INFO | bridge_app | Task 2 [aider]: 
2026-04-06 22:12:58 | INFO | bridge_app | Task 2 [aider]:         pushLog("stderr", error.message);
2026-04-06 22:12:58 | INFO | bridge_app | Task 2 [aider]: 
2026-04-06 22:12:58 | INFO | bridge_app | Task 2 [aider]:         activeProcess = null;
2026-04-06 22:12:58 | INFO | bridge_app | Task 2 [aider]: 
2026-04-06 22:12:58 | INFO | bridge_app | Task 2 [aider]:     });
2026-04-06 22:12:58 | INFO | bridge_app | Task 2 [aider]: 
2026-04-06 22:12:58 | INFO | bridge_app | Task 2 [aider]: 
2026-04-06 22:12:58 | INFO | bridge_app | Task 2 [aider]: 
2026-04-06 22:12:58 | INFO | bridge_app | Task 2 [aider]:     activeProcess.on("exit", function handleExit(exitCode, signal)
2026-04-06 22:12:58 | INFO | bridge_app | Task 2 [aider]: 
2026-04-06 22:12:58 | INFO | bridge_app | Task 2 [aider]:     {
2026-04-06 22:12:58 | INFO | bridge_app | Task 2 [aider]: 
2026-04-06 22:12:58 | INFO | bridge_app | Task 2 [aider]:         const wasStopped = stopRequested;
2026-04-06 22:12:58 | INFO | bridge_app | Task 2 [aider]: 
2026-04-06 22:12:58 | INFO | bridge_app | Task 2 [aider]:         const nextStatus = wasStopped ? "stopped" : exitCode === 0 ? 
2026-04-06 22:12:58 | INFO | bridge_app | Task 2 [aider]: "completed" : "error";
2026-04-06 22:12:58 | INFO | bridge_app | Task 2 [aider]: 
2026-04-06 22:12:58 | INFO | bridge_app | Task 2 [aider]:         const nextProgress = nextStatus === "completed" ? 100 : 0;
2026-04-06 22:12:58 | INFO | bridge_app | Task 2 [aider]: 
2026-04-06 22:12:58 | INFO | bridge_app | Task 2 [aider]:         const errorMessage = nextStatus === "error" ? "Upload process exited 
2026-04-06 22:12:58 | INFO | bridge_app | Task 2 [aider]: with code " + String(exitCode) : "";
2026-04-06 22:12:58 | INFO | bridge_app | Task 2 [aider]: 
2026-04-06 22:12:58 | INFO | bridge_app | Task 2 [aider]: 
2026-04-06 22:12:58 | INFO | bridge_app | Task 2 [aider]: 
2026-04-06 22:12:58 | INFO | bridge_app | Task 2 [aider]:         updateStatus({
2026-04-06 22:12:58 | INFO | bridge_app | Task 2 [aider]: 
2026-04-06 22:12:58 | INFO | bridge_app | Task 2 [aider]:             success: nextStatus !== "error",
2026-04-06 22:12:58 | INFO | bridge_app | Task 2 [aider]: 
2026-04-06 22:12:58 | INFO | bridge_app | Task 2 [aider]:             status: nextStatus,
2026-04-06 22:12:58 | INFO | bridge_app | Task 2 [aider]: 
2026-04-06 22:12:58 | INFO | bridge_app | Task 2 [aider]:             progress: nextProgress,
2026-04-06 22:12:58 | INFO | bridge_app | Task 2 [aider]: 
2026-04-06 22:12:58 | INFO | bridge_app | Task 2 [aider]:             pid: 0,
2026-04-06 22:12:58 | INFO | bridge_app | Task 2 [aider]: 
2026-04-06 22:12:58 | INFO | bridge_app | Task 2 [aider]:             errorMessage: errorMessage,
2026-04-06 22:12:58 | INFO | bridge_app | Task 2 [aider]: 
2026-04-06 22:12:58 | INFO | bridge_app | Task 2 [aider]:             completedAt: new Date().toISOString()
2026-04-06 22:12:58 | INFO | bridge_app | Task 2 [aider]: 
2026-04-06 22:12:58 | INFO | bridge_app | Task 2 [aider]:         });
2026-04-06 22:12:58 | INFO | bridge_app | Task 2 [aider]: 
2026-04-06 22:12:58 | INFO | bridge_app | Task 2 [aider]: 
2026-04-06 22:12:58 | INFO | bridge_app | Task 2 [aider]: 
2026-04-06 22:12:58 | INFO | bridge_app | Task 2 [aider]:         if (signal)
2026-04-06 22:12:58 | INFO | bridge_app | Task 2 [aider]: 
2026-04-06 22:12:58 | INFO | bridge_app | Task 2 [aider]:         {
2026-04-06 22:12:58 | INFO | bridge_app | Task 2 [aider]: 
2026-04-06 22:12:58 | INFO | bridge_app | Task 2 [aider]:             pushLog("system", "Process exited with signal " + signal);
2026-04-06 22:12:58 | INFO | bridge_app | Task 2 [aider]: 
2026-04-06 22:12:58 | INFO | bridge_app | Task 2 [aider]:         }
2026-04-06 22:12:58 | INFO | bridge_app | Task 2 [aider]: 
2026-04-06 22:12:58 | INFO | bridge_app | Task 2 [aider]:         else
2026-04-06 22:12:58 | INFO | bridge_app | Task 2 [aider]: 
2026-04-06 22:12:58 | INFO | bridge_app | Task 2 [aider]:         {
2026-04-06 22:12:58 | INFO | bridge_app | Task 2 [aider]: 
2026-04-06 22:12:58 | INFO | bridge_app | Task 2 [aider]:             pushLog("system", "Process exited with code " + String(exitCode));
2026-04-06 22:12:58 | INFO | bridge_app | Task 2 [aider]: 
2026-04-06 22:12:58 | INFO | bridge_app | Task 2 [aider]:         }
2026-04-06 22:12:58 | INFO | bridge_app | Task 2 [aider]: 
2026-04-06 22:12:58 | INFO | bridge_app | Task 2 [aider]: 
2026-04-06 22:12:58 | INFO | bridge_app | Task 2 [aider]: 
2026-04-06 22:12:58 | INFO | bridge_app | Task 2 [aider]:         activeProcess = null;
2026-04-06 22:12:58 | INFO | bridge_app | Task 2 [aider]: 
2026-04-06 22:12:58 | INFO | bridge_app | Task 2 [aider]:         stopRequested = false;
2026-04-06 22:12:58 | INFO | bridge_app | Task 2 [aider]: 
2026-04-06 22:12:58 | INFO | bridge_app | Task 2 [aider]:     });
2026-04-06 22:12:58 | INFO | bridge_app | Task 2 [aider]: 
2026-04-06 22:12:58 | INFO | bridge_app | Task 2 [aider]: 
2026-04-06 22:12:58 | INFO | bridge_app | Task 2 [aider]: 
2026-04-06 22:12:58 | INFO | bridge_app | Task 2 [aider]:     return getUploadStatus();
2026-04-06 22:12:58 | INFO | bridge_app | Task 2 [aider]: 
2026-04-06 22:12:58 | INFO | bridge_app | Task 2 [aider]: }
2026-04-06 22:12:58 | INFO | bridge_app | Task 2 [aider]: 
2026-04-06 22:12:58 | INFO | bridge_app | Task 2 [aider]: 
2026-04-06 22:12:58 | INFO | bridge_app | Task 2 [aider]: 
2026-04-06 22:12:58 | INFO | bridge_app | Task 2 [aider]: async function stopUpload()
2026-04-06 22:12:58 | INFO | bridge_app | Task 2 [aider]: 
2026-04-06 22:12:58 | INFO | bridge_app | Task 2 [aider]: {
2026-04-06 22:12:58 | INFO | bridge_app | Task 2 [aider]: 
2026-04-06 22:12:58 | INFO | bridge_app | Task 2 [aider]:     if (!activeProcess)
2026-04-06 22:12:58 | INFO | bridge_app | Task 2 [aider]: 
2026-04-06 22:12:58 | INFO | bridge_app | Task 2 [aider]:     {
2026-04-06 22:12:58 | INFO | bridge_app | Task 2 [aider]: 
2026-04-06 22:12:58 | INFO | bridge_app | Task 2 [aider]:         return getUploadStatus();
2026-04-06 22:12:58 | INFO | bridge_app | Task 2 [aider]: 
2026-04-06 22:12:58 | INFO | bridge_app | Task 2 [aider]:     }
2026-04-06 22:12:58 | INFO | bridge_app | Task 2 [aider]: 
2026-04-06 22:12:58 | INFO | bridge_app | Task 2 [aider]: 
2026-04-06 22:12:58 | INFO | bridge_app | Task 2 [aider]: 
2026-04-06 22:12:58 | INFO | bridge_app | Task 2 [aider]:     stopRequested = true;
2026-04-06 22:12:58 | INFO | bridge_app | Task 2 [aider]: 
2026-04-06 22:12:58 | INFO | bridge_app | Task 2 [aider]:     pushLog("system", "Stopping active process.");
2026-04-06 22:12:58 | INFO | bridge_app | Task 2 [aider]: 
2026-04-06 22:12:58 | INFO | bridge_app | Task 2 [aider]: 
2026-04-06 22:12:58 | INFO | bridge_app | Task 2 [aider]: 
2026-04-06 22:12:58 | INFO | bridge_app | Task 2 [aider]:     if (process.platform === "win32")
2026-04-06 22:12:58 | INFO | bridge_app | Task 2 [aider]: 
2026-04-06 22:12:58 | INFO | bridge_app | Task 2 [aider]:     {
2026-04-06 22:12:58 | INFO | bridge_app | Task 2 [aider]: 
2026-04-06 22:12:58 | INFO | bridge_app | Task 2 [aider]:         const killer = spawn(
2026-04-06 22:12:58 | INFO | bridge_app | Task 2 [aider]: 
2026-04-06 22:12:58 | INFO | bridge_app | Task 2 [aider]:             "taskkill",
2026-04-06 22:12:58 | INFO | bridge_app | Task 2 [aider]: 
2026-04-06 22:12:58 | INFO | bridge_app | Task 2 [aider]:             ["/pid", String(activeProcess.pid), "/t", "/f"],
2026-04-06 22:12:58 | INFO | bridge_app | Task 2 [aider]: 
2026-04-06 22:12:58 | INFO | bridge_app | Task 2 [aider]:             {
2026-04-06 22:12:58 | INFO | bridge_app | Task 2 [aider]: 
2026-04-06 22:12:58 | INFO | bridge_app | Task 2 [aider]:                 windowsHide: true
2026-04-06 22:12:58 | INFO | bridge_app | Task 2 [aider]: 
2026-04-06 22:12:58 | INFO | bridge_app | Task 2 [aider]:             }
2026-04-06 22:12:58 | INFO | bridge_app | Task 2 [aider]: 
2026-04-06 22:12:58 | INFO | bridge_app | Task 2 [aider]:         );
2026-04-06 22:12:58 | INFO | bridge_app | Task 2 [aider]: 
2026-04-06 22:12:58 | INFO | bridge_app | Task 2 [aider]: 
2026-04-06 22:12:58 | INFO | bridge_app | Task 2 [aider]: 
2026-04-06 22:12:58 | INFO | bridge_app | Task 2 [aider]:         await new Promise(function waitForKill(resolve)
2026-04-06 22:12:58 | INFO | bridge_app | Task 2 [aider]: 
2026-04-06 22:12:58 | INFO | bridge_app | Task 2 [aider]:         {
2026-04-06 22:12:58 | INFO | bridge_app | Task 2 [aider]: 
2026-04-06 22:12:58 | INFO | bridge_app | Task 2 [aider]:             killer.on("exit", function handleKillExit()
2026-04-06 22:12:58 | INFO | bridge_app | Task 2 [aider]: 
2026-04-06 22:12:58 | INFO | bridge_app | Task 2 [aider]:             {
2026-04-06 22:12:58 | INFO | bridge_app | Task 2 [aider]: 
2026-04-06 22:12:58 | INFO | bridge_app | Task 2 [aider]:                 resolve();
2026-04-06 22:12:58 | INFO | bridge_app | Task 2 [aider]: 
2026-04-06 22:12:58 | INFO | bridge_app | Task 2 [aider]:             });
2026-04-06 22:12:58 | INFO | bridge_app | Task 2 [aider]: 
2026-04-06 22:12:58 | INFO | bridge_app | Task 2 [aider]:         });
2026-04-06 22:12:58 | INFO | bridge_app | Task 2 [aider]: 
2026-04-06 22:12:58 | INFO | bridge_app | Task 2 [aider]:     }
2026-04-06 22:12:58 | INFO | bridge_app | Task 2 [aider]: 
2026-04-06 22:12:58 | INFO | bridge_app | Task 2 [aider]:     else
2026-04-06 22:12:58 | INFO | bridge_app | Task 2 [aider]: 
2026-04-06 22:12:58 | INFO | bridge_app | Task 2 [aider]:     {
2026-04-06 22:12:58 | INFO | bridge_app | Task 2 [aider]: 
2026-04-06 22:12:58 | INFO | bridge_app | Task 2 [aider]:         activeProcess.kill("SIGTERM");
2026-04-06 22:12:58 | INFO | bridge_app | Task 2 [aider]: 
2026-04-06 22:12:58 | INFO | bridge_app | Task 2 [aider]:     }
2026-04-06 22:12:58 | INFO | bridge_app | Task 2 [aider]: 
2026-04-06 22:12:58 | INFO | bridge_app | Task 2 [aider]: 
2026-04-06 22:12:58 | INFO | bridge_app | Task 2 [aider]: 
2026-04-06 22:12:58 | INFO | bridge_app | Task 2 [aider]:     return getUploadStatus();
2026-04-06 22:12:58 | INFO | bridge_app | Task 2 [aider]: 
2026-04-06 22:12:58 | INFO | bridge_app | Task 2 [aider]: }
2026-04-06 22:12:58 | INFO | bridge_app | Task 2 [aider]: 
2026-04-06 22:12:58 | INFO | bridge_app | Task 2 [aider]: 
2026-04-06 22:12:58 | INFO | bridge_app | Task 2 [aider]: 
2026-04-06 22:12:58 | INFO | bridge_app | Task 2 [aider]: function emitChunk(streamName, chunk)
2026-04-06 22:12:58 | INFO | bridge_app | Task 2 [aider]: 
2026-04-06 22:12:58 | INFO | bridge_app | Task 2 [aider]: {
2026-04-06 22:12:58 | INFO | bridge_app | Task 2 [aider]: 
2026-04-06 22:12:58 | INFO | bridge_app | Task 2 [aider]:     const lines = String(chunk).split(/\r?\n/);
2026-04-06 22:12:58 | INFO | bridge_app | Task 2 [aider]: 
2026-04-06 22:12:58 | INFO | bridge_app | Task 2 [aider]: 
2026-04-06 22:12:58 | INFO | bridge_app | Task 2 [aider]: 
2026-04-06 22:12:58 | INFO | bridge_app | Task 2 [aider]:     for (const line of lines)
2026-04-06 22:12:58 | INFO | bridge_app | Task 2 [aider]: 
2026-04-06 22:12:58 | INFO | bridge_app | Task 2 [aider]:     {
2026-04-06 22:12:58 | INFO | bridge_app | Task 2 [aider]: 
2026-04-06 22:12:58 | INFO | bridge_app | Task 2 [aider]:         const trimmedLine = line.trimEnd();
2026-04-06 22:12:58 | INFO | bridge_app | Task 2 [aider]: 
2026-04-06 22:12:58 | INFO | bridge_app | Task 2 [aider]: 
2026-04-06 22:12:58 | INFO | bridge_app | Task 2 [aider]: 
2026-04-06 22:12:58 | INFO | bridge_app | Task 2 [aider]:         if (!trimmedLine)
2026-04-06 22:12:58 | INFO | bridge_app | Task 2 [aider]: 
2026-04-06 22:12:58 | INFO | bridge_app | Task 2 [aider]:         {
2026-04-06 22:12:58 | INFO | bridge_app | Task 2 [aider]: 
2026-04-06 22:12:58 | INFO | bridge_app | Task 2 [aider]:             continue;
2026-04-06 22:12:58 | INFO | bridge_app | Task 2 [aider]: 
2026-04-06 22:12:58 | INFO | bridge_app | Task 2 [aider]:         }
2026-04-06 22:12:58 | INFO | bridge_app | Task 2 [aider]: 
2026-04-06 22:12:58 | INFO | bridge_app | Task 2 [aider]: 
2026-04-06 22:12:58 | INFO | bridge_app | Task 2 [aider]: 
2026-04-06 22:12:58 | INFO | bridge_app | Task 2 [aider]:         pushLog(streamName, trimmedLine);
2026-04-06 22:12:58 | INFO | bridge_app | Task 2 [aider]: 
2026-04-06 22:12:58 | INFO | bridge_app | Task 2 [aider]:     }
2026-04-06 22:12:58 | INFO | bridge_app | Task 2 [aider]: 
2026-04-06 22:12:58 | INFO | bridge_app | Task 2 [aider]: }
2026-04-06 22:12:58 | INFO | bridge_app | Task 2 [aider]: 
2026-04-06 22:12:58 | INFO | bridge_app | Task 2 [aider]: 
2026-04-06 22:12:58 | INFO | bridge_app | Task 2 [aider]: 
2026-04-06 22:12:58 | INFO | bridge_app | Task 2 [aider]: function pushLog(streamName, message)
2026-04-06 22:12:58 | INFO | bridge_app | Task 2 [aider]: 
2026-04-06 22:12:58 | INFO | bridge_app | Task 2 [aider]: {
2026-04-06 22:12:58 | INFO | bridge_app | Task 2 [aider]: 
2026-04-06 22:12:58 | INFO | bridge_app | Task 2 [aider]:     const entry = {
2026-04-06 22:12:58 | INFO | bridge_app | Task 2 [aider]: 
2026-04-06 22:12:58 | INFO | bridge_app | Task 2 [aider]:         id: String(Date.now()) + "-" + String(logBuffer.length + 1),
2026-04-06 22:12:58 | INFO | bridge_app | Task 2 [aider]: 
2026-04-06 22:12:58 | INFO | bridge_app | Task 2 [aider]:         timestamp: new Date().toISOString(),
2026-04-06 22:12:58 | INFO | bridge_app | Task 2 [aider]: 
2026-04-06 22:12:58 | INFO | bridge_app | Task 2 [aider]:         stream: streamName,
2026-04-06 22:12:58 | INFO | bridge_app | Task 2 [aider]: 
2026-04-06 22:12:58 | INFO | bridge_app | Task 2 [aider]:         message: message
2026-04-06 22:12:58 | INFO | bridge_app | Task 2 [aider]: 
2026-04-06 22:12:58 | INFO | bridge_app | Task 2 [aider]:     };
2026-04-06 22:12:58 | INFO | bridge_app | Task 2 [aider]: 
2026-04-06 22:12:58 | INFO | bridge_app | Task 2 [aider]: 
2026-04-06 22:12:58 | INFO | bridge_app | Task 2 [aider]: 
2026-04-06 22:12:58 | INFO | bridge_app | Task 2 [aider]:     logBuffer.push(entry);
2026-04-06 22:12:58 | INFO | bridge_app | Task 2 [aider]: 
2026-04-06 22:12:58 | INFO | bridge_app | Task 2 [aider]: 
2026-04-06 22:12:58 | INFO | bridge_app | Task 2 [aider]: 
2026-04-06 22:12:58 | INFO | bridge_app | Task 2 [aider]:     if (logBuffer.length > 500)
2026-04-06 22:12:58 | INFO | bridge_app | Task 2 [aider]: 
2026-04-06 22:12:58 | INFO | bridge_app | Task 2 [aider]:     {
2026-04-06 22:12:58 | INFO | bridge_app | Task 2 [aider]: 
2026-04-06 22:12:58 | INFO | bridge_app | Task 2 [aider]:         logBuffer = logBuffer.slice(logBuffer.length - 500);
2026-04-06 22:12:58 | INFO | bridge_app | Task 2 [aider]: 
2026-04-06 22:12:58 | INFO | bridge_app | Task 2 [aider]:     }
2026-04-06 22:12:58 | INFO | bridge_app | Task 2 [aider]: 
2026-04-06 22:12:58 | INFO | bridge_app | Task 2 [aider]: 
2026-04-06 22:12:58 | INFO | bridge_app | Task 2 [aider]: 
2026-04-06 22:12:58 | INFO | bridge_app | Task 2 [aider]:     sendLog(entry);
2026-04-06 22:12:58 | INFO | bridge_app | Task 2 [aider]: 
2026-04-06 22:12:58 | INFO | bridge_app | Task 2 [aider]: }
2026-04-06 22:12:58 | INFO | bridge_app | Task 2 [aider]: 
2026-04-06 22:12:58 | INFO | bridge_app | Task 2 [aider]: 
2026-04-06 22:12:58 | INFO | bridge_app | Task 2 [aider]: 
2026-04-06 22:12:58 | INFO | bridge_app | Task 2 [aider]: function sendLog(entry)
2026-04-06 22:12:58 | INFO | bridge_app | Task 2 [aider]: 
2026-04-06 22:12:58 | INFO | bridge_app | Task 2 [aider]: {
2026-04-06 22:12:58 | INFO | bridge_app | Task 2 [aider]: 
2026-04-06 22:12:58 | INFO | bridge_app | Task 2 [aider]:     if (!getMainWindow)
2026-04-06 22:12:58 | INFO | bridge_app | Task 2 [aider]: 
2026-04-06 22:12:58 | INFO | bridge_app | Task 2 [aider]:     {
2026-04-06 22:12:58 | INFO | bridge_app | Task 2 [aider]: 
2026-04-06 22:12:58 | INFO | bridge_app | Task 2 [aider]:         return;
2026-04-06 22:12:58 | INFO | bridge_app | Task 2 [aider]: 
2026-04-06 22:12:58 | INFO | bridge_app | Task 2 [aider]:     }
2026-04-06 22:12:58 | INFO | bridge_app | Task 2 [aider]: 
2026-04-06 22:12:58 | INFO | bridge_app | Task 2 [aider]: 
2026-04-06 22:12:58 | INFO | bridge_app | Task 2 [aider]: 
2026-04-06 22:12:58 | INFO | bridge_app | Task 2 [aider]:     const mainWindow = getMainWindow();
2026-04-06 22:12:58 | INFO | bridge_app | Task 2 [aider]: 
2026-04-06 22:12:58 | INFO | bridge_app | Task 2 [aider]: 
2026-04-06 22:12:58 | INFO | bridge_app | Task 2 [aider]: 
2026-04-06 22:12:58 | INFO | bridge_app | Task 2 [aider]:     if (!mainWindow || mainWindow.isDestroyed() || !mainWindow.webContents)
2026-04-06 22:12:58 | INFO | bridge_app | Task 2 [aider]: 
2026-04-06 22:12:58 | INFO | bridge_app | Task 2 [aider]:     {
2026-04-06 22:12:58 | INFO | bridge_app | Task 2 [aider]: 
2026-04-06 22:12:58 | INFO | bridge_app | Task 2 [aider]:         return;
2026-04-06 22:12:58 | INFO | bridge_app | Task 2 [aider]: 
2026-04-06 22:12:58 | INFO | bridge_app | Task 2 [aider]:     }
2026-04-06 22:12:58 | INFO | bridge_app | Task 2 [aider]: 
2026-04-06 22:12:58 | INFO | bridge_app | Task 2 [aider]: 
2026-04-06 22:12:58 | INFO | bridge_app | Task 2 [aider]: 
2026-04-06 22:12:58 | INFO | bridge_app | Task 2 [aider]:     mainWindow.webContents.send("app:log", entry);
2026-04-06 22:12:58 | INFO | bridge_app | Task 2 [aider]: 
2026-04-06 22:12:58 | INFO | bridge_app | Task 2 [aider]: }
2026-04-06 22:12:58 | INFO | bridge_app | Task 2 [aider]: 
2026-04-06 22:12:58 | INFO | bridge_app | Task 2 [aider]: 
2026-04-06 22:12:58 | INFO | bridge_app | Task 2 [aider]: 
2026-04-06 22:12:58 | INFO | bridge_app | Task 2 [aider]: function updateStatus(partialStatus)
2026-04-06 22:12:58 | INFO | bridge_app | Task 2 [aider]: 
2026-04-06 22:12:58 | INFO | bridge_app | Task 2 [aider]: {
2026-04-06 22:12:58 | INFO | bridge_app | Task 2 [aider]: 
2026-04-06 22:12:58 | INFO | bridge_app | Task 2 [aider]:     status = {
2026-04-06 22:12:58 | INFO | bridge_app | Task 2 [aider]: 
2026-04-06 22:12:58 | INFO | bridge_app | Task 2 [aider]:         ...status,
2026-04-06 22:12:58 | INFO | bridge_app | Task 2 [aider]: 
2026-04-06 22:12:58 | INFO | bridge_app | Task 2 [aider]:         ...partialStatus
2026-04-06 22:12:58 | INFO | bridge_app | Task 2 [aider]: 
2026-04-06 22:12:58 | INFO | bridge_app | Task 2 [aider]:     };
2026-04-06 22:12:58 | INFO | bridge_app | Task 2 [aider]: 
2026-04-06 22:12:58 | INFO | bridge_app | Task 2 [aider]: }
2026-04-06 22:12:58 | INFO | bridge_app | Task 2 [aider]: 
2026-04-06 22:12:58 | INFO | bridge_app | Task 2 [aider]: 
2026-04-06 22:12:58 | INFO | bridge_app | Task 2 [aider]: 
2026-04-06 22:12:58 | INFO | bridge_app | Task 2 [aider]: function buildUploadCommand(payload)
2026-04-06 22:12:58 | INFO | bridge_app | Task 2 [aider]: 
2026-04-06 22:12:58 | INFO | bridge_app | Task 2 [aider]: {
2026-04-06 22:12:58 | INFO | bridge_app | Task 2 [aider]: 
2026-04-06 22:12:58 | INFO | bridge_app | Task 2 [aider]:     const platforms = payload.platforms || {};
2026-04-06 22:12:58 | INFO | bridge_app | Task 2 [aider]: 
2026-04-06 22:12:58 | INFO | bridge_app | Task 2 [aider]:     const options = payload.options || {};
2026-04-06 22:12:58 | INFO | bridge_app | Task 2 [aider]: 
2026-04-06 22:12:58 | INFO | bridge_app | Task 2 [aider]:     const youtubeEnabled = Boolean(platforms.youtube);
2026-04-06 22:12:58 | INFO | bridge_app | Task 2 [aider]: 
2026-04-06 22:12:58 | INFO | bridge_app | Task 2 [aider]:     const instagramEnabled = Boolean(platforms.instagram);
2026-04-06 22:12:58 | INFO | bridge_app | Task 2 [aider]: 
2026-04-06 22:12:58 | INFO | bridge_app | Task 2 [aider]:     const facebookEnabled = Boolean(platforms.facebook);
2026-04-06 22:12:58 | INFO | bridge_app | Task 2 [aider]: 
2026-04-06 22:12:58 | INFO | bridge_app | Task 2 [aider]:     const selectedMetaPlatform = instagramEnabled && facebookEnabled ? "both" :
2026-04-06 22:12:58 | INFO | bridge_app | Task 2 [aider]: instagramEnabled ? "instagram" : "facebook";
2026-04-06 22:12:58 | INFO | bridge_app | Task 2 [aider]: 
2026-04-06 22:12:58 | INFO | bridge_app | Task 2 [aider]: 
2026-04-06 22:12:58 | INFO | bridge_app | Task 2 [aider]: 
2026-04-06 22:12:58 | INFO | bridge_app | Task 2 [aider]:     if (!youtubeEnabled && !instagramEnabled && !facebookEnabled)
2026-04-06 22:12:58 | INFO | bridge_app | Task 2 [aider]: 
2026-04-06 22:12:58 | INFO | bridge_app | Task 2 [aider]:     {
2026-04-06 22:12:58 | INFO | bridge_app | Task 2 [aider]: 
2026-04-06 22:12:58 | INFO | bridge_app | Task 2 [aider]:         throw new Error("Select at least one platform before starting an 
2026-04-06 22:12:58 | INFO | bridge_app | Task 2 [aider]: upload.");
2026-04-06 22:12:58 | INFO | bridge_app | Task 2 [aider]: 
2026-04-06 22:12:58 | INFO | bridge_app | Task 2 [aider]:     }
2026-04-06 22:12:58 | INFO | bridge_app | Task 2 [aider]: 
2026-04-06 22:12:58 | INFO | bridge_app | Task 2 [aider]: 
2026-04-06 22:12:58 | INFO | bridge_app | Task 2 [aider]: 
2026-04-06 22:12:58 | INFO | bridge_app | Task 2 [aider]:     const maxVid = String((options.maxVideos && Number(options.maxVideos) >= 1)
2026-04-06 22:12:58 | INFO | bridge_app | Task 2 [aider]: ? Math.round(Number(options.maxVideos)) : 1);
2026-04-06 22:12:58 | INFO | bridge_app | Task 2 [aider]: 
2026-04-06 22:12:58 | INFO | bridge_app | Task 2 [aider]: 
2026-04-06 22:12:58 | INFO | bridge_app | Task 2 [aider]: 
2026-04-06 22:12:58 | INFO | bridge_app | Task 2 [aider]:     if (!youtubeEnabled && (instagramEnabled || facebookEnabled))
2026-04-06 22:12:58 | INFO | bridge_app | Task 2 [aider]: 
2026-04-06 22:12:58 | INFO | bridge_app | Task 2 [aider]:     {
2026-04-06 22:12:58 | INFO | bridge_app | Task 2 [aider]: 
2026-04-06 22:12:58 | INFO | bridge_app | Task 2 [aider]:         const metaArgs = [
2026-04-06 22:12:58 | INFO | bridge_app | Task 2 [aider]: 
2026-04-06 22:12:58 | INFO | bridge_app | Task 2 [aider]:             "--platform",
2026-04-06 22:12:58 | INFO | bridge_app | Task 2 [aider]: 
2026-04-06 22:12:58 | INFO | bridge_app | Task 2 [aider]:             selectedMetaPlatform,
2026-04-06 22:12:58 | INFO | bridge_app | Task 2 [aider]: 
2026-04-06 22:12:58 | INFO | bridge_app | Task 2 [aider]:             "--max-videos",
2026-04-06 22:12:58 | INFO | bridge_app | Task 2 [aider]: 
2026-04-06 22:12:58 | INFO | bridge_app | Task 2 [aider]:             maxVid
2026-04-06 22:12:58 | INFO | bridge_app | Task 2 [aider]: 
2026-04-06 22:12:58 | INFO | bridge_app | Task 2 [aider]:         ];
2026-04-06 22:12:58 | INFO | bridge_app | Task 2 [aider]: 
2026-04-06 22:12:58 | INFO | bridge_app | Task 2 [aider]:         if (options.videosRoot) { metaArgs.push("--root", options.videosRoot); 
2026-04-06 22:12:58 | INFO | bridge_app | Task 2 [aider]: }
2026-04-06 22:12:58 | INFO | bridge_app | Task 2 [aider]: 
2026-04-06 22:12:58 | INFO | bridge_app | Task 2 [aider]:         if (options.dryRun) { metaArgs.push("--dry-run"); }
2026-04-06 22:12:58 | INFO | bridge_app | Task 2 [aider]: 
2026-04-06 22:12:58 | INFO | bridge_app | Task 2 [aider]:         if (options.ffmpegBin) { metaArgs.push("--ffmpeg-bin", 
2026-04-06 22:12:58 | INFO | bridge_app | Task 2 [aider]: options.ffmpegBin); }
2026-04-06 22:12:58 | INFO | bridge_app | Task 2 [aider]: 
2026-04-06 22:12:58 | INFO | bridge_app | Task 2 [aider]:         if (options.ffprobeBin) { metaArgs.push("--ffprobe-bin", 
2026-04-06 22:12:58 | INFO | bridge_app | Task 2 [aider]: options.ffprobeBin); }
2026-04-06 22:12:58 | INFO | bridge_app | Task 2 [aider]: 
2026-04-06 22:12:58 | INFO | bridge_app | Task 2 [aider]:         if (options.extensions) { metaArgs.push("--extensions", 
2026-04-06 22:12:58 | INFO | bridge_app | Task 2 [aider]: options.extensions); } // New line
2026-04-06 22:12:58 | INFO | bridge_app | Task 2 [aider]: 
2026-04-06 22:12:58 | INFO | bridge_app | Task 2 [aider]:         if (options.excludeDirectories) { metaArgs.push("--exclude-dirs", 
2026-04-06 22:12:58 | INFO | bridge_app | Task 2 [aider]: options.excludeDirectories); } // New line
2026-04-06 22:12:58 | INFO | bridge_app | Task 2 [aider]: 
2026-04-06 22:12:58 | INFO | bridge_app | Task 2 [aider]:         if (options.excludeFiles) { metaArgs.push("--exclude-files", 
2026-04-06 22:12:58 | INFO | bridge_app | Task 2 [aider]: options.excludeFiles); } // New line
2026-04-06 22:12:58 | INFO | bridge_app | Task 2 [aider]: 
2026-04-06 22:12:58 | INFO | bridge_app | Task 2 [aider]:         if (options.requireUploadedOn) { metaArgs.push("--require-uploaded-on",
2026-04-06 22:12:58 | INFO | bridge_app | Task 2 [aider]: options.requireUploadedOn); } // New line
2026-04-06 22:12:58 | INFO | bridge_app | Task 2 [aider]: 
2026-04-06 22:12:58 | INFO | bridge_app | Task 2 [aider]:         if (options.requireMissingOn) { metaArgs.push("--require-missing-on", 
2026-04-06 22:12:58 | INFO | bridge_app | Task 2 [aider]: options.requireMissingOn); } // New line
2026-04-06 22:12:58 | INFO | bridge_app | Task 2 [aider]: 
2026-04-06 22:12:58 | INFO | bridge_app | Task 2 [aider]:         return {
2026-04-06 22:12:58 | INFO | bridge_app | Task 2 [aider]: 
2026-04-06 22:12:58 | INFO | bridge_app | Task 2 [aider]:             scriptName: "metaBatchReelsUpload.py",
2026-04-06 22:12:58 | INFO | bridge_app | Task 2 [aider]: 
2026-04-06 22:12:58 | INFO | bridge_app | Task 2 [aider]:             platformLabel: selectedMetaPlatform,
2026-04-06 22:12:58 | INFO | bridge_app | Task 2 [aider]: 
2026-04-06 22:12:58 | INFO | bridge_app | Task 2 [aider]:             scriptArgs: metaArgs
2026-04-06 22:12:58 | INFO | bridge_app | Task 2 [aider]: 
2026-04-06 22:12:58 | INFO | bridge_app | Task 2 [aider]:         };
2026-04-06 22:12:58 | INFO | bridge_app | Task 2 [aider]: 
2026-04-06 22:12:58 | INFO | bridge_app | Task 2 [aider]:     }
2026-04-06 22:12:58 | INFO | bridge_app | Task 2 [aider]: 
2026-04-06 22:12:58 | INFO | bridge_app | Task 2 [aider]: 
2026-04-06 22:12:58 | INFO | bridge_app | Task 2 [aider]: 
2026-04-06 22:12:58 | INFO | bridge_app | Task 2 [aider]:     const args = [
2026-04-06 22:12:58 | INFO | bridge_app | Task 2 [aider]: 
2026-04-06 22:12:58 | INFO | bridge_app | Task 2 [aider]:         "--upload-platform",
2026-04-06 22:12:58 | INFO | bridge_app | Task 2 [aider]: 
2026-04-06 22:12:58 | INFO | bridge_app | Task 2 [aider]:         "youtube",
2026-04-06 22:12:58 | INFO | bridge_app | Task 2 [aider]: 
2026-04-06 22:12:58 | INFO | bridge_app | Task 2 [aider]:         "--max-videos",
2026-04-06 22:12:58 | INFO | bridge_app | Task 2 [aider]: 
2026-04-06 22:12:58 | INFO | bridge_app | Task 2 [aider]:         maxVid,
2026-04-06 22:12:58 | INFO | bridge_app | Task 2 [aider]: 
2026-04-06 22:12:58 | INFO | bridge_app | Task 2 [aider]:         "--allow-fallback"
2026-04-06 22:12:58 | INFO | bridge_app | Task 2 [aider]: 
2026-04-06 22:12:58 | INFO | bridge_app | Task 2 [aider]:     ];
2026-04-06 22:12:58 | INFO | bridge_app | Task 2 [aider]: 
2026-04-06 22:12:58 | INFO | bridge_app | Task 2 [aider]: 
2026-04-06 22:12:58 | INFO | bridge_app | Task 2 [aider]: 
2026-04-06 22:12:58 | INFO | bridge_app | Task 2 [aider]:     if (options.includeShorts)
2026-04-06 22:12:58 | INFO | bridge_app | Task 2 [aider]: 
2026-04-06 22:12:58 | INFO | bridge_app | Task 2 [aider]:     {
2026-04-06 22:12:58 | INFO | bridge_app | Task 2 [aider]: 
2026-04-06 22:12:58 | INFO | bridge_app | Task 2 [aider]:         args.push("--shorts-policy", "convert");
2026-04-06 22:12:58 | INFO | bridge_app | Task 2 [aider]: 
2026-04-06 22:12:58 | INFO | bridge_app | Task 2 [aider]:     }
2026-04-06 22:12:58 | INFO | bridge_app | Task 2 [aider]: 
2026-04-06 22:12:58 | INFO | bridge_app | Task 2 [aider]:     else
2026-04-06 22:12:58 | INFO | bridge_app | Task 2 [aider]: 
2026-04-06 22:12:58 | INFO | bridge_app | Task 2 [aider]:     {
2026-04-06 22:12:58 | INFO | bridge_app | Task 2 [aider]: 
2026-04-06 22:12:58 | INFO | bridge_app | Task 2 [aider]:         args.push("--shorts-policy", "off");
2026-04-06 22:12:58 | INFO | bridge_app | Task 2 [aider]: 
2026-04-06 22:12:58 | INFO | bridge_app | Task 2 [aider]:     }
2026-04-06 22:12:58 | INFO | bridge_app | Task 2 [aider]: 
2026-04-06 22:12:58 | INFO | bridge_app | Task 2 [aider]: 
2026-04-06 22:12:58 | INFO | bridge_app | Task 2 [aider]: 
2026-04-06 22:12:58 | INFO | bridge_app | Task 2 [aider]:     if (!options.includeMetadata)
2026-04-06 22:12:58 | INFO | bridge_app | Task 2 [aider]: 
2026-04-06 22:12:58 | INFO | bridge_app | Task 2 [aider]:     {
2026-04-06 22:12:58 | INFO | bridge_app | Task 2 [aider]: 
2026-04-06 22:12:58 | INFO | bridge_app | Task 2 [aider]:         args.push("--no-ai");
2026-04-06 22:12:58 | INFO | bridge_app | Task 2 [aider]: 
2026-04-06 22:12:58 | INFO | bridge_app | Task 2 [aider]:     }
2026-04-06 22:12:58 | INFO | bridge_app | Task 2 [aider]: 
2026-04-06 22:12:58 | INFO | bridge_app | Task 2 [aider]: 
2026-04-06 22:12:58 | INFO | bridge_app | Task 2 [aider]: 
2026-04-06 22:12:58 | INFO | bridge_app | Task 2 [aider]:     if (!options.includeMusic)
2026-04-06 22:12:58 | INFO | bridge_app | Task 2 [aider]: 
2026-04-06 22:12:58 | INFO | bridge_app | Task 2 [aider]:     {
2026-04-06 22:12:58 | INFO | bridge_app | Task 2 [aider]: 
2026-04-06 22:12:58 | INFO | bridge_app | Task 2 [aider]:         args.push("--music-dir=");
2026-04-06 22:12:58 | INFO | bridge_app | Task 2 [aider]: 
2026-04-06 22:12:58 | INFO | bridge_app | Task 2 [aider]:     }
2026-04-06 22:12:58 | INFO | bridge_app | Task 2 [aider]: 
2026-04-06 22:12:58 | INFO | bridge_app | Task 2 [aider]: 
2026-04-06 22:12:58 | INFO | bridge_app | Task 2 [aider]: 
2026-04-06 22:12:58 | INFO | bridge_app | Task 2 [aider]:     if (instagramEnabled || facebookEnabled)
2026-04-06 22:12:58 | INFO | bridge_app | Task 2 [aider]: 
2026-04-06 22:12:58 | INFO | bridge_app | Task 2 [aider]:     {
2026-04-06 22:12:58 | INFO | bridge_app | Task 2 [aider]: 
2026-04-06 22:12:58 | INFO | bridge_app | Task 2 [aider]:         args.push("--crosspost-meta");
2026-04-06 22:12:58 | INFO | bridge_app | Task 2 [aider]: 
2026-04-06 22:12:58 | INFO | bridge_app | Task 2 [aider]:         args.push("--meta-platform", selectedMetaPlatform);
2026-04-06 22:12:58 | INFO | bridge_app | Task 2 [aider]: 
2026-04-06 22:12:58 | INFO | bridge_app | Task 2 [aider]:     }
2026-04-06 22:12:58 | INFO | bridge_app | Task 2 [aider]: 
2026-04-06 22:12:58 | INFO | bridge_app | Task 2 [aider]: 
2026-04-06 22:12:58 | INFO | bridge_app | Task 2 [aider]: 
2026-04-06 22:12:58 | INFO | bridge_app | Task 2 [aider]:     if (options.videosRoot) { args.push("--root", options.videosRoot); }
2026-04-06 22:12:58 | INFO | bridge_app | Task 2 [aider]: 
2026-04-06 22:12:58 | INFO | bridge_app | Task 2 [aider]:     if (options.privacy) { args.push("--privacy", options.privacy); }
2026-04-06 22:12:58 | INFO | bridge_app | Task 2 [aider]: 
2026-04-06 22:12:58 | INFO | bridge_app | Task 2 [aider]:     if (options.playlistName) { args.push("--playlist-name", 
2026-04-06 22:12:58 | INFO | bridge_app | Task 2 [aider]: options.playlistName); }
2026-04-06 22:12:58 | INFO | bridge_app | Task 2 [aider]: 
2026-04-06 22:12:58 | INFO | bridge_app | Task 2 [aider]:     if (options.dryRun) { args.push("--dry-run"); }
2026-04-06 22:12:58 | INFO | bridge_app | Task 2 [aider]: 
2026-04-06 22:12:58 | INFO | bridge_app | Task 2 [aider]:     if (options.ffmpegBin) { args.push("--ffmpeg-bin", options.ffmpegBin); }
2026-04-06 22:12:58 | INFO | bridge_app | Task 2 [aider]: 
2026-04-06 22:12:58 | INFO | bridge_app | Task 2 [aider]:     if (options.ffprobeBin) { args.push("--ffprobe-bin", options.ffprobeBin); }
2026-04-06 22:12:58 | INFO | bridge_app | Task 2 [aider]: 
2026-04-06 22:12:58 | INFO | bridge_app | Task 2 [aider]: 
2026-04-06 22:12:58 | INFO | bridge_app | Task 2 [aider]: 
2026-04-06 22:12:58 | INFO | bridge_app | Task 2 [aider]:     return {
2026-04-06 22:12:58 | INFO | bridge_app | Task 2 [aider]: 
2026-04-06 22:12:58 | INFO | bridge_app | Task 2 [aider]:         scriptName: "youtubeBatchUpload.py",
2026-04-06 22:12:58 | INFO | bridge_app | Task 2 [aider]: 
2026-04-06 22:12:58 | INFO | bridge_app | Task 2 [aider]:         platformLabel: instagramEnabled || facebookEnabled ? "youtube+" + 
2026-04-06 22:12:58 | INFO | bridge_app | Task 2 [aider]: selectedMetaPlatform : "youtube",
2026-04-06 22:12:58 | INFO | bridge_app | Task 2 [aider]: 
2026-04-06 22:12:58 | INFO | bridge_app | Task 2 [aider]:         scriptArgs: args
2026-04-06 22:12:58 | INFO | bridge_app | Task 2 [aider]: 
2026-04-06 22:12:58 | INFO | bridge_app | Task 2 [aider]:     };
2026-04-06 22:12:58 | INFO | bridge_app | Task 2 [aider]: 
2026-04-06 22:12:58 | INFO | bridge_app | Task 2 [aider]: }
2026-04-06 22:12:58 | INFO | bridge_app | Task 2 [aider]: 
2026-04-06 22:12:58 | INFO | bridge_app | Task 2 [aider]: 
2026-04-06 22:12:58 | INFO | bridge_app | Task 2 [aider]: 
2026-04-06 22:12:58 | INFO | bridge_app | Task 2 [aider]: module.exports = {
2026-04-06 22:12:58 | INFO | bridge_app | Task 2 [aider]: 
2026-04-06 22:12:58 | INFO | bridge_app | Task 2 [aider]:     attachWindowGetter: attachWindowGetter,
2026-04-06 22:12:58 | INFO | bridge_app | Task 2 [aider]: 
2026-04-06 22:12:58 | INFO | bridge_app | Task 2 [aider]:     getUploadStatus: getUploadStatus,
2026-04-06 22:12:58 | INFO | bridge_app | Task 2 [aider]: 
2026-04-06 22:12:58 | INFO | bridge_app | Task 2 [aider]:     runUpload: runUpload,
2026-04-06 22:12:58 | INFO | bridge_app | Task 2 [aider]: 
2026-04-06 22:12:58 | INFO | bridge_app | Task 2 [aider]:     stopUpload: stopUpload,
2026-04-06 22:12:58 | INFO | bridge_app | Task 2 [aider]: 
2026-04-06 22:12:58 | INFO | bridge_app | Task 2 [aider]:     streamLog: streamLog
2026-04-06 22:12:58 | INFO | bridge_app | Task 2 [aider]: 
2026-04-06 22:12:58 | INFO | bridge_app | Task 2 [aider]: };
2026-04-06 22:12:58 | INFO | bridge_app | Task 2 [aider]: 
2026-04-06 22:12:58 | INFO | bridge_app | Task 2 [aider]: ```
2026-04-06 22:12:58 | INFO | bridge_app | Task 2 [aider]: 
2026-04-06 22:12:58 | INFO | bridge_app | Task 2 [aider]: Tokens: 5.9k sent, 2.1k received.
2026-04-06 22:12:58 | INFO | bridge_app | Task 2 [aider]: 
2026-04-06 22:12:58 | INFO | bridge_app | Task 2 [aider]: metaBatchReelsUpload.py
2026-04-06 22:12:58 | INFO | bridge_app | Task 2 [aider]: 
2026-04-06 22:12:58 | INFO | bridge_app | Task 2 [aider]: youtubeBatchUpload.py
2026-04-06 22:12:59 | INFO | bridge_app | Task 2 [aider]: Warning: it's best to only add files that need changes to the chat.
2026-04-06 22:12:59 | INFO | bridge_app | Task 2 [aider]: https://aider.chat/docs/troubleshooting/edit-errors.html
2026-04-06 22:12:59 | INFO | bridge_app | Task 2 [aider]: Your estimated chat context of 33,366 tokens exceeds the 32,768 token limit for
2026-04-06 22:12:59 | INFO | bridge_app | Task 2 [aider]: ollama/qwen2.5-coder:7b!
2026-04-06 22:12:59 | INFO | bridge_app | Task 2 [aider]: To reduce the chat context:
2026-04-06 22:12:59 | INFO | bridge_app | Task 2 [aider]: - Use /drop to remove unneeded files from the chat
2026-04-06 22:12:59 | INFO | bridge_app | Task 2 [aider]: - Use /clear to clear the chat history
2026-04-06 22:12:59 | INFO | bridge_app | Task 2 [aider]: - Break your code into smaller files
2026-04-06 22:12:59 | INFO | bridge_app | Task 2 [aider]: It's probably safe to try and send the request, most providers won't charge if 
2026-04-06 22:12:59 | INFO | bridge_app | Task 2 [aider]: the context limit is exceeded.
2026-04-06 22:13:32 | INFO | bridge_app | Task 2 [aider]: No other files need to be added for this task. The changes will only affect 
2026-04-06 22:13:32 | INFO | bridge_app | Task 2 [aider]: `uploadService.js`.
2026-04-06 22:13:32 | INFO | bridge_app | Task 2 [aider]: 
2026-04-06 22:13:32 | INFO | bridge_app | Task 2 [aider]: Tokens: 33k sent, 22 received.
2026-04-06 22:13:32 | WARNING | bridge_app | Task 2: Aider exited 0 but these file(s) are unchanged: uploadService.js
2026-04-06 22:13:32 | WARNING | bridge_app | Task 2: Aider failed (exit 0): Aider exit code 0: Aider reported success but did not modify: uploadService.js. Implement the task completely — do not skip or stub.
2026-04-06 22:13:32 | INFO | bridge_app | Task 2: failure classified as 'context_overflow' — Remove repo-map, strip context files, minimize prompt
2026-04-06 22:13:32 | ERROR | bridge_app | Task 2: same error repeated 2 times — aborting retries: Aider exit code 0: Aider reported success but did not modify: uploadService.js. Implement the task completely — do not skip or stub.
2026-04-06 22:13:32 | INFO | bridge_app | Task 2: rolled back to a3fe1da2 after failure
2026-04-06 22:13:32 | ERROR | bridge_app | Bridge run failed after 345.8s: Task 2: same error repeated — Aider exit code 0: Aider reported success but did not modify: uploadService.js. Implement the task completely — do not skip or stub.
Traceback (most recent call last):
  File "D:\Chitrang_ViitorCloud\R&D\codex-aider-bridge-app\main.py", line 2180, in main
    task_diff = execute_task_with_review(
        task, config, supervisor, manual_supervisor, selector,
    ...<4 lines>...
        model_override=_task_model_override,
    )
  File "D:\Chitrang_ViitorCloud\R&D\codex-aider-bridge-app\main.py", line 1034, in execute_task_with_review
    raise RuntimeError(
        f"Task {current_task.id}: same error repeated — {_failure_reasons[-1]}"
    )
RuntimeError: Task 2: same error repeated — Aider exit code 0: Aider reported success but did not modify: uploadService.js. Implement the task completely — do not skip or stub.
2026-04-06 22:13:32 | WARNING | bridge_app | To undo all changes made during this run:  git reset --hard f1941788567a98a4361d78b7d839ae4a58042d57
